# Created by Kenney (www.kenney.nl)

mtllib ship-large.mtl

g ship-large

v 0.8299999 3.15 -4.252 1 1 1
v 1.8 3.15 -4.252 1 1 1
v 0.8299999 3.325 -4.252 1 1 1
v 1.8 3.325 -4.252 1 1 1
v 0.8299999 2.1 -3.199 1 1 1
v 1.8 2.1 -3.199 1 1 1
v 0.8299999 2.275 -3.199 1 1 1
v 1.8 2.275 -3.199 1 1 1
v 0.8299999 2.8 -3.901 1 1 1
v 1.8 2.8 -3.901 1 1 1
v 0.8299999 2.975 -3.901 1 1 1
v 1.8 2.975 -3.901 1 1 1
v 0.8299999 2.45 -3.55 1 1 1
v 1.8 2.45 -3.55 1 1 1
v 0.8299999 2.625 -3.55 1 1 1
v 1.8 2.625 -3.55 1 1 1
v 0.8299999 2.40625 -3.099 1 1 1
v 0.8299999 2.45 -3.14275 1 1 1
v 0.8299999 2.275 -3.099 1 1 1
v 0.8299999 2.1 -3.55 1 1 1
v 0.8299999 2.625 -3.901 1 1 1
v 0.8299999 2.8 -3.49375 1 1 1
v 0.8299999 2.625 -3.45 1 1 1
v 0.8299999 2.75625 -3.45 1 1 1
v 2 1.9 -2.4375 1 1 1
v 2.3 1.9 -2.4375 1 1 1
v 2 2.1 -2.4375 1 1 1
v 2.3 2.1 -2.4375 1 1 1
v 2.4 2.1 -2.3375 1 1 1
v 2.4 1.9 -2.3375 1 1 1
v 2.4 2.1 -1.2625 1 1 1
v 2.4 1.9 -1.2625 1 1 1
v 2.3 1.9 -1.1625 1 1 1
v 2 1.9 -1.1625 1 1 1
v 2.3 2.1 -1.1625 1 1 1
v 2 2.1 -1.1625 1 1 1
v -2 1.9 -1.1625 1 1 1
v -2.3 1.9 -1.1625 1 1 1
v -2 2.1 -1.1625 1 1 1
v -2.3 2.1 -1.1625 1 1 1
v -2.4 2.1 -1.2625 1 1 1
v -2.4 1.9 -1.2625 1 1 1
v -2.4 2.1 -2.3375 1 1 1
v -2.4 1.9 -2.3375 1 1 1
v -2.3 1.9 -2.4375 1 1 1
v -2 1.9 -2.4375 1 1 1
v -2.3 2.1 -2.4375 1 1 1
v -2 2.1 -2.4375 1 1 1
v 1.8 2.1 1.65 1 1 1
v -1.8 2.1 1.65 1 1 1
v 1.8 2.1 2.391708 1 1 1
v 0.1702732 2.1 4.95 1 1 1
v -0.1702732 2.1 4.95 1 1 1
v -1.8 2.1 2.391708 1 1 1
v 1.8 2.8 1.65 1 1 1
v 1.8 2.8 2.391708 1 1 1
v -1.8 2.8 1.65 1 1 1
v 0.1702732 2.8 4.95 1 1 1
v -0.1702732 2.8 4.95 1 1 1
v -1.8 2.8 2.391708 1 1 1
v 2.150054 4.63852 -5.173284 1 1 1
v -2.249946 4.63852 -5.173284 1 1 1
v 2.150054 4.86352 -5.173284 1 1 1
v -2.249946 4.86352 -5.173284 1 1 1
v 2.150054 4.63852 -5.398284 1 1 1
v -2.249946 4.63852 -5.398284 1 1 1
v -2.249946 4.86352 -5.398284 1 1 1
v 2.150054 4.86352 -5.398284 1 1 1
v 0.1299038 6.843 4.140323 1 1 1
v 0.1299038 6.843 4.290322 1 1 1
v -1.227249E-14 6.843 4.065322 1 1 1
v -1.227249E-14 6.843 4.365323 1 1 1
v -0.1299038 6.843 4.140323 1 1 1
v -0.1299038 6.843 4.290322 1 1 1
v 0.28 3.202534 5.35 1 1 1
v 0.28 2.8 5.35 1 1 1
v 0.21 3.202534 6.55 1 1 1
v 0.21 3.026742 6.55 1 1 1
v -0.28 2.8 5.35 1 1 1
v -0.21 3.026742 6.55 1 1 1
v -0.28 3.202534 5.35 1 1 1
v -0.21 3.202534 6.55 1 1 1
v 0.1798751 3.3 5.35 1 1 1
v 0.1098751 3.3 6.55 1 1 1
v -0.1798751 3.3 5.35 1 1 1
v -0.1098751 3.3 6.55 1 1 1
v -0.8299999 3.15 -4.252 1 1 1
v -1.8 3.15 -4.252 1 1 1
v -0.8299999 3.325 -4.252 1 1 1
v -1.8 3.325 -4.252 1 1 1
v -0.8299999 2.1 -3.199 1 1 1
v -1.8 2.1 -3.199 1 1 1
v -0.8299999 2.275 -3.199 1 1 1
v -1.8 2.275 -3.199 1 1 1
v -0.8299999 2.8 -3.901 1 1 1
v -1.8 2.8 -3.901 1 1 1
v -0.8299999 2.975 -3.901 1 1 1
v -1.8 2.975 -3.901 1 1 1
v -0.8299999 2.45 -3.55 1 1 1
v -1.8 2.45 -3.55 1 1 1
v -0.8299999 2.625 -3.55 1 1 1
v -1.8 2.625 -3.55 1 1 1
v -0.8299999 2.40625 -3.099 1 1 1
v -0.8299999 2.45 -3.14275 1 1 1
v -0.8299999 2.275 -3.099 1 1 1
v -0.8299999 2.1 -3.55 1 1 1
v -0.8299999 2.625 -3.901 1 1 1
v -0.8299999 2.8 -3.49375 1 1 1
v -0.8299999 2.625 -3.45 1 1 1
v -0.8299999 2.75625 -3.45 1 1 1
v 0.2643659 4.103146 -3.83468 1 1 1
v 0.34048 3.91939 -3.83468 1 1 1
v 0.2643659 4.103146 -3.71156 1 1 1
v 0.34048 3.91939 -3.71156 1 1 1
v 1.840874E-13 4.25987 -3.83468 1 1 1
v 1.840874E-13 4.25987 -3.71156 1 1 1
v -0.1837557 4.183756 -3.83468 1 1 1
v -0.1837557 4.183756 -3.71156 1 1 1
v -0.2145024 3.91939 -3.83468 1 1 1
v -0.1752863 3.824714 -3.83468 1 1 1
v -0.2145024 3.91939 -3.71156 1 1 1
v -0.1752863 3.824714 -3.71156 1 1 1
v 1.032333E-13 4.133893 -3.71156 1 1 1
v 1.032333E-13 4.133893 -3.83468 1 1 1
v -0.0946761 4.094676 -3.71156 1 1 1
v -0.0946761 4.094676 -3.83468 1 1 1
v 0.1837557 4.183756 -3.83468 1 1 1
v 0.0946761 4.094676 -3.83468 1 1 1
v -0.2643659 4.103146 -3.83468 1 1 1
v -0.2643659 4.103146 -3.71156 1 1 1
v -0.34048 3.91939 -3.83468 1 1 1
v -0.34048 3.91939 -3.71156 1 1 1
v 0.0946761 3.744104 -3.83468 1 1 1
v 0.0946761 3.744104 -3.71156 1 1 1
v -1.508795E-13 3.704888 -3.83468 1 1 1
v -1.508795E-13 3.704888 -3.71156 1 1 1
v 0.0946761 4.094676 -3.71156 1 1 1
v -0.2643659 3.735634 -3.71156 1 1 1
v -0.1752863 4.014066 -3.71156 1 1 1
v 0.2643659 3.735634 -3.83468 1 1 1
v 0.1752863 3.824714 -3.83468 1 1 1
v 0.2145024 3.91939 -3.83468 1 1 1
v 0.1752863 4.014066 -3.83468 1 1 1
v -0.1837557 3.655024 -3.83468 1 1 1
v -0.0946761 3.744104 -3.83468 1 1 1
v 0.1837557 3.655024 -3.83468 1 1 1
v -2.20183E-13 3.57891 -3.83468 1 1 1
v 0.1752863 4.014066 -3.71156 1 1 1
v 0.2145024 3.91939 -3.71156 1 1 1
v -0.2643659 3.735634 -3.83468 1 1 1
v -0.1752863 4.014066 -3.83468 1 1 1
v 0.1837557 4.183756 -3.71156 1 1 1
v -0.1837557 3.655024 -3.71156 1 1 1
v -0.0946761 3.744104 -3.71156 1 1 1
v 0.1837557 3.655024 -3.71156 1 1 1
v -2.20183E-13 3.57891 -3.71156 1 1 1
v 0.1752863 3.824714 -3.71156 1 1 1
v 0.2643659 3.735634 -3.71156 1 1 1
v 2.2 3.23852 -0.1313403 1 1 1
v -2.2 3.23852 -0.1313403 1 1 1
v 2.2 3.46352 -0.1313403 1 1 1
v -2.2 3.46352 -0.1313403 1 1 1
v 2.2 3.23852 -0.3563402 1 1 1
v -2.2 3.23852 -0.3563402 1 1 1
v -2.2 3.46352 -0.3563402 1 1 1
v 2.2 3.46352 -0.3563402 1 1 1
v 0.3464102 7.7 -0.1417339 1 1 1
v 0.3464102 7.7 -0.5417339 1 1 1
v -5.05338E-15 7.7 0.05826613 1 1 1
v -5.05338E-15 7.7 -0.7417339 1 1 1
v -0.3464102 7.7 -0.1417339 1 1 1
v -0.3464102 7.7 -0.5417339 1 1 1
v 0.4849742 8.5 -0.6217339 1 1 1
v 0.4849742 8.5 -0.06173387 1 1 1
v -7.941025E-15 8.5 -0.9017339 1 1 1
v -0.4849742 8.5 -0.6217339 1 1 1
v -0.4849742 8.5 -0.06173387 1 1 1
v -7.941025E-15 8.5 0.2182661 1 1 1
v 0.3225228 7.8 -0.5279425 1 1 1
v 0.3225228 7.8 -0.1555253 1 1 1
v -5.05338E-15 7.8 -0.7141511 1 1 1
v -5.05338E-15 7.8 0.03068337 1 1 1
v -0.3225228 7.8 -0.5279425 1 1 1
v -0.3225228 7.8 -0.1555253 1 1 1
v -5.05338E-15 8.5 -0.7141511 1 1 1
v -0.3225228 8.5 -0.5279425 1 1 1
v -0.3225228 8.5 -0.1555253 1 1 1
v -5.05338E-15 8.5 0.03068337 1 1 1
v 0.3225228 8.5 -0.1555253 1 1 1
v 0.3225228 8.5 -0.5279425 1 1 1
v 0.1299038 9.96352 -0.4177339 1 1 1
v 0.1299038 9.96352 -0.2677339 1 1 1
v -1.227249E-14 9.96352 -0.4927339 1 1 1
v -1.227249E-14 9.96352 -0.1927339 1 1 1
v -0.1299038 9.96352 -0.4177339 1 1 1
v -0.1299038 9.96352 -0.2677339 1 1 1
v 2.2 7.538519 -0.1313403 1 1 1
v -2.2 7.538519 -0.1313403 1 1 1
v 2.2 7.763519 -0.1313403 1 1 1
v -2.2 7.763519 -0.1313403 1 1 1
v 2.2 7.538519 -0.3563402 1 1 1
v -2.2 7.538519 -0.3563402 1 1 1
v -2.2 7.763519 -0.3563402 1 1 1
v 2.2 7.763519 -0.3563402 1 1 1
v 0.2480242 2.9 -0.4859307 1 1 1
v 0.2480242 2.9 -0.1995371 1 1 1
v -8.655718E-15 2.9 -0.6291275 1 1 1
v -8.655718E-15 2.9 -0.05634025 1 1 1
v -0.2480242 2.9 -0.4859307 1 1 1
v -0.2480242 2.9 -0.1995371 1 1 1
v 0.3401175 2.1 -0.5391008 1 1 1
v 0.3401175 2.1 -0.146367 1 1 1
v -3.83335E-15 2.1 -0.7354678 1 1 1
v -3.83335E-15 2.1 0.04999998 1 1 1
v -0.3401175 2.1 -0.146367 1 1 1
v -0.3401175 2.1 -0.5391008 1 1 1
v 0.1299038 9.4 -5.432266 1 1 1
v 0.1299038 9.4 -5.282266 1 1 1
v -6.497203E-15 9.4 -5.507266 1 1 1
v -6.497203E-15 9.4 -5.207266 1 1 1
v -0.1299038 9.4 -5.432266 1 1 1
v -0.1299038 9.4 -5.282266 1 1 1
v 2.150054 7.83852 -5.173284 1 1 1
v -2.249946 7.83852 -5.173284 1 1 1
v 2.150054 8.06352 -5.173284 1 1 1
v -2.249946 8.06352 -5.173284 1 1 1
v 2.150054 7.83852 -5.398284 1 1 1
v -2.249946 7.83852 -5.398284 1 1 1
v -2.249946 8.06352 -5.398284 1 1 1
v 2.150054 8.06352 -5.398284 1 1 1
v 0.2480242 4.3 -5.500463 1 1 1
v 0.2480242 4.3 -5.214069 1 1 1
v -5.29161E-15 4.3 -5.64366 1 1 1
v -5.29161E-15 4.3 -5.070872 1 1 1
v -0.2480242 4.3 -5.500463 1 1 1
v -0.2480242 4.3 -5.214069 1 1 1
v 0.3401175 3.5 -5.553633 1 1 1
v 0.3401175 3.5 -5.160899 1 1 1
v 1.941942E-15 3.5 -5.75 1 1 1
v 1.941942E-15 3.5 -4.964532 1 1 1
v -0.3401175 3.5 -5.160899 1 1 1
v -0.3401175 3.5 -5.553633 1 1 1
v -0.65 2.1 -1.2625 1 1 1
v 0.65 2.1 -1.2625 1 1 1
v -2 2.1 2.45 1 1 1
v -0.75 2.1 -1.3625 1 1 1
v 0.75 2.1 -1.3625 1 1 1
v 2 2.1 2.45 1 1 1
v 0.75 2.1 -2.6625 1 1 1
v 2 2.1 -3.55 1 1 1
v 0.65 2.1 -2.7625 1 1 1
v -2 2.1 -3.55 1 1 1
v -0.75 2.1 -2.6625 1 1 1
v -0.65 2.1 -2.7625 1 1 1
v 1.8 2.1 -2.888982 1 1 1
v 1.8 3.5 -3.818241 1 1 1
v 2 2.1 -2.888982 1 1 1
v 2 3.5 -3.818241 1 1 1
v 2 3.5 -6.349999 1 1 1
v 2 3.5 -4.603 1 1 1
v 0.83 3.5 -6.349999 1 1 1
v 1.8 3.5 -4.603 1 1 1
v 0.83 3.5 -4.603 1 1 1
v -0.83 3.5 -6.349999 1 1 1
v 0.83 3.5 -3.55 1 1 1
v -0.83 3.5 -3.55 1 1 1
v -0.83 3.5 -4.603 1 1 1
v -2 3.5 -6.349999 1 1 1
v -1.8 3.5 -4.603 1 1 1
v -2 3.5 -4.603 1 1 1
v -1.8 3.5 -3.818241 1 1 1
v -2 3.5 -3.818241 1 1 1
v 1.8 2.1 -4.603 1 1 1
v 1.8 2.1 -3.199 1 1 1
v -1.8 2.1 -2.888982 1 1 1
v -2 2.1 -2.888982 1 1 1
v -1.8 2.1 -4.603 1 1 1
v -1.8 2.1 -3.199 1 1 1
v -0.83 2.1 -4.603 1 1 1
v -0.83 2.1 -3.55 1 1 1
v 0.83 2.1 -3.55 1 1 1
v 0.83 2.1 -4.603 1 1 1
v -0.28 1.089 5.15 1 1 1
v -1.1 0.2 2.45 1 1 1
v -1.7 0.7 2.45 1 1 1
v -2 1.5 2.45 1 1 1
v 2 1.5 2.45 1 1 1
v 1.7 0.7 2.45 1 1 1
v 0.28 1.089 5.15 1 1 1
v 1.1 0.2 2.45 1 1 1
v -1.7 0.7 -5.35 1 1 1
v 1.7 0.7 -5.35 1 1 1
v -2 1.5 -5.85 1 1 1
v 2 1.5 -5.85 1 1 1
v 1.1 0.2 -5.35 1 1 1
v 1.1 0.2 -2.888982 1 1 1
v 1.7 0.7 -2.888982 1 1 1
v -2 2.1 -5.85 1 1 1
v -2 1.5 -2.888982 1 1 1
v -2 3.5 -4.603 1 1 1
v -2 3.5 -6.35 1 1 1
v -2 2.8 -6.35 1 1 1
v -2 3.5 -3.818241 1 1 1
v -2 2.1 -2.888982 1 1 1
v -2 2.1 2.45 1 1 1
v 2 1.5 -2.888982 1 1 1
v -1.1 0.2 -5.35 1 1 1
v 0.28 2.1 5.15 1 1 1
v -0.28 2.1 5.15 1 1 1
v 2 2.8 -6.35 1 1 1
v 2 3.5 -6.35 1 1 1
v -0.83 3.5 -6.35 1 1 1
v 0.83 3.5 -6.35 1 1 1
v 2 2.1 -5.85 1 1 1
v 2 2.1 2.45 1 1 1
v 2 3.5 -4.603 1 1 1
v 2 3.5 -3.818241 1 1 1
v 2 2.1 -2.888982 1 1 1
v -1.7 0.7 -2.888982 1 1 1
v -1.1 0.2 -2.888982 1 1 1
v -2.2 1.5 -3.918241 1 1 1
v -2.2 1.9 -3.918241 1 1 1
v -2.1 1.5 -3.818241 1 1 1
v -2.1 1.9 -3.818241 1 1 1
v -2 1.5 -3.818241 1 1 1
v -2.1 1.5 -6.05 1 1 1
v -2.2 1.5 -5.95 1 1 1
v 2.1 1.5 -6.05 1 1 1
v 2 1.5 -3.818241 1 1 1
v 2.1 1.5 -3.818241 1 1 1
v 2.2 1.5 -5.95 1 1 1
v 2.2 1.5 -3.918241 1 1 1
v 2.2 1.9 -5.95 1 1 1
v 2.2 1.9 -3.918241 1 1 1
v 2.1 1.9 -6.05 1 1 1
v 2.1 1.9 -3.818241 1 1 1
v 2 1.9 -5.85 1 1 1
v 2 1.9 -3.818241 1 1 1
v -2.1 1.9 -6.05 1 1 1
v -2 1.9 -5.85 1 1 1
v -2 1.9 -3.818241 1 1 1
v -2.2 1.9 -5.95 1 1 1
v 0.8299999 3.5 -4.603 1 1 1
v 0.8299999 3.5 -4.19575 1 1 1
v 1.8 3.5 -4.19575 1 1 1
v 0.8299999 3.15 -3.84475 1 1 1
v 1.8 3.15 -3.84475 1 1 1
v 0.8299999 3.325 -4.152 1 1 1
v 1.8 3.325 -4.152 1 1 1
v 0.8299999 3.45625 -4.152 1 1 1
v 1.8 3.45625 -4.152 1 1 1
v 0.8299999 2.975 -3.801 1 1 1
v 1.8 2.975 -3.801 1 1 1
v 0.8299999 3.10625 -3.801 1 1 1
v 1.8 3.10625 -3.801 1 1 1
v 1.8 2.625 -3.45 1 1 1
v 1.8 2.75625 -3.45 1 1 1
v 1.8 2.275 -3.099 1 1 1
v 1.8 2.40625 -3.099 1 1 1
v 1.8 2.45 -3.14275 1 1 1
v 1.8 2.8 -3.49375 1 1 1
v 1.8 2.625 1.199 1 1 1
v 0.8299999 2.625 1.199 1 1 1
v 1.8 2.75625 1.199 1 1 1
v 0.8299999 2.75625 1.199 1 1 1
v 1.8 2.625 1.299 1 1 1
v 0.8299999 2.625 1.299 1 1 1
v 1.8 2.275 0.8479999 1 1 1
v 0.8299999 2.275 0.8479999 1 1 1
v 1.8 2.40625 0.8479999 1 1 1
v 0.8299999 2.40625 0.8479999 1 1 1
v 1.8 2.275 0.948 1 1 1
v 0.8299999 2.275 0.948 1 1 1
v 1.8 2.45 1.299 1 1 1
v 1.8 2.45 0.89175 1 1 1
v 0.8299999 2.45 1.299 1 1 1
v 0.8299999 2.45 0.89175 1 1 1
v 1.8 2.8 1.65 1 1 1
v 1.8 2.8 1.24275 1 1 1
v 0.8299999 2.8 1.65 1 1 1
v 0.8299999 2.8 1.24275 1 1 1
v 0.1740711 2.8 4.315823 1 1 1
v 0.1740711 2.8 4.114822 1 1 1
v -1.227249E-14 2.8 4.416323 1 1 1
v -1.227249E-14 2.8 4.014322 1 1 1
v -0.1740711 2.8 4.315823 1 1 1
v -0.1740711 2.8 4.114822 1 1 1
v 0.4000001 2.939782 -3.55 1 1 1
v 0.4000001 2.939782 -3.35 1 1 1
v 0.2944948 3.194495 -3.55 1 1 1
v 0.2944948 3.194495 -3.35 1 1 1
v -8.817923E-09 3.316478 -3.35 1 1 1
v 1.502394E-08 3.316478 -3.55 1 1 1
v -0.2944947 3.194495 -3.35 1 1 1
v -0.2944947 3.194495 -3.55 1 1 1
v -0.4000001 2.939782 -3.35 1 1 1
v -0.4000001 2.939782 -3.55 1 1 1
v -0.2 2.1 -3.5 1 1 1
v -0.2 2.1 -3.35 1 1 1
v -0.2 2.9 -3.5 1 1 1
v -0.2 2.9 -3.35 1 1 1
v -0.1414214 3.041421 -3.5 1 1 1
v -0.1414214 3.041421 -3.35 1 1 1
v -1.043081E-08 3.1 -3.35 1 1 1
v 7.450581E-09 3.1 -3.5 1 1 1
v 0.1414214 3.041421 -3.35 1 1 1
v 0.1414214 3.041421 -3.5 1 1 1
v 0.2 2.9 -3.35 1 1 1
v 0.2 2.9 -3.5 1 1 1
v 0.2 2.1 -3.35 1 1 1
v 0.2 2.1 -3.5 1 1 1
v -0.4000001 2.1 -3.35 1 1 1
v -0.4000001 2.1 -3.55 1 1 1
v 0.4000001 2.1 -3.35 1 1 1
v 0.4000001 2.1 -3.55 1 1 1
v 2 2.939782 -5.05 1 1 1
v 2.1 2.939782 -5.05 1 1 1
v 2 3.194495 -4.944494 1 1 1
v 2.1 3.194495 -4.944494 1 1 1
v 2.1 3.316478 -4.65 1 1 1
v 2 3.316478 -4.65 1 1 1
v 2.1 3.194495 -4.355505 1 1 1
v 2 3.194495 -4.355505 1 1 1
v 2.1 2.939782 -4.25 1 1 1
v 2 2.939782 -4.25 1 1 1
v 2.1 2.2 -4.25 1 1 1
v 2 2.2 -4.25 1 1 1
v 2.05 2.3 -4.45 1 1 1
v 2.1 2.3 -4.45 1 1 1
v 2.05 2.9 -4.45 1 1 1
v 2.1 2.9 -4.45 1 1 1
v 2.05 3.041421 -4.508578 1 1 1
v 2.1 3.041421 -4.508578 1 1 1
v 2.1 3.1 -4.65 1 1 1
v 2.05 3.1 -4.65 1 1 1
v 2.1 3.041421 -4.791421 1 1 1
v 2.05 3.041421 -4.791421 1 1 1
v 2.1 2.9 -4.849999 1 1 1
v 2.05 2.9 -4.849999 1 1 1
v 2.1 2.3 -4.849999 1 1 1
v 2.05 2.3 -4.849999 1 1 1
v 2 2.2 -5.05 1 1 1
v 2.1 2.2 -5.05 1 1 1
v 2.1 2.1 -4.349999 1 1 1
v 2.1 2.1 -4.95 1 1 1
v 2 2.1 -4.349999 1 1 1
v 2 2.1 -4.95 1 1 1
v 2.1 2.129289 -5.02071 1 1 1
v 2 2.129289 -5.02071 1 1 1
v 2.1 2.129289 -4.279289 1 1 1
v 2 2.129289 -4.279289 1 1 1
v -0.8299999 2.625 1.199 1 1 1
v -1.8 2.625 1.199 1 1 1
v -0.8299999 2.75625 1.199 1 1 1
v -1.8 2.75625 1.199 1 1 1
v -0.8299999 2.625 1.299 1 1 1
v -1.8 2.625 1.299 1 1 1
v -0.8299999 2.275 0.8479999 1 1 1
v -1.8 2.275 0.8479999 1 1 1
v -0.8299999 2.40625 0.8479999 1 1 1
v -1.8 2.40625 0.8479999 1 1 1
v -0.8299999 2.275 0.948 1 1 1
v -1.8 2.275 0.948 1 1 1
v -0.8299999 2.45 1.299 1 1 1
v -0.8299999 2.45 0.89175 1 1 1
v -1.8 2.45 1.299 1 1 1
v -1.8 2.45 0.89175 1 1 1
v -0.8299999 2.8 1.65 1 1 1
v -0.8299999 2.8 1.24275 1 1 1
v -1.8 2.8 1.65 1 1 1
v -1.8 2.8 1.24275 1 1 1
v -0.8299999 3.5 -4.603 1 1 1
v -0.8299999 3.5 -4.19575 1 1 1
v -1.8 3.5 -4.19575 1 1 1
v -0.8299999 3.15 -3.84475 1 1 1
v -1.8 3.15 -3.84475 1 1 1
v -0.8299999 3.325 -4.152 1 1 1
v -1.8 3.325 -4.152 1 1 1
v -0.8299999 3.45625 -4.152 1 1 1
v -1.8 3.45625 -4.152 1 1 1
v -0.8299999 2.975 -3.801 1 1 1
v -1.8 2.975 -3.801 1 1 1
v -0.8299999 3.10625 -3.801 1 1 1
v -1.8 3.10625 -3.801 1 1 1
v -1.8 2.625 -3.45 1 1 1
v -1.8 2.75625 -3.45 1 1 1
v -1.8 2.275 -3.099 1 1 1
v -1.8 2.40625 -3.099 1 1 1
v -1.8 2.45 -3.14275 1 1 1
v -1.8 2.8 -3.49375 1 1 1
v 0.2821356 4.282136 -3.89624 1 1 1
v 0.3627458 4.201526 -3.89624 1 1 1
v 0.2821356 4.282136 -3.65 1 1 1
v 0.3627458 4.201526 -3.65 1 1 1
v -0.2821356 4.282136 -3.89624 1 1 1
v -0.2821356 4.282136 -3.65 1 1 1
v -0.3627458 4.201526 -3.89624 1 1 1
v -0.3627458 4.201526 -3.65 1 1 1
v -0.3627458 3.637254 -3.89624 1 1 1
v -0.3627458 3.637254 -3.65 1 1 1
v -0.2821356 3.556644 -3.89624 1 1 1
v -0.2821356 3.556644 -3.65 1 1 1
v 2.237925E-14 3.83878 -3.89624 1 1 1
v -0.08061017 3.91939 -3.89624 1 1 1
v 0.08061017 3.91939 -3.89624 1 1 1
v 0.3627458 3.637254 -3.89624 1 1 1
v 0.2821356 3.556644 -3.89624 1 1 1
v 1.082867E-14 4 -3.89624 1 1 1
v -7.219118E-16 4 -3.65 1 1 1
v 0.08061017 3.91939 -3.65 1 1 1
v -0.08061017 3.91939 -3.65 1 1 1
v 1.082867E-14 3.83878 -3.65 1 1 1
v 0.3627458 3.637254 -3.65 1 1 1
v 0.2821356 3.556644 -3.65 1 1 1
v 0.1740711 2.1 -0.2422339 1 1 1
v 0.1740711 2.1 -0.4432339 1 1 1
v -9.384849E-15 2.1 -0.1417339 1 1 1
v -9.384849E-15 2.1 -0.5437339 1 1 1
v -0.1740711 2.1 -0.2422339 1 1 1
v -0.1740711 2.1 -0.4432339 1 1 1
v 0.1740711 3.5 -5.256766 1 1 1
v 0.1740711 3.5 -5.457766 1 1 1
v -3.609557E-15 3.5 -5.156266 1 1 1
v -3.609557E-15 3.5 -5.558266 1 1 1
v -0.1740711 3.5 -5.256766 1 1 1
v -0.1740711 3.5 -5.457766 1 1 1
v 0.65 2.3 -1.2625 1 1 1
v -0.65 2.3 -1.2625 1 1 1
v -0.75 2.3 -1.3625 1 1 1
v 0.75 2.3 -1.3625 1 1 1
v 0.65 2.3 -2.7625 1 1 1
v 0.75 2.3 -2.6625 1 1 1
v -0.65 2.3 -2.7625 1 1 1
v -0.75 2.3 -2.6625 1 1 1
v 0.55 2.3 -2.5625 1 1 1
v 0.55 2.3 -1.4625 1 1 1
v -0.55 2.3 -2.5625 1 1 1
v -0.55 2.3 -1.4625 1 1 1
v 0.116967 8.237974 -5.181816 1 1 1
v -0.116967 8.237974 -5.181816 1 1 1
v 0.116967 8.437999 -5.181816 1 1 1
v -0.116967 8.437999 -5.181816 1 1 1
v 0.1754505 8.237974 -5.240299 1 1 1
v 0.1754505 8.237974 -5.474233 1 1 1
v 0.116967 8.237974 -5.532716 1 1 1
v -0.116967 8.237974 -5.532716 1 1 1
v -0.1754505 8.237974 -5.240299 1 1 1
v -0.1754505 8.237974 -5.474233 1 1 1
v 0.1754505 8.437999 -5.240299 1 1 1
v 0.1754505 8.999974 -5.240299 1 1 1
v 0.1754505 8.999974 -5.474233 1 1 1
v 0.116967 8.999974 -5.181816 1 1 1
v 0.116967 8.999974 -5.532716 1 1 1
v -0.116967 8.999974 -5.181816 1 1 1
v -0.116967 8.999974 -5.532716 1 1 1
v -0.1754505 8.999974 -5.240299 1 1 1
v -0.1754505 8.999974 -5.474233 1 1 1
v 0.1754505 8.437999 -5.474233 1 1 1
v 0.116967 8.437999 -5.532716 1 1 1
v -0.116967 8.437999 -5.532716 1 1 1
v -0.1754505 8.437999 -5.474233 1 1 1
v -0.1754505 8.437999 -5.240299 1 1 1
v 0.1754505 9.199999 -5.240299 1 1 1
v 0.116967 9.199999 -5.181816 1 1 1
v 0.1754505 9.199999 -5.474233 1 1 1
v 0.116967 9.199999 -5.532716 1 1 1
v -0.116967 9.199999 -5.532716 1 1 1
v -0.116967 9.199999 -5.181816 1 1 1
v -0.1754505 9.199999 -5.474233 1 1 1
v -0.1754505 9.199999 -5.240299 1 1 1
v -0.055155 6.633475 3.120161 1 1 1
v -0.055155 5.680975 3.120161 1 1 1
v -0.055155 6.633475 3.218184 1 1 1
v -0.055155 5.680975 3.218184 1 1 1
v 0.06788308 6.633475 3.404964 1 1 1
v 0.06788308 5.680975 3.404964 1 1 1
v 0.06788308 6.633475 3.525608 1 1 1
v 0.06788308 5.680975 3.525608 1 1 1
v -0.09758193 6.633475 3.776794 1 1 1
v -0.09758193 5.680975 3.776794 1 1 1
v 0 6.633475 3.036432 1 1 1
v 0 5.680975 3.036432 1 1 1
v -0.09758193 6.633475 3.95022 1 1 1
v -0.09758193 5.680975 3.95022 1 1 1
v 0 6.633475 4.098355 1 1 1
v 0 5.680975 4.098355 1 1 1
v 0 6.633475 3.301913 1 1 1
v 0 5.680975 3.301913 1 1 1
v -0.055155 9.790476 -1.437895 1 1 1
v -0.055155 8.837976 -1.437895 1 1 1
v -0.055155 9.790476 -1.339872 1 1 1
v -0.055155 8.837976 -1.339872 1 1 1
v 0.06788308 9.790476 -1.153092 1 1 1
v 0.06788308 8.837976 -1.153092 1 1 1
v 0.06788308 9.790476 -1.032449 1 1 1
v 0.06788308 8.837976 -1.032449 1 1 1
v -0.09758193 9.790476 -0.781262 1 1 1
v -0.09758193 8.837976 -0.781262 1 1 1
v 0 9.790476 -1.521624 1 1 1
v 0 8.837976 -1.521624 1 1 1
v -0.09758193 9.790476 -0.6078365 1 1 1
v -0.09758193 8.837976 -0.6078365 1 1 1
v 0 9.790476 -0.4597009 1 1 1
v 0 8.837976 -0.4597009 1 1 1
v 0 9.790476 -1.256143 1 1 1
v 0 8.837976 -1.256143 1 1 1
v 0.116967 5.680975 4.390773 1 1 1
v -0.116967 5.680975 4.390773 1 1 1
v 0.116967 5.881 4.390773 1 1 1
v -0.116967 5.881 4.390773 1 1 1
v 0.1754505 5.680975 4.33229 1 1 1
v 0.1754505 5.680975 4.098355 1 1 1
v 0.116967 5.680975 4.039872 1 1 1
v -0.116967 5.680975 4.039872 1 1 1
v -0.1754505 5.680975 4.33229 1 1 1
v -0.1754505 5.680975 4.098355 1 1 1
v 0.1754505 5.881 4.33229 1 1 1
v 0.1754505 6.442975 4.33229 1 1 1
v 0.1754505 6.442975 4.098355 1 1 1
v 0.116967 6.442975 4.390773 1 1 1
v 0.116967 6.442975 4.039872 1 1 1
v -0.116967 6.442975 4.390773 1 1 1
v -0.116967 6.442975 4.039872 1 1 1
v -0.1754505 6.442975 4.33229 1 1 1
v -0.1754505 6.442975 4.098355 1 1 1
v 0.1754505 5.881 4.098355 1 1 1
v 0.116967 5.881 4.039872 1 1 1
v -0.116967 5.881 4.039872 1 1 1
v -0.1754505 5.881 4.098355 1 1 1
v -0.1754505 5.881 4.33229 1 1 1
v 0.1754505 6.643 4.33229 1 1 1
v 0.116967 6.643 4.390773 1 1 1
v 0.1754505 6.643 4.098355 1 1 1
v 0.116967 6.643 4.039872 1 1 1
v -0.116967 6.643 4.039872 1 1 1
v -0.116967 6.643 4.390773 1 1 1
v -0.1754505 6.643 4.098355 1 1 1
v -0.1754505 6.643 4.33229 1 1 1
v 0.116967 8.837976 -0.1672834 1 1 1
v -0.116967 8.837976 -0.1672834 1 1 1
v 0.116967 9.038 -0.1672834 1 1 1
v -0.116967 9.038 -0.1672834 1 1 1
v 0.1754505 8.837976 -0.2257669 1 1 1
v 0.1754505 8.837976 -0.4597009 1 1 1
v 0.116967 8.837976 -0.5181844 1 1 1
v -0.116967 8.837976 -0.5181844 1 1 1
v -0.1754505 8.837976 -0.2257669 1 1 1
v -0.1754505 8.837976 -0.4597009 1 1 1
v 0.1754505 9.038 -0.2257669 1 1 1
v 0.1754505 9.599976 -0.2257669 1 1 1
v 0.1754505 9.599976 -0.4597009 1 1 1
v 0.116967 9.599976 -0.1672834 1 1 1
v 0.116967 9.599976 -0.5181844 1 1 1
v -0.116967 9.599976 -0.1672834 1 1 1
v -0.116967 9.599976 -0.5181844 1 1 1
v -0.1754505 9.599976 -0.2257669 1 1 1
v -0.1754505 9.599976 -0.4597009 1 1 1
v 0.1754505 9.038 -0.4597009 1 1 1
v 0.116967 9.038 -0.5181844 1 1 1
v -0.116967 9.038 -0.5181844 1 1 1
v -0.1754505 9.038 -0.4597009 1 1 1
v -0.1754505 9.038 -0.2257669 1 1 1
v 0.1754505 9.8 -0.2257669 1 1 1
v 0.116967 9.8 -0.1672834 1 1 1
v 0.1754505 9.8 -0.4597009 1 1 1
v 0.116967 9.8 -0.5181844 1 1 1
v -0.116967 9.8 -0.5181844 1 1 1
v -0.116967 9.8 -0.1672834 1 1 1
v -0.1754505 9.8 -0.4597009 1 1 1
v -0.1754505 9.8 -0.2257669 1 1 1
v -0.055155 9.190475 -6.452427 1 1 1
v -0.055155 8.237974 -6.452427 1 1 1
v -0.055155 9.190475 -6.354404 1 1 1
v -0.055155 8.237974 -6.354404 1 1 1
v 0.06788308 9.190475 -6.167624 1 1 1
v 0.06788308 8.237974 -6.167624 1 1 1
v 0.06788308 9.190475 -6.046981 1 1 1
v 0.06788308 8.237974 -6.046981 1 1 1
v -0.09758193 9.190475 -5.795794 1 1 1
v -0.09758193 8.237974 -5.795794 1 1 1
v 0 9.190475 -6.536156 1 1 1
v 0 8.237974 -6.536156 1 1 1
v -0.09758193 9.190475 -5.622369 1 1 1
v -0.09758193 8.237974 -5.622369 1 1 1
v 0 9.190475 -5.474233 1 1 1
v 0 8.237974 -5.474233 1 1 1
v 0 9.190475 -6.270676 1 1 1
v 0 8.237974 -6.270676 1 1 1
v 2.2 7.472258 -0.2650421 1 1 1
v 2.2 7.53852 -0.1313402 1 1 1
v -2.2 7.472258 -0.2650421 1 1 1
v -2.2 7.53852 -0.1313402 1 1 1
v -2.2 6.561429 0.5529038 1 1 1
v -2.2 6.476545 0.2284307 1 1 1
v -2.2 7.235695 -0.1478022 1 1 1
v -2.2 5.50102 0.3809182 1 1 1
v -2.2 5.50102 0.7186598 1 1 1
v 2.2 6.561429 0.5529038 1 1 1
v -2.2 4.440611 0.5529038 1 1 1
v -2.2 4.525495 0.2284307 1 1 1
v 2.2 5.50102 0.7186598 1 1 1
v -2.2 3.46352 -0.1313402 1 1 1
v -2.2 3.766345 -0.1478022 1 1 1
v -2.2 3.529782 -0.2650421 1 1 1
v 2.2 3.46352 -0.1313402 1 1 1
v 2.2 3.529782 -0.2650421 1 1 1
v 2.2 4.440611 0.5529038 1 1 1
v 2.2 5.50102 0.3809182 1 1 1
v 2.2 6.476545 0.2284307 1 1 1
v 2.2 4.525495 0.2284307 1 1 1
v 2.2 3.766345 -0.1478022 1 1 1
v 2.2 7.235695 -0.1478022 1 1 1
v -0.1098751 3.3 4.390773 1 1 1
v -0.1098751 4.9715 4.590773 1 1 1
v -0.1098751 3.5 5.470387 1 1 1
v -0.1098751 5.441409 4.817453 1 1 1
v -0.1098751 6.643 4.390773 1 1 1
v 0.1098751 6.643 4.390773 1 1 1
v -0.1098751 4.314595 5.545257 1 1 1
v -0.1098751 3.3 6.55 1 1 1
v 0.1098751 5.441409 4.817453 1 1 1
v 0.1098751 4.9715 4.590773 1 1 1
v 0.1098751 4.314595 5.545257 1 1 1
v 0.1098751 3.3 6.55 1 1 1
v 0.1098751 3.5 5.470387 1 1 1
v 0.1098751 3.3 4.390773 1 1 1
v -1.8 7.76352 -0.4563403 1 1 1
v -1.8 7.53852 -0.4563403 1 1 1
v -1.8 7.863521 -0.3563402 1 1 1
v -1.8 7.43852 -0.3563402 1 1 1
v -1.8 7.863521 -0.1313403 1 1 1
v -1.8 7.43852 -0.1313403 1 1 1
v -1.8 7.76352 -0.03134026 1 1 1
v -1.8 7.53852 -0.03134026 1 1 1
v -2 7.53852 -0.4563403 1 1 1
v -2 7.76352 -0.4563403 1 1 1
v -2 7.43852 -0.3563402 1 1 1
v -2 7.863521 -0.3563402 1 1 1
v -2 7.43852 -0.1313403 1 1 1
v -2 7.863521 -0.1313403 1 1 1
v -2 7.53852 -0.03134026 1 1 1
v -2 7.76352 -0.03134026 1 1 1
v -1.8 3.46352 -0.4563403 1 1 1
v -1.8 3.23852 -0.4563403 1 1 1
v -1.8 3.56352 -0.3563402 1 1 1
v -1.8 3.13852 -0.3563402 1 1 1
v -1.8 3.56352 -0.1313403 1 1 1
v -1.8 3.13852 -0.1313403 1 1 1
v -1.8 3.46352 -0.03134026 1 1 1
v -1.8 3.23852 -0.03134026 1 1 1
v -2 3.23852 -0.4563403 1 1 1
v -2 3.46352 -0.4563403 1 1 1
v -2 3.13852 -0.3563402 1 1 1
v -2 3.56352 -0.3563402 1 1 1
v -2 3.13852 -0.1313403 1 1 1
v -2 3.56352 -0.1313403 1 1 1
v -2 3.23852 -0.03134026 1 1 1
v -2 3.46352 -0.03134026 1 1 1
v 2 3.46352 -0.4563403 1 1 1
v 2 3.23852 -0.4563403 1 1 1
v 2 3.56352 -0.3563402 1 1 1
v 2 3.13852 -0.3563402 1 1 1
v 2 3.56352 -0.1313403 1 1 1
v 2 3.13852 -0.1313403 1 1 1
v 2 3.46352 -0.03134026 1 1 1
v 2 3.23852 -0.03134026 1 1 1
v 1.8 3.23852 -0.4563403 1 1 1
v 1.8 3.46352 -0.4563403 1 1 1
v 1.8 3.13852 -0.3563402 1 1 1
v 1.8 3.56352 -0.3563402 1 1 1
v 1.8 3.13852 -0.1313403 1 1 1
v 1.8 3.56352 -0.1313403 1 1 1
v 1.8 3.23852 -0.03134026 1 1 1
v 1.8 3.46352 -0.03134026 1 1 1
v 2 7.76352 -0.4563403 1 1 1
v 2 7.53852 -0.4563403 1 1 1
v 2 7.863521 -0.3563402 1 1 1
v 2 7.43852 -0.3563402 1 1 1
v 2 7.863521 -0.1313403 1 1 1
v 2 7.43852 -0.1313403 1 1 1
v 2 7.76352 -0.03134026 1 1 1
v 2 7.53852 -0.03134026 1 1 1
v 1.8 7.53852 -0.4563403 1 1 1
v 1.8 7.76352 -0.4563403 1 1 1
v 1.8 7.43852 -0.3563402 1 1 1
v 1.8 7.863521 -0.3563402 1 1 1
v 1.8 7.43852 -0.1313403 1 1 1
v 1.8 7.863521 -0.1313403 1 1 1
v 1.8 7.53852 -0.03134026 1 1 1
v 1.8 7.76352 -0.03134026 1 1 1
v -1.849946 4.86352 -5.498284 1 1 1
v -1.849946 4.63852 -5.498284 1 1 1
v -1.849946 4.96352 -5.398284 1 1 1
v -1.849946 4.53852 -5.398284 1 1 1
v -1.849946 4.96352 -5.173284 1 1 1
v -1.849946 4.53852 -5.173284 1 1 1
v -1.849946 4.86352 -5.073284 1 1 1
v -1.849946 4.63852 -5.073284 1 1 1
v -2.049946 4.63852 -5.498284 1 1 1
v -2.049946 4.86352 -5.498284 1 1 1
v -2.049946 4.53852 -5.398284 1 1 1
v -2.049946 4.96352 -5.398284 1 1 1
v -2.049946 4.53852 -5.173284 1 1 1
v -2.049946 4.96352 -5.173284 1 1 1
v -2.049946 4.63852 -5.073284 1 1 1
v -2.049946 4.86352 -5.073284 1 1 1
v -2.249946 4.911896 -5.27356 1 1 1
v -2.249946 5.084601 -5.18563 1 1 1
v -2.249946 4.86352 -5.173284 1 1 1
v -2.249946 5.638827 -4.903455 1 1 1
v -2.249946 5.576857 -4.6601 1 1 1
v -2.249946 6.35102 -4.78909 1 1 1
v 2.150054 4.86352 -5.173284 1 1 1
v 2.150054 4.911896 -5.27356 1 1 1
v -2.249946 6.35102 -4.535783 1 1 1
v -2.249946 7.125184 -4.6601 1 1 1
v -2.249946 7.063213 -4.903455 1 1 1
v -2.249946 7.617439 -5.18563 1 1 1
v -2.249946 7.790145 -5.27356 1 1 1
v 2.150054 7.790145 -5.27356 1 1 1
v 2.150054 7.125184 -4.6601 1 1 1
v 2.150054 6.35102 -4.535783 1 1 1
v 2.150054 5.576857 -4.6601 1 1 1
v 2.150054 6.35102 -4.78909 1 1 1
v 2.150054 7.063213 -4.903455 1 1 1
v 2.150054 7.617439 -5.18563 1 1 1
v 2.150054 5.638827 -4.903455 1 1 1
v 2.150054 5.084601 -5.18563 1 1 1
v 1.950054 8.063519 -5.498284 1 1 1
v 1.950054 7.83852 -5.498284 1 1 1
v 1.950054 8.16352 -5.398284 1 1 1
v 1.950054 7.73852 -5.398284 1 1 1
v 1.950054 8.16352 -5.173284 1 1 1
v 1.950054 7.73852 -5.173284 1 1 1
v 1.950054 8.063519 -5.073284 1 1 1
v 1.950054 7.83852 -5.073284 1 1 1
v 1.750054 7.83852 -5.498284 1 1 1
v 1.750054 8.063519 -5.498284 1 1 1
v 1.750054 7.73852 -5.398284 1 1 1
v 1.750054 8.16352 -5.398284 1 1 1
v 1.750054 7.73852 -5.173284 1 1 1
v 1.750054 8.16352 -5.173284 1 1 1
v 1.750054 7.83852 -5.073284 1 1 1
v 1.750054 8.063519 -5.073284 1 1 1
v -1.849946 8.063519 -5.498284 1 1 1
v -1.849946 7.83852 -5.498284 1 1 1
v -1.849946 8.16352 -5.398284 1 1 1
v -1.849946 7.73852 -5.398284 1 1 1
v -1.849946 8.16352 -5.173284 1 1 1
v -1.849946 7.73852 -5.173284 1 1 1
v -1.849946 8.063519 -5.073284 1 1 1
v -1.849946 7.83852 -5.073284 1 1 1
v -2.049946 7.83852 -5.498284 1 1 1
v -2.049946 8.063519 -5.498284 1 1 1
v -2.049946 7.73852 -5.398284 1 1 1
v -2.049946 8.16352 -5.398284 1 1 1
v -2.049946 7.73852 -5.173284 1 1 1
v -2.049946 8.16352 -5.173284 1 1 1
v -2.049946 7.83852 -5.073284 1 1 1
v -2.049946 8.063519 -5.073284 1 1 1
v 1.950054 4.86352 -5.498284 1 1 1
v 1.950054 4.63852 -5.498284 1 1 1
v 1.950054 4.96352 -5.398284 1 1 1
v 1.950054 4.53852 -5.398284 1 1 1
v 1.950054 4.96352 -5.173284 1 1 1
v 1.950054 4.53852 -5.173284 1 1 1
v 1.950054 4.86352 -5.073284 1 1 1
v 1.950054 4.63852 -5.073284 1 1 1
v 1.750054 4.63852 -5.498284 1 1 1
v 1.750054 4.86352 -5.498284 1 1 1
v 1.750054 4.53852 -5.398284 1 1 1
v 1.750054 4.96352 -5.398284 1 1 1
v 1.750054 4.53852 -5.173284 1 1 1
v 1.750054 4.96352 -5.173284 1 1 1
v 1.750054 4.63852 -5.073284 1 1 1
v 1.750054 4.86352 -5.073284 1 1 1
v 1.8 2.1 0.948 1 1 1
v 0.8299999 2.1 0.948 1 1 1
v 1.8 2.1 1.65 1 1 1
v 0.8299999 2.1 1.65 1 1 1
v -0.8299999 2.1 0.948 1 1 1
v -1.8 2.1 0.948 1 1 1
v -0.8299999 2.1 1.65 1 1 1
v -1.8 2.1 1.65 1 1 1
v -1.149946 2.1 -2.2375 1 1 1
v -2.249946 2.1 -2.2375 1 1 1
v -1.149946 1.463733 -2.2375 1 1 1
v -2.249946 1.463733 -2.2375 1 1 1
v 1.050054 1.463733 -2.2375 1 1 1
v 2.150054 1.463733 -2.2375 1 1 1
v -1.918632 0.5802304 -2.2375 1 1 1
v 2.150054 2.1 -2.2375 1 1 1
v 1.050054 2.1 -2.2375 1 1 1
v 1.818741 0.5802304 -2.2375 1 1 1
v -1.222356 2.030376E-16 -2.2375 1 1 1
v 1.122464 0 -2.2375 1 1 1
v 2.150054 2.1 -1.3625 1 1 1
v 2.150054 1.463733 -1.3625 1 1 1
v -2.249946 1.463733 -1.3625 1 1 1
v -2.249946 2.1 -1.3625 1 1 1
v -1.918632 0.5802304 -1.3625 1 1 1
v -1.222356 2.030376E-16 -1.3625 1 1 1
v 1.122464 0 -1.3625 1 1 1
v 1.818741 0.5802304 -1.3625 1 1 1
v 1.050054 2.1 -1.3625 1 1 1
v 1.050054 1.463733 -1.3625 1 1 1
v -1.149946 1.463733 -1.3625 1 1 1
v -1.149946 2.1 -1.3625 1 1 1
v -0.63 3.8 -4.603 1 1 1
v -0.63 3.5 -4.603 1 1 1
v -0.63 3.941421 -4.544421 1 1 1
v -0.63 3.5 -3.65 1 1 1
v -0.63 4 -4.403 1 1 1
v -0.63 4 -3.65 1 1 1
v 0.63 3.5 -4.603 1 1 1
v 0.63 3.8 -4.603 1 1 1
v 0.63 3.5 -3.65 1 1 1
v 0.63 3.941421 -4.544421 1 1 1
v 0.63 4 -4.403 1 1 1
v 0.63 4 -3.65 1 1 1
v 0.93 3.8 -4.603 1 1 1
v 0.93 3.941421 -4.544421 1 1 1
v 0.93 3.5 -4.603 1 1 1
v 0.93 3.5 -3.55 1 1 1
v 0.93 4 -4.403 1 1 1
v 0.93 4 -3.55 1 1 1
v 0.8714213 3.5 -3.408578 1 1 1
v 0.73 3.5 -3.35 1 1 1
v 0.8714213 4 -3.408578 1 1 1
v 0.73 4 -3.35 1 1 1
v -0.93 3.5 -3.55 1 1 1
v -0.93 4 -3.55 1 1 1
v -0.8714213 3.5 -3.408578 1 1 1
v -0.8714213 4 -3.408578 1 1 1
v -0.73 3.5 -3.35 1 1 1
v -0.73 4 -3.35 1 1 1
v -0.93 3.941421 -4.544421 1 1 1
v -0.93 4 -4.403 1 1 1
v -0.93 3.8 -4.603 1 1 1
v -0.93 3.5 -4.603 1 1 1
v -2.2 2.1 2.508292 1 1 1
v -2.2 3.3 2.508292 1 1 1
v -0.3897268 2.1 5.35 1 1 1
v -0.3897268 3.3 5.35 1 1 1
v 0.3897268 2.1 5.35 1 1 1
v 0.3897268 3.3 5.35 1 1 1
v 2.2 3.3 2.508292 1 1 1
v 2.2 2.1 2.508292 1 1 1
v 1.8 2.1 2.391708 1 1 1
v 1.8 3.3 2.391708 1 1 1
v 0.1702732 2.1 4.95 1 1 1
v 0.1702732 3.3 4.95 1 1 1
v -0.1702732 2.1 4.95 1 1 1
v -0.1702732 3.3 4.95 1 1 1
v -1.8 3.3 2.391708 1 1 1
v -1.8 2.1 2.391708 1 1 1
v -1.8 3.3 1.65 1 1 1
v -2.2 3.3 1.65 1 1 1
v 1.8 3.3 1.65 1 1 1
v 2.2 3.3 1.65 1 1 1
v -1.8 2.6 0.6500001 1 1 1
v -2.2 2.6 0.6500001 1 1 1
v 2.2 2.6 0.6500001 1 1 1
v 1.8 2.6 0.6500001 1 1 1
v 2.2 2.6 -1.2375 1 1 1
v 1.8 2.6 -1.2375 1 1 1
v 1.8 2.1 -1.3625 1 1 1
v 2.2 2.1 -1.3625 1 1 1
v 1.8 2.475 -1.3625 1 1 1
v 2.2 2.475 -1.3625 1 1 1
v -2.2 2.1 -1.3625 1 1 1
v -1.8 2.1 -1.3625 1 1 1
v -2.2 2.475 -1.3625 1 1 1
v -1.8 2.475 -1.3625 1 1 1
v -1.8 2.6 -1.2375 1 1 1
v -2.2 2.6 -1.2375 1 1 1
v -2.053553 3.5 -6.403554 1 1 1
v -2.053553 4.2 -6.403554 1 1 1
v -2.2 3.5 -6.05 1 1 1
v -2.2 4.2 -6.05 1 1 1
v -1.8 2.6 -2.620741 1 1 1
v -2.2 2.6 -2.620741 1 1 1
v -1.8 3.886619 -3.474743 1 1 1
v -2.2 3.886619 -3.474743 1 1 1
v 1.7 3.5 -6.55 1 1 1
v 2.053553 3.5 -6.403554 1 1 1
v 1.7 4.2 -6.55 1 1 1
v 2.053553 4.2 -6.403554 1 1 1
v -1.8 2.6 -2.3625 1 1 1
v -1.8 2.475 -2.2375 1 1 1
v -2.2 2.6 -2.3625 1 1 1
v -2.2 2.475 -2.2375 1 1 1
v 2.2 2.6 -2.620741 1 1 1
v 1.8 2.6 -2.620741 1 1 1
v 2.2 3.886619 -3.474743 1 1 1
v 1.8 3.886619 -3.474743 1 1 1
v 2.2 4.2 -6.05 1 1 1
v 2.2 3.5 -6.05 1 1 1
v 2.2 4 -3.686084 1 1 1
v 1.8 4 -3.686084 1 1 1
v -1.8 2.1 -2.2375 1 1 1
v -2.2 2.1 -2.2375 1 1 1
v -1.8 4 -3.686084 1 1 1
v -2.2 4 -3.686084 1 1 1
v 2.2 4 -5.85 1 1 1
v 1.8 4 -5.85 1 1 1
v -1.7 3.5 -6.55 1 1 1
v -1.7 4.2 -6.55 1 1 1
v 2.2 2.1 -2.2375 1 1 1
v 1.8 2.1 -2.2375 1 1 1
v 2.2 2.475 -2.2375 1 1 1
v 1.8 2.475 -2.2375 1 1 1
v 2.2 2.6 -2.3625 1 1 1
v 1.8 2.6 -2.3625 1 1 1
v 1.5 4.2 -6.15 1 1 1
v 1.8 4.2 -6.15 1 1 1
v 1.5 4 -6.15 1 1 1
v 1.8 3.5 -6.15 1 1 1
v -1.8 3.5 -6.15 1 1 1
v -1.5 4 -6.15 1 1 1
v -1.8 4.2 -6.15 1 1 1
v -1.5 4.2 -6.15 1 1 1
v 1.8 2.1 -2.888982 1 1 1
v 1.8 3.5 -3.818241 1 1 1
v 1.8 3.5 -6.05 1 1 1
v 1.8 4.2 -5.85 1 1 1
v -1.8 4.2 -5.85 1 1 1
v -1.8 3.5 -6.05 1 1 1
v -1.8 4 -5.85 1 1 1
v -1.8 3.5 -3.818241 1 1 1
v -1.8 2.1 -2.888982 1 1 1
v 2.2 2.1 -2.888982 1 1 1
v 2.2 3.5 -3.818241 1 1 1
v -2.2 3.5 -3.818241 1 1 1
v -2.2 2.1 -2.888982 1 1 1
v 1.5 4 -6.55 1 1 1
v -1.5 4 -6.55 1 1 1
v 1.5 4.2 -6.55 1 1 1
v 2.2 4.2 -5.85 1 1 1
v -2.2 4 -5.85 1 1 1
v -1.5 4.2 -6.55 1 1 1
v -2.2 4.2 -5.85 1 1 1
v 0.7714214 3.241421 1.5 1 1 1
v 0.83 3.1 1.5 1 1 1
v 0.7714214 3.241421 1.8 1 1 1
v 0.83 3.1 1.8 1 1 1
v 0.83 2.8 1.5 1 1 1
v 0.83 2.8 1.8 1 1 1
v 0.63 3.3 1.5 1 1 1
v 0.63 3.3 1.8 1 1 1
v -0.63 3.3 1.5 1 1 1
v -0.63 3.3 1.8 1 1 1
v -0.83 2.8 1.5 1 1 1
v -0.83 3.1 1.5 1 1 1
v -0.7714214 3.241421 1.5 1 1 1
v -0.83 2.8 1.8 1 1 1
v -0.83 3.1 1.8 1 1 1
v -0.7714214 3.241421 1.8 1 1 1
v -0.55 1.6 -1.4625 1 1 1
v 0.55 1.6 -1.4625 1 1 1
v 0.55 1.6 -2.5625 1 1 1
v -0.55 1.6 -2.5625 1 1 1

vn 0 0 1
vn -1 0 0
vn 0 0 -1
vn 0.3826834 0 -0.9238795
vn 0.9238795 0 -0.3826834
vn 0.9238795 0 0.3826834
vn 0.3826834 0 0.9238795
vn 0 -1 0
vn 0 1 0
vn -1.970923E-13 0 1
vn -0.3826834 0 0.9238795
vn -0.9238795 0 0.3826834
vn -0.9238795 0 -0.3826834
vn -0.3826834 0 -0.9238795
vn 1.970923E-13 0 -1
vn 1 0 0
vn 0.8434041 0 0.5372797
vn -0.8434041 0 0.5372797
vn 0 -0.7071068 0.7071068
vn 0 0.7071068 0.7071068
vn 0 -0.7071068 -0.7071068
vn 0 0.7071068 -0.7071068
vn 0.9220721 0.3832623 0.05378754
vn 0.9983029 0 0.05823434
vn 0.9177269 0.3935877 0.05353407
vn 0 -0.982613 0.185666
vn -0.9983029 0 0.05823434
vn -0.9220721 0.3832623 0.05378754
vn -0.9177269 0.3935877 0.05353407
vn 0.388219 0.9212888 0.0226461
vn 0.3642687 0.9310515 0.02124901
vn -0.388219 0.9212888 0.0226461
vn -0.3642687 0.9310515 0.02124901
vn 0.9238795 0.3826834 0
vn -0.3826834 0.9238795 0
vn 0.3826834 -0.9238795 0
vn -0.9238795 0.3826834 0
vn -0.3826834 -0.9238795 0
vn -0.9238795 -0.3826834 0
vn 0.3826834 0.9238795 0
vn 0.9238795 -0.3826834 0
vn 0.8492078 -0.1961161 -0.4902903
vn 0.8492078 -0.1961161 0.4902903
vn 0 -0.1961161 -0.9805807
vn -0.8492078 -0.1961161 -0.4902903
vn -0.8492078 -0.1961161 0.4902903
vn 0 -0.1961161 0.9805807
vn 0.8660254 0 0.5
vn 0.8660254 0 -0.5
vn -0.8660254 0 -0.5
vn -0.8660254 0 0.5
vn 0.8584744 0.1317663 -0.4956404
vn 0.8584744 0.1317663 0.4956404
vn 0 0.1317663 -0.9912808
vn 0 0.1317663 0.9912808
vn -0.8584744 0.1317663 0.4956404
vn -0.8584744 0.1317663 -0.4956404
vn 0 0.5530205 0.8331677
vn -0.8360847 -0.1383195 0.5308768
vn -0.5843715 -0.7012459 0.4083675
vn -0.7366637 -0.4966484 0.4589847
vn -0.8449612 -0.1330057 0.5180252
vn 0.8449612 -0.1330057 0.5180252
vn 0.7366637 -0.4966484 0.4589847
vn 0.8360847 -0.1383195 0.5308768
vn 0.5843715 -0.7012459 0.4083675
vn 0 -0.3990561 -0.9169264
vn 0 -0.2456099 -0.9693688
vn 0.6401844 -0.7682213 0
vn 0.8368601 -0.5474169 0
vn 0.8153781 -0.5789288 0
vn -0.9898434 -0.1421626 0
vn -0.9839535 -0.1784248 0
vn 0.9898434 -0.1421626 0
vn 0.9839535 -0.1784248 0
vn 0 -0.9498379 0.3127429
vn 0 -0.3051774 -0.9522955
vn 0 -0.5812382 -0.8137335
vn -0.8368601 -0.5474169 0
vn -0.8153781 -0.5789288 0
vn -0.6401844 -0.7682213 0
vn 0 0.9238795 0.3826834
vn 0 0.9238795 -0.3826834
vn 0 0.01261339 0.9999205
vn -0.8659565 0.01261339 0.4999602
vn -0.8659565 0.01261339 -0.4999602
vn 0.8659565 0.01261339 -0.4999602
vn 0.8659565 0.01261339 0.4999602
vn 0 0.01261339 -0.9999205
vn 0.9807854 0.1950903 1.169187E-07
vn 0.7071068 0.7071068 8.42937E-08
vn -0.7071068 0.7071068 -8.42937E-08
vn -0.9807854 0.1950903 -1.169187E-07
vn 1 0 1.192093E-07
vn 0.9238796 -0.3826834 1.10135E-07
vn 0.7071068 -0.7071068 8.42937E-08
vn -0.7071068 -0.7071068 -8.42937E-08
vn -0.9238796 -0.3826834 -1.10135E-07
vn -1 0 -1.192093E-07
vn -1.192093E-07 0 1
vn 0 0.3826834 -0.9238795
vn 0 0.3826834 0.9238795
vn 0 -0.1950903 0.9807853
vn 0 -0.3826834 -0.9238795
vn 0 -0.3826834 0.9238795
vn 0 -0.1950903 -0.9807853
vn 0 -0.9807853 0.1950903
vn 0 -0.9807853 -0.1950903
vn 0.7071068 0.7071068 0
vn -0.7071068 0.7071068 0
vn -0.7071068 -0.7071068 0
vn 0.7071068 -0.7071068 0
vn 0 0.006485509 0.999979
vn -0.8660072 0.006485509 0.4999895
vn -0.8660072 0.006485509 -0.4999895
vn 0.8660072 0.006485509 -0.4999895
vn 0.8660072 0.006485509 0.4999895
vn 0 0.006485509 -0.999979
vn 0 0.008643745 0.9999627
vn -0.8659931 0.008643745 0.4999814
vn -0.8659931 0.008643745 -0.4999814
vn 0.8659931 0.008643745 -0.4999814
vn 0.8659931 0.008643745 0.4999814
vn 0 0.008643745 -0.9999627
vn 0.9578871 0 0.2871453
vn 0.9578871 0 -0.2871453
vn -0.9578871 0 0.2871453
vn -0.9578871 0 -0.2871453
vn 0.8350952 0 0.5501054
vn -0.8350952 0 -0.5501054
vn 0.8350952 0 -0.5501054
vn -0.8350952 0 0.5501054
vn 0 0.8959994 -0.4440553
vn 0.5856973 0.7853567 0.2004333
vn -0.5856973 0.7853567 0.2004333
vn -0.6596078 0.2808722 0.6971574
vn -0.673942 0 0.7387843
vn 0.6596078 0.2808722 0.6971574
vn -0.6596078 -0.2808722 0.6971574
vn 0.673942 0 0.7387843
vn -0.5856973 -0.7853567 0.2004333
vn 0.5856973 -0.7853567 0.2004333
vn 0 -0.8959994 -0.4440553
vn 0.6596078 -0.2808722 0.6971574
vn 0 0.4440553 -0.8959994
vn 0 0.3027617 -0.9530662
vn 0 -0.3027617 -0.9530662
vn 0 -0.4440553 -0.8959994
vn -0.7341428 0.2998226 0.6092132
vn -0.1400134 0.3313289 0.9330688
vn 0.1400134 0.3313289 0.9330688
vn -0.7311218 0.4273997 0.5317804
vn -0.3605042 0.6563336 0.662769
vn 0.7341428 0.2998226 0.6092132
vn 0.7311218 0.4273997 0.5317804
vn 0.3605042 0.6563336 0.662769
vn 0 -0.9832704 0.1821523
vn 0 -0.9832704 -0.1821523
vn 0 -0.1188056 -0.9929175
vn 0 0.1188056 -0.9929175
vn 0 0.3826834 -0.9238795
vn 0 -0.3826834 0.9238795
vn 0 -0.9238795 0.3826834
vn 0 -0.9238795 -0.3826834
vn -0.587065 -0.7846056 0.1993708
vn -0.6587921 -0.2870196 0.6954226
vn 0.587065 -0.7846056 0.1993708
vn 0 -0.9006702 -0.4345034
vn -0.6731008 0 0.7395508
vn -0.6587921 0.2870196 0.6954226
vn -0.587065 0.7846056 0.1993708
vn 0.587065 0.7846056 0.1993708
vn 0 0.9006702 -0.4345034
vn 0.6587921 0.2870196 0.6954226
vn 0.6731008 0 0.7395508
vn 0.6587921 -0.2870196 0.6954226
vn 0 0.4537128 -0.8911479
vn 0 0.3098879 -0.9507731
vn 0 -0.3098879 -0.9507731
vn 0 -0.4537128 -0.8911479
vn -0.3404253 -0.9402716 0
vn 0.3404253 -0.9402716 0
vn 0 0.1950903 -0.9807853
vn 0.9807853 0 0.1950903
vn 0.7071068 0 0.7071068
vn 0.1950903 0 0.9807853
vn 0 0.9807853 -0.1950903
vn -0.9807853 0 0.1950903
vn -0.7071068 0 0.7071068
vn -0.1950903 0 0.9807853
vn -0.4809992 0 0.8767211
vn 0.4809992 0 0.8767211
vn -0.8434041 0 -0.5372797
vn 0.8434041 0 -0.5372797
vn 0 0.953738 -0.3006394
vn -0.7071068 0 -0.7071068
vn -0.9807853 0 -0.1950903
vn 0 0.7394062 0.6732596
vn 0.1950903 0 -0.9807853
vn 0.7071068 0 -0.7071068
vn 0.9807853 0 -0.1950903
vn 0 0.9698448 0.243723
vn -0.1950903 0 -0.9807853
vn 0 -0.5530205 -0.8331677
vn 0.9807853 0.1950903 0
vn 0.1950903 0.9807853 0
vn 0.1950903 0.9807853 0
vn -0.1950903 0.9807853 0
vn -0.1950903 0.9807853 0
vn -0.9807853 0.1950903 0

vt 0.84375 0.175
vt 0.84375 0.2
vt 0.84375 0.025
vt 0.84375 0.05
vt 0.84375 0.125
vt 0.84375 0.15
vt 0.84375 0.075
vt 0.84375 0.1
vt 0.84375 0.06875
vt 0.84375 0.11875
vt 0.84375 0.225
vt 0.84375 0.1860136
vt 0.84375 0.1156966
vt 0.84375 0.1756569
vt 0.84375 0.2188619
vt 0.84375 0.1978791
vt 0.84375 0.09890015
vt 0.84375 0.184133
vt 0.84375 0.1733221
vt 0.84375 0.07667793
vt 0.84375 0.06586701
vt 0.84375 0.07434311
vt 0.84375 0.1510998
vt 0.84375 0.05212089
vt 0.84375 0.03113812
vt 0.84375 0.1964286
vt 0.84375 0.1711212
vt 0.84375 0.194697
vt 0.84375 0.1462121
vt 0.84375 0.1098485
vt 0.84375 0.06742425
vt 0.96875 0.225
vt 0.96875 0.175
vt 0.96875 0.2
vt 0.96875 0.21875
vt 0.96875 0.15
vt 0.96875 0.16875
vt 0.96875 0.1
vt 0.96875 0.11875
vt 0.96875 0.05
vt 0.96875 0.06875
vt 0.96875 0.075
vt 0.96875 0.125
vt 0.96875 0.2125
vt 0.96875 0.1125
vt 0.96875 0.025
vt 0.96875 0.1630678
vt 0.96875 0.2049448
vt 0.96875 0.1565272
vt 0.96875 0.1797781
vt 0.96875 0.189409
vt 0.96875 0.0414409
vt 0.96875 0.05788179
vt 0.96875 0.02981543
vt 0.96875 0.2027778
vt 0.96875 0.04722222
vt 0.96875 0.1027778
vt 0.96875 0.1472222
vt 0.96875 0.09890015
vt 0.96875 0.07434311
vt 0.96875 0.07667793
vt 0.96875 0.05212089
vt 0.96875 0.1510998
vt 0.96875 0.1756569
vt 0.96875 0.1733221
vt 0.96875 0.1978791
vt 0.96875 0.1964286
vt 0.71875 0.025
vt 0.71875 0.06658415
vt 0.71875 0.1834158
vt 0.71875 0.225
vt 0.71875 0.2217478
vt 0.71875 0.1770446
vt 0.71875 0.1728785
vt 0.71875 0.2101374
vt 0.71875 0.125
vt 0.71875 0.07295538
vt 0.71875 0.07712145
vt 0.71875 0.03986258
vt 0.71875 0.02825214
vt 0.71875 0.0369653
vt 0.71875 0.153113
vt 0.71875 0.08569966
vt 0.71875 0.1779412
vt 0.71875 0.07205883
vt 0.71875 0.03986258
vt 0.71875 0.07712146
vt 0.71875 0.07295538
vt 0.71875 0.1770446
vt 0.71875 0.1728785
vt 0.71875 0.2101374
vt 0.71875 0.2217479
vt 0.09375 0.475
vt 0.09375 0.275
vt 0.09375 0.325
vt 0.09375 0.375
vt 0.09375 0.425
vt 0.09375 0.4625
vt 0.09375 0.3625
vt 0.09375 0.3552984
vt 0.09375 0.39737
vt 0.09375 0.385
vt 0.09375 0.4132843
vt 0.09375 0.3666667
vt 0.09375 0.35625
vt 0.09375 0.3916667
vt 0.09375 0.3488095
vt 0.09375 0.4100771
vt 0.09375 0.3428572
vt 0.09375 0.4154762
vt 0.21875 0.1565272
vt 0.21875 0.025
vt 0.21875 0.1797781
vt 0.21875 0.189409
vt 0.21875 0.125
vt 0.21875 0.225
vt 0.09375 0.1565272
vt 0.09375 0.05788179
vt 0.09375 0.1797781
vt 0.09375 0.189409

usemtl colormap

f 24/10/2 22/5/2 23/8/2
f 23/8/2 22/5/2 15/8/2
f 15/8/2 22/5/2 21/8/2
f 9/5/2 21/8/2 22/5/2
f 20/3/2 5/3/2 13/7/2
f 7/4/2 13/7/2 5/3/2
f 13/7/2 7/4/2 18/7/2
f 19/4/2 18/7/2 7/4/2
f 17/9/2 18/7/2 19/4/2
f 16/8/1 15/8/1 14/7/1
f 13/7/1 14/7/1 15/8/1
f 12/6/1 11/6/1 10/5/1
f 9/5/1 10/5/1 11/6/1
f 8/4/1 7/4/1 6/3/1
f 5/3/1 6/3/1 7/4/1
f 4/2/1 3/2/1 2/1/1
f 1/1/1 2/1/1 3/2/1
f 27/11/3 26/3/4 25/3/3
f 26/3/4 27/11/3 28/11/4
f 31/11/6 30/3/5 29/11/5
f 30/3/5 31/11/6 32/3/6
f 35/11/7 34/3/1 33/3/7
f 34/3/1 35/11/7 36/11/1
f 35/11/7 32/3/6 31/11/6
f 32/3/6 35/11/7 33/3/7
f 29/11/5 26/3/4 28/11/4
f 26/3/4 29/11/5 30/3/5
f 33/3/8 30/3/8 32/3/8
f 30/3/8 33/3/8 26/3/8
f 26/3/8 33/3/8 34/3/8
f 26/3/8 34/3/8 25/3/8
f 28/11/9 31/11/9 29/11/9
f 31/11/9 28/11/9 35/11/9
f 35/11/9 28/11/9 27/11/9
f 35/11/9 27/11/9 36/11/9
f 39/11/10 38/3/11 37/3/10
f 38/3/11 39/11/10 40/11/11
f 43/11/13 42/3/12 41/11/12
f 42/3/12 43/11/13 44/3/13
f 47/11/14 46/3/15 45/3/14
f 46/3/15 47/11/14 48/11/15
f 47/11/14 44/3/13 43/11/13
f 44/3/13 47/11/14 45/3/14
f 41/11/12 38/3/11 40/11/11
f 38/3/11 41/11/12 42/3/12
f 45/3/8 42/3/8 44/3/8
f 42/3/8 45/3/8 38/3/8
f 38/3/8 45/3/8 46/3/8
f 38/3/8 46/3/8 37/3/8
f 40/11/9 43/11/9 41/11/9
f 43/11/9 40/11/9 47/11/9
f 47/11/9 40/11/9 39/11/9
f 47/11/9 39/11/9 48/11/9
f 51/3/8 50/3/8 49/3/8
f 50/3/8 51/3/8 52/3/8
f 50/3/8 52/3/8 53/3/8
f 50/3/8 53/3/8 54/3/8
f 57/11/9 56/11/9 55/11/9
f 56/11/9 57/11/9 58/11/9
f 58/11/9 57/11/9 59/11/9
f 59/11/9 57/11/9 60/11/9
f 54/3/2 57/11/2 50/3/2
f 57/11/2 54/3/2 60/11/2
f 50/3/3 55/11/3 49/3/3
f 55/11/3 50/3/3 57/11/3
f 56/11/16 49/3/16 55/11/16
f 49/3/16 56/11/16 51/3/16
f 58/11/17 51/3/17 56/11/17
f 51/3/17 58/11/17 52/3/17
f 58/11/1 53/3/1 52/3/1
f 53/3/1 58/11/1 59/11/1
f 53/3/18 60/11/18 54/3/18
f 60/11/18 53/3/18 59/11/18
f 63/11/20 62/3/19 61/3/19
f 62/3/19 63/11/20 64/11/20
f 62/3/19 65/3/21 61/3/19
f 65/3/21 62/3/19 66/3/21
f 67/11/22 65/3/21 66/3/21
f 65/3/21 67/11/22 68/11/22
f 67/11/22 63/11/20 68/11/22
f 63/11/20 67/11/22 64/11/20
f 71/11/9 70/11/9 69/11/9
f 70/11/9 71/11/9 72/11/9
f 72/11/9 71/11/9 73/11/9
f 72/11/9 73/11/9 74/11/9
f 77/12/25 76/3/24 75/12/23
f 76/3/24 77/12/25 78/13/24
f 78/13/26 79/3/26 76/3/26
f 79/3/26 78/13/26 80/13/26
f 80/13/27 81/12/28 79/3/27
f 81/12/28 80/13/27 82/12/29
f 85/11/32 84/11/31 83/11/30
f 84/11/31 85/11/32 86/11/33
f 85/11/32 82/12/29 86/11/33
f 82/12/29 85/11/32 81/12/28
f 83/11/30 77/12/25 75/12/23
f 77/12/25 83/11/30 84/11/31
f 81/12/3 76/3/3 79/3/3
f 76/3/3 81/12/3 75/12/3
f 75/12/3 81/12/3 85/11/3
f 75/12/3 85/11/3 83/11/3
f 77/12/1 80/13/1 78/13/1
f 80/13/1 77/12/1 82/12/1
f 82/12/1 77/12/1 84/11/1
f 82/12/1 84/11/1 86/11/1
f 89/2/1 88/1/1 87/1/1
f 88/1/1 89/2/1 90/2/1
f 93/4/1 92/3/1 91/3/1
f 92/3/1 93/4/1 94/4/1
f 97/6/1 96/5/1 95/5/1
f 96/5/1 97/6/1 98/6/1
f 101/8/1 100/7/1 99/7/1
f 100/7/1 101/8/1 102/8/1
f 105/4/16 104/7/16 103/9/16
f 93/4/16 104/7/16 105/4/16
f 104/7/16 93/4/16 99/7/16
f 91/3/16 99/7/16 93/4/16
f 99/7/16 91/3/16 106/3/16
f 108/5/16 107/8/16 95/5/16
f 107/8/16 108/5/16 101/8/16
f 101/8/16 108/5/16 109/8/16
f 109/8/16 108/5/16 110/10/16
f 113/14/34 112/5/16 111/14/34
f 112/5/16 113/14/34 114/5/16
f 117/16/35 116/15/9 115/15/9
f 116/15/9 117/16/35 118/16/35
f 121/5/16 120/17/34 119/5/16
f 120/17/34 121/5/16 122/17/34
f 125/19/36 124/18/8 123/18/8
f 124/18/8 125/19/36 126/19/36
f 117/16/3 124/18/3 126/19/3
f 124/18/3 117/16/3 127/16/3
f 127/16/3 117/16/3 115/15/3
f 127/16/3 128/19/3 124/18/3
f 131/5/2 130/14/37 129/14/37
f 130/14/37 131/5/2 132/5/2
f 135/21/9 134/20/35 133/20/35
f 134/20/35 135/21/9 136/21/9
f 123/18/8 128/19/38 137/19/38
f 128/19/38 123/18/8 124/18/8
f 122/17/1 132/5/1 138/22/1
f 132/5/1 122/17/1 121/5/1
f 132/5/1 121/5/1 139/23/1
f 132/5/1 139/23/1 130/14/1
f 141/17/3 112/5/3 140/22/3
f 112/5/3 141/17/3 142/5/3
f 112/5/3 142/5/3 111/14/3
f 111/14/3 142/5/3 143/23/3
f 145/20/3 135/21/3 144/24/3
f 146/24/3 144/24/3 135/21/3
f 146/24/3 135/21/3 133/20/3
f 144/24/3 146/24/3 147/25/3
f 142/5/2 148/23/39 143/23/39
f 148/23/39 142/5/2 149/5/2
f 131/5/3 120/17/3 150/22/3
f 120/17/3 131/5/3 119/5/3
f 119/5/3 131/5/3 151/23/3
f 151/23/3 131/5/3 129/14/3
f 152/16/1 123/18/1 137/19/1
f 118/16/1 123/18/1 152/16/1
f 118/16/1 152/16/1 116/15/1
f 123/18/1 118/16/1 125/19/1
f 154/20/1 153/24/1 136/21/1
f 153/24/1 155/24/1 136/21/1
f 136/21/1 155/24/1 134/20/1
f 155/24/1 153/24/1 156/25/1
f 156/25/8 146/24/36 155/24/36
f 146/24/36 156/25/8 147/25/8
f 115/15/9 152/16/40 127/16/40
f 152/16/40 115/15/9 116/15/9
f 157/17/37 142/5/2 141/17/37
f 142/5/2 157/17/37 149/5/2
f 145/20/40 136/21/9 135/21/9
f 136/21/9 145/20/40 154/20/40
f 153/24/38 147/25/8 156/25/8
f 147/25/8 153/24/38 144/24/38
f 114/5/1 157/17/1 158/22/1
f 157/17/1 114/5/1 149/5/1
f 149/5/1 114/5/1 113/14/1
f 149/5/1 113/14/1 148/23/1
f 114/5/16 140/22/41 112/5/16
f 140/22/41 114/5/16 158/22/41
f 139/23/41 119/5/16 151/23/41
f 119/5/16 139/23/41 121/5/16
f 150/22/39 132/5/2 131/5/2
f 132/5/2 150/22/39 138/22/39
f 161/11/20 160/3/19 159/3/19
f 160/3/19 161/11/20 162/11/20
f 160/3/19 163/3/21 159/3/19
f 163/3/21 160/3/19 164/3/21
f 165/11/22 163/3/21 164/3/21
f 163/3/21 165/11/22 166/11/22
f 165/11/22 161/11/20 166/11/22
f 161/11/20 165/11/22 162/11/20
f 169/3/8 168/3/8 167/3/8
f 168/3/8 169/3/8 170/3/8
f 170/3/8 169/3/8 171/3/8
f 170/3/8 171/3/8 172/3/8
f 174/11/43 168/3/42 173/11/42
f 168/3/42 174/11/43 167/3/43
f 175/11/44 168/3/42 170/3/44
f 168/3/42 175/11/44 173/11/42
f 172/3/45 177/11/46 176/11/45
f 177/11/46 172/3/45 171/3/46
f 178/11/47 171/3/46 169/3/47
f 171/3/46 178/11/47 177/11/46
f 176/11/45 170/3/44 172/3/45
f 170/3/44 176/11/45 175/11/44
f 174/11/43 169/3/47 167/3/43
f 169/3/47 174/11/43 178/11/47
f 181/4/9 180/4/9 179/4/9
f 180/4/9 181/4/9 182/4/9
f 182/4/9 181/4/9 183/4/9
f 182/4/9 183/4/9 184/4/9
f 185/11/1 183/4/48 181/4/1
f 183/4/48 185/11/1 186/11/48
f 187/11/49 183/4/48 186/11/48
f 183/4/48 187/11/49 184/4/49
f 187/11/49 182/4/3 184/4/49
f 182/4/3 187/11/49 188/11/3
f 188/11/3 180/4/50 182/4/3
f 180/4/50 188/11/3 189/11/50
f 180/4/50 190/11/51 179/4/51
f 190/11/51 180/4/50 189/11/50
f 190/11/51 181/4/1 179/4/51
f 181/4/1 190/11/51 185/11/1
f 178/11/9 187/11/9 177/11/9
f 177/11/9 187/11/9 176/11/9
f 178/11/9 188/11/9 187/11/9
f 186/11/9 176/11/9 187/11/9
f 178/11/9 189/11/9 188/11/9
f 174/11/9 189/11/9 178/11/9
f 186/11/9 175/11/9 176/11/9
f 185/11/9 175/11/9 186/11/9
f 189/11/9 174/11/9 190/11/9
f 190/11/9 175/11/9 185/11/9
f 173/11/9 190/11/9 174/11/9
f 190/11/9 173/11/9 175/11/9
f 193/11/9 192/11/9 191/11/9
f 192/11/9 193/11/9 194/11/9
f 194/11/9 193/11/9 195/11/9
f 194/11/9 195/11/9 196/11/9
f 199/11/20 198/3/19 197/3/19
f 198/3/19 199/11/20 200/11/20
f 198/3/19 201/3/21 197/3/19
f 201/3/21 198/3/19 202/3/21
f 203/11/22 201/3/21 202/3/21
f 201/3/21 203/11/22 204/11/22
f 203/11/22 199/11/20 204/11/22
f 199/11/20 203/11/22 200/11/20
f 207/11/9 206/11/9 205/11/9
f 206/11/9 207/11/9 208/11/9
f 208/11/9 207/11/9 209/11/9
f 208/11/9 209/11/9 210/11/9
f 205/11/52 212/3/53 211/3/52
f 212/3/53 205/11/52 206/11/53
f 207/11/54 211/3/52 213/3/54
f 211/3/52 207/11/54 205/11/52
f 208/11/55 215/3/56 214/3/55
f 215/3/56 208/11/55 210/11/56
f 215/3/56 209/11/57 216/3/57
f 209/11/57 215/3/56 210/11/56
f 206/11/53 214/3/55 212/3/53
f 214/3/55 206/11/53 208/11/55
f 209/11/57 213/3/54 216/3/57
f 213/3/54 209/11/57 207/11/54
f 219/11/9 218/11/9 217/11/9
f 218/11/9 219/11/9 220/11/9
f 220/11/9 219/11/9 221/11/9
f 220/11/9 221/11/9 222/11/9
f 225/11/20 224/3/19 223/3/19
f 224/3/19 225/11/20 226/11/20
f 224/3/19 227/3/21 223/3/19
f 227/3/21 224/3/19 228/3/21
f 229/11/22 227/3/21 228/3/21
f 227/3/21 229/11/22 230/11/22
f 229/11/22 225/11/20 230/11/22
f 225/11/20 229/11/22 226/11/20
f 233/11/9 232/11/9 231/11/9
f 232/11/9 233/11/9 234/11/9
f 234/11/9 233/11/9 235/11/9
f 234/11/9 235/11/9 236/11/9
f 231/11/52 238/3/53 237/3/52
f 238/3/53 231/11/52 232/11/53
f 233/11/54 237/3/52 239/3/54
f 237/3/52 233/11/54 231/11/52
f 234/11/55 241/3/56 240/3/55
f 241/3/56 234/11/55 236/11/56
f 241/3/56 235/11/57 242/3/57
f 235/11/57 241/3/56 236/11/56
f 232/11/53 240/3/55 238/3/53
f 240/3/55 232/11/53 234/11/55
f 235/11/57 239/3/54 242/3/57
f 239/3/54 235/11/57 233/11/54
f 245/26/9 244/26/9 243/26/9
f 245/26/9 243/26/9 246/26/9
f 245/26/9 247/26/9 244/26/9
f 248/26/9 247/26/9 245/26/9
f 247/26/9 248/26/9 249/26/9
f 250/26/9 249/26/9 248/26/9
f 249/26/9 250/26/9 251/26/9
f 245/26/9 246/26/9 252/26/9
f 251/26/9 250/26/9 252/26/9
f 253/26/9 252/26/9 246/26/9
f 251/26/9 252/26/9 254/26/9
f 254/26/9 252/26/9 253/26/9
f 257/5/58 256/11/58 255/5/58
f 256/11/58 257/5/58 258/11/58
f 261/11/9 260/11/9 259/11/9
f 260/11/9 261/11/9 262/11/9
f 262/11/9 258/11/9 260/11/9
f 258/11/9 262/11/9 256/11/9
f 262/11/9 261/11/9 263/11/9
f 264/11/9 263/11/9 261/11/9
f 263/11/9 264/11/9 265/11/9
f 265/11/9 264/11/9 266/11/9
f 266/11/9 264/11/9 267/11/9
f 268/11/9 267/11/9 264/11/9
f 267/11/9 268/11/9 269/11/9
f 269/11/9 268/11/9 270/11/9
f 270/11/9 271/11/9 269/11/9
f 271/11/9 270/11/9 272/11/9
f 274/5/2 262/11/2 273/5/2
f 262/11/2 274/5/2 256/11/2
f 256/11/2 274/5/2 255/5/2
f 271/11/58 276/5/58 275/5/58
f 276/5/58 271/11/58 272/11/58
f 271/11/16 277/5/16 269/11/16
f 277/5/16 271/11/16 278/5/16
f 278/5/16 271/11/16 275/5/16
f 280/5/2 267/11/2 279/5/2
f 267/11/2 280/5/2 266/11/2
f 265/11/1 280/5/1 281/5/1
f 280/5/1 265/11/1 266/11/1
f 265/11/16 282/5/16 263/11/16
f 282/5/16 265/11/16 281/5/16
f 285/28/61 284/11/60 283/27/59
f 283/27/59 286/29/62 285/28/61
f 289/27/65 288/28/64 287/29/63
f 289/27/65 290/11/66 288/28/64
f 293/29/68 292/28/67 291/28/67
f 292/28/67 293/29/68 294/29/68
f 292/28/70 296/11/69 295/11/69
f 296/11/69 292/28/70 297/28/71
f 288/28/71 296/11/69 297/28/71
f 296/11/69 288/28/71 290/11/69
f 299/29/73 298/30/2 293/29/72
f 298/30/2 299/29/73 300/3/2
f 301/3/2 298/30/2 300/3/2
f 298/30/2 301/3/2 302/31/2
f 300/3/2 299/29/73 303/3/2
f 303/3/2 299/29/73 304/30/2
f 286/29/73 304/30/2 299/29/73
f 304/30/2 286/29/73 305/30/2
f 306/29/75 292/28/70 294/29/74
f 292/28/70 306/29/75 297/28/71
f 287/29/75 297/28/71 306/29/75
f 297/28/71 287/29/75 288/28/71
f 291/28/67 295/11/3 307/11/3
f 295/11/3 291/28/67 292/28/67
f 289/27/76 284/11/76 290/11/76
f 284/11/76 289/27/76 283/27/76
f 308/30/1 283/27/1 289/27/1
f 283/27/1 308/30/1 309/30/1
f 283/27/59 305/30/18 286/29/62
f 305/30/18 283/27/59 309/30/18
f 301/3/3 310/31/77 302/31/77
f 310/31/77 301/3/3 311/3/3
f 311/3/3 301/3/3 312/3/3
f 311/3/3 312/3/3 313/3/3
f 302/31/77 314/30/78 298/30/78
f 314/30/78 302/31/77 310/31/77
f 298/30/3 294/29/68 293/29/68
f 294/29/68 298/30/3 314/30/3
f 308/30/17 287/29/63 315/30/17
f 287/29/63 308/30/17 289/27/65
f 316/3/16 310/31/16 311/3/16
f 310/31/16 316/3/16 314/30/16
f 314/30/16 316/3/16 294/29/74
f 294/29/74 316/3/16 306/29/75
f 306/29/75 316/3/16 317/3/16
f 306/29/75 317/3/16 318/30/16
f 315/30/16 306/29/75 318/30/16
f 306/29/75 315/30/16 287/29/75
f 307/11/81 319/28/80 291/28/79
f 319/28/80 307/11/81 320/11/81
f 284/11/81 319/28/80 320/11/81
f 319/28/80 284/11/81 285/28/80
f 295/11/8 320/11/8 307/11/8
f 320/11/8 295/11/8 296/11/8
f 290/11/8 320/11/8 296/11/8
f 320/11/8 290/11/8 284/11/8
f 291/28/79 299/29/73 293/29/72
f 299/29/73 291/28/79 319/28/80
f 285/28/80 299/29/73 319/28/80
f 299/29/73 285/28/80 286/29/73
f 323/7/11 322/1/12 321/7/12
f 322/1/12 323/7/11 324/1/11
f 323/7/8 293/7/8 325/7/8
f 326/7/8 293/7/8 323/7/8
f 326/7/8 323/7/8 321/7/8
f 326/7/8 321/7/8 327/7/8
f 326/7/8 294/7/8 293/7/8
f 328/7/8 294/7/8 326/7/8
f 328/7/8 329/7/8 294/7/8
f 328/7/8 330/7/8 329/7/8
f 331/7/8 330/7/8 328/7/8
f 330/7/8 331/7/8 332/7/8
f 335/1/9 334/1/9 333/1/9
f 334/1/9 335/1/9 336/1/9
f 336/1/9 335/1/9 337/1/9
f 338/1/9 336/1/9 337/1/9
f 337/1/9 335/1/9 339/1/9
f 337/1/9 339/1/9 340/1/9
f 340/1/9 339/1/9 341/1/9
f 341/1/9 339/1/9 324/1/9
f 324/1/9 339/1/9 342/1/9
f 324/1/9 342/1/9 322/1/9
f 321/7/12 342/1/13 327/7/13
f 342/1/13 321/7/12 322/1/12
f 336/1/7 329/7/1 330/7/7
f 329/7/1 336/1/7 338/1/1
f 336/1/7 332/7/6 334/1/6
f 332/7/6 336/1/7 330/7/7
f 333/1/5 328/7/4 335/1/4
f 328/7/4 333/1/5 331/7/5
f 334/1/6 331/7/5 333/1/5
f 331/7/5 334/1/6 332/7/6
f 326/7/14 335/1/4 328/7/4
f 335/1/4 326/7/14 339/1/14
f 327/7/13 339/1/14 326/7/14
f 339/1/14 327/7/13 342/1/13
f 341/1/1 323/7/11 325/7/1
f 323/7/11 341/1/1 324/1/11
f 361/43/82 22/43/82 357/39/20
f 24/39/20 357/39/20 22/43/82
f 361/43/82 10/43/9 22/43/82
f 9/43/9 22/43/82 10/43/9
f 347/33/82 346/33/82 355/37/20
f 354/37/20 355/37/20 346/33/82
f 345/32/82 344/32/82 351/35/20
f 350/35/20 351/35/20 344/32/82
f 360/42/82 18/42/82 359/41/20
f 17/41/20 359/41/20 18/42/82
f 360/42/82 14/42/9 18/42/82
f 13/42/9 18/42/82 14/42/9
f 8/40/8 358/40/19 7/40/8
f 19/40/19 7/40/8 358/40/19
f 359/41/1 17/41/1 358/40/19
f 19/40/19 358/40/19 17/41/1
f 16/38/8 356/38/19 15/38/8
f 23/38/19 15/38/8 356/38/19
f 357/39/1 24/39/1 356/38/19
f 23/38/19 356/38/19 24/39/1
f 12/36/8 353/36/19 11/36/8
f 352/36/19 11/36/8 353/36/19
f 355/37/1 354/37/1 353/36/19
f 352/36/19 353/36/19 354/37/1
f 4/34/8 349/34/19 3/34/8
f 348/34/19 3/34/8 349/34/19
f 351/35/1 350/35/1 349/34/19
f 348/34/19 349/34/19 350/35/1
f 347/33/82 2/33/9 346/33/82
f 1/33/9 346/33/82 2/33/9
f 345/32/82 262/32/9 344/32/82
f 343/32/9 344/32/82 262/32/9
f 381/32/83 379/32/83 365/44/22
f 364/44/22 365/44/22 379/32/83
f 381/32/83 380/32/9 379/32/83
f 378/32/9 379/32/83 380/32/9
f 377/43/83 375/43/83 371/45/22
f 370/45/22 371/45/22 375/43/83
f 377/43/83 376/43/9 375/43/83
f 374/43/9 375/43/83 376/43/9
f 373/42/8 369/42/21 372/42/8
f 368/42/21 372/42/8 369/42/21
f 371/45/3 370/45/3 369/42/21
f 368/42/21 369/42/21 370/45/3
f 367/33/8 363/33/21 366/33/8
f 362/33/21 366/33/8 363/33/21
f 365/44/3 364/44/3 363/33/21
f 362/33/21 363/33/21 364/44/3
f 384/46/8 383/46/8 382/46/8
f 383/46/8 384/46/8 385/46/8
f 385/46/8 384/46/8 386/46/8
f 385/46/8 386/46/8 387/46/8
f 72/32/84 386/46/85 384/46/84
f 386/46/85 72/32/84 74/32/85
f 386/46/85 73/32/86 387/46/86
f 73/32/86 386/46/85 74/32/85
f 69/32/87 382/46/88 383/46/87
f 382/46/88 69/32/87 70/32/88
f 70/32/88 384/46/84 382/46/88
f 384/46/84 70/32/88 72/32/84
f 71/32/89 383/46/87 385/46/89
f 383/46/87 71/32/89 69/32/87
f 73/32/86 385/46/89 387/46/86
f 385/46/89 73/32/86 71/32/89
f 390/48/91 389/47/90 388/47/90
f 389/47/90 390/48/91 391/48/91
f 390/48/91 392/32/9 391/48/91
f 392/32/9 390/48/91 393/32/9
f 393/32/9 394/48/92 392/32/9
f 394/48/92 393/32/9 395/48/92
f 394/48/92 397/47/93 396/47/93
f 397/47/93 394/48/92 395/48/92
f 400/49/94 399/46/94 398/46/94
f 399/46/94 400/49/94 401/49/94
f 402/50/96 401/49/95 400/49/95
f 401/49/95 402/50/96 403/50/96
f 402/50/96 404/51/8 403/50/96
f 404/51/8 402/50/96 405/51/8
f 405/51/8 406/50/97 404/51/8
f 406/50/97 405/51/8 407/50/97
f 406/50/97 409/49/98 408/49/98
f 409/49/98 406/50/97 407/50/97
f 408/49/99 411/46/99 410/46/99
f 411/46/99 408/49/99 409/49/99
f 396/47/93 413/46/99 412/46/99
f 413/46/99 396/47/93 397/47/93
f 412/46/100 394/48/100 396/47/100
f 399/46/100 394/48/100 412/46/100
f 401/49/100 394/48/100 399/46/100
f 403/50/100 394/48/100 401/49/100
f 404/51/100 394/48/100 403/50/100
f 404/51/100 392/32/100 394/48/100
f 406/50/100 392/32/100 404/51/100
f 406/50/100 391/48/100 392/32/100
f 391/48/100 406/50/100 408/49/100
f 410/46/100 391/48/100 408/49/100
f 414/46/100 391/48/100 410/46/100
f 391/48/100 414/46/100 389/47/100
f 388/47/90 414/46/94 415/46/94
f 414/46/94 388/47/90 389/47/90
f 418/48/22 417/47/101 416/47/101
f 417/47/101 418/48/22 419/48/22
f 418/48/22 420/32/9 419/48/22
f 420/32/9 418/48/22 421/32/9
f 421/32/9 422/48/20 420/32/9
f 422/48/20 421/32/9 423/48/20
f 422/48/20 425/47/102 424/47/102
f 425/47/102 422/48/20 423/48/20
f 424/47/1 427/52/103 426/52/103
f 427/52/103 424/47/1 425/47/1
f 430/49/3 429/53/3 428/53/3
f 429/53/3 430/49/3 431/49/3
f 432/50/21 431/49/104 430/49/104
f 431/49/104 432/50/21 433/50/21
f 432/50/21 434/51/8 433/50/21
f 434/51/8 432/50/21 435/51/8
f 435/51/8 436/50/19 434/51/8
f 436/50/19 435/51/8 437/50/19
f 436/50/19 439/49/105 438/49/105
f 439/49/105 436/50/19 437/50/19
f 438/49/1 441/53/1 440/53/1
f 441/53/1 438/49/1 439/49/1
f 441/53/9 429/53/9 440/53/9
f 429/53/9 441/53/9 428/53/9
f 416/47/3 443/52/106 442/52/106
f 443/52/106 416/47/3 417/47/3
f 446/46/107 445/46/108 444/46/107
f 445/46/108 446/46/107 447/46/108
f 447/46/108 448/54/21 445/46/108
f 448/54/21 447/46/108 449/54/21
f 442/52/106 448/54/21 449/54/21
f 448/54/21 442/52/106 443/52/106
f 426/52/103 451/54/19 450/54/19
f 451/54/19 426/52/103 427/52/103
f 451/54/19 444/46/107 450/54/19
f 444/46/107 451/54/19 446/46/107
f 419/48/16 443/52/16 417/47/16
f 443/52/16 419/48/16 448/54/16
f 448/54/16 419/48/16 445/46/16
f 445/46/16 419/48/16 440/53/16
f 445/46/16 440/53/16 444/46/16
f 440/53/16 419/48/16 438/49/16
f 419/48/16 436/50/16 438/49/16
f 436/50/16 419/48/16 420/32/16
f 436/50/16 420/32/16 434/51/16
f 434/51/16 420/32/16 422/48/16
f 434/51/16 422/48/16 433/50/16
f 433/50/16 422/48/16 431/49/16
f 431/49/16 422/48/16 429/53/16
f 444/46/16 440/53/16 429/53/16
f 444/46/16 429/53/16 422/48/16
f 444/46/16 422/48/16 424/47/16
f 444/46/16 424/47/16 450/54/16
f 450/54/16 424/47/16 426/52/16
f 471/32/83 469/32/83 455/44/22
f 454/44/22 455/44/22 469/32/83
f 471/32/83 470/32/9 469/32/83
f 468/32/9 469/32/83 470/32/9
f 467/43/83 465/43/83 461/45/22
f 460/45/22 461/45/22 465/43/83
f 467/43/83 466/43/9 465/43/83
f 464/43/9 465/43/83 466/43/9
f 463/42/8 459/42/21 462/42/8
f 458/42/21 462/42/8 459/42/21
f 461/45/3 460/45/3 459/42/21
f 458/42/21 459/42/21 460/45/3
f 457/33/8 453/33/21 456/33/8
f 452/33/21 456/33/8 453/33/21
f 455/44/3 454/44/3 453/33/21
f 452/33/21 453/33/21 454/44/3
f 269/32/9 473/32/82 472/32/9
f 473/32/82 269/32/9 474/32/82
f 88/33/9 475/33/82 87/33/9
f 475/33/82 88/33/9 476/33/82
f 479/35/1 478/34/19 477/34/19
f 478/34/19 479/35/1 480/35/1
f 478/34/19 89/34/8 477/34/19
f 89/34/8 478/34/19 90/34/8
f 483/37/1 482/36/19 481/36/19
f 482/36/19 483/37/1 484/37/1
f 482/36/19 97/36/8 481/36/19
f 97/36/8 482/36/19 98/36/8
f 110/39/1 485/38/19 109/38/19
f 485/38/19 110/39/1 486/39/1
f 485/38/19 101/38/8 109/38/19
f 101/38/8 485/38/19 102/38/8
f 103/41/1 487/40/19 105/40/19
f 487/40/19 103/41/1 488/41/1
f 487/40/19 93/40/8 105/40/19
f 93/40/8 487/40/19 94/40/8
f 100/42/9 104/42/82 99/42/9
f 104/42/82 100/42/9 489/42/82
f 104/42/82 488/41/20 103/41/20
f 488/41/20 104/42/82 489/42/82
f 473/32/82 480/35/20 479/35/20
f 480/35/20 473/32/82 474/32/82
f 475/33/82 484/37/20 483/37/20
f 484/37/20 475/33/82 476/33/82
f 96/43/9 108/43/82 95/43/9
f 108/43/82 96/43/9 490/43/82
f 108/43/82 486/39/20 110/39/20
f 486/39/20 108/43/82 490/43/82
f 493/32/109 492/55/109 491/32/109
f 492/55/109 493/32/109 494/55/109
f 497/55/110 496/32/110 495/32/110
f 496/32/110 497/55/110 498/55/110
f 501/46/111 500/56/111 499/56/111
f 500/56/111 501/46/111 502/46/111
f 499/56/3 503/57/3 501/46/3
f 503/57/3 499/56/3 504/43/3
f 505/43/3 503/57/3 504/43/3
f 505/43/3 504/43/3 497/55/3
f 506/56/3 503/57/3 505/43/3
f 503/57/3 506/56/3 507/46/3
f 505/43/3 497/55/3 508/58/3
f 508/58/3 497/55/3 495/32/3
f 508/58/3 492/55/3 505/43/3
f 492/55/3 508/58/3 491/32/3
f 509/58/1 494/55/1 493/32/1
f 494/55/1 509/58/1 510/43/1
f 498/55/1 510/43/1 509/58/1
f 498/55/1 509/58/1 496/32/1
f 511/43/1 510/43/1 498/55/1
f 512/57/1 510/43/1 511/43/1
f 500/56/1 512/57/1 511/43/1
f 512/57/1 500/56/1 502/46/1
f 512/57/1 513/56/1 510/43/1
f 513/56/1 512/57/1 514/46/1
f 513/56/112 507/46/112 506/56/112
f 507/46/112 513/56/112 514/46/112
f 141/59/109 510/43/109 157/59/109
f 157/59/109 510/43/109 158/60/109
f 141/59/109 505/43/109 510/43/109
f 513/56/109 158/60/109 510/43/109
f 505/43/109 141/59/109 506/56/109
f 513/56/109 140/60/109 158/60/109
f 506/56/109 140/60/109 513/56/109
f 140/60/109 506/56/109 141/59/109
f 512/57/111 133/61/111 134/61/111
f 512/57/111 134/61/111 155/62/111
f 503/57/111 133/61/111 512/57/111
f 155/62/111 514/46/111 512/57/111
f 133/61/111 503/57/111 507/46/111
f 146/62/111 514/46/111 155/62/111
f 507/46/111 146/62/111 133/61/111
f 146/62/111 507/46/111 514/46/111
f 113/64/112 510/43/112 148/63/112
f 148/63/112 510/43/112 143/63/112
f 113/64/112 494/55/112 510/43/112
f 505/43/112 143/63/112 510/43/112
f 494/55/112 113/64/112 492/55/112
f 505/43/112 111/64/112 143/63/112
f 492/55/112 111/64/112 505/43/112
f 111/64/112 492/55/112 113/64/112
f 120/59/110 499/56/110 150/60/110
f 150/60/110 499/56/110 138/60/110
f 120/59/110 504/43/110 499/56/110
f 500/56/110 138/60/110 499/56/110
f 504/43/110 120/59/110 511/43/110
f 500/56/110 122/59/110 138/60/110
f 511/43/110 122/59/110 500/56/110
f 122/59/110 511/43/110 120/59/110
f 127/66/110 508/58/110 128/65/110
f 128/65/110 508/58/110 137/65/110
f 127/66/110 491/32/110 508/58/110
f 509/58/110 137/65/110 508/58/110
f 491/32/110 127/66/110 493/32/110
f 509/58/110 152/66/110 137/65/110
f 493/32/110 152/66/110 509/58/110
f 152/66/110 493/32/110 127/66/110
f 117/66/109 496/32/109 118/66/109
f 118/66/109 496/32/109 125/65/109
f 117/66/109 495/32/109 496/32/109
f 509/58/109 125/65/109 496/32/109
f 495/32/109 117/66/109 508/58/109
f 509/58/109 126/65/109 125/65/109
f 508/58/109 126/65/109 509/58/109
f 126/65/109 508/58/109 117/66/109
f 501/46/112 145/61/112 144/62/112
f 501/46/112 144/62/112 153/62/112
f 503/57/112 145/61/112 501/46/112
f 153/62/112 502/46/112 501/46/112
f 145/61/112 503/57/112 512/57/112
f 154/61/112 502/46/112 153/62/112
f 502/46/112 154/61/112 512/57/112
f 145/61/112 512/57/112 154/61/112
f 498/55/111 129/64/111 130/64/111
f 498/55/111 130/64/111 139/63/111
f 497/55/111 129/64/111 498/55/111
f 139/63/111 511/43/111 498/55/111
f 129/64/111 497/55/111 504/43/111
f 151/63/111 511/43/111 139/63/111
f 504/43/111 151/63/111 129/64/111
f 151/63/111 504/43/111 511/43/111
f 517/46/8 516/46/8 515/46/8
f 516/46/8 517/46/8 518/46/8
f 518/46/8 517/46/8 519/46/8
f 518/46/8 519/46/8 520/46/8
f 194/32/113 519/46/114 517/46/113
f 519/46/114 194/32/113 196/32/114
f 519/46/114 195/32/115 520/46/115
f 195/32/115 519/46/114 196/32/114
f 191/32/116 515/46/117 516/46/116
f 515/46/117 191/32/116 192/32/117
f 192/32/117 517/46/113 515/46/117
f 517/46/113 192/32/117 194/32/113
f 193/32/118 516/46/116 518/46/118
f 516/46/116 193/32/118 191/32/116
f 195/32/115 518/46/118 520/46/115
f 518/46/118 195/32/115 193/32/118
f 523/46/8 522/46/8 521/46/8
f 522/46/8 523/46/8 524/46/8
f 524/46/8 523/46/8 525/46/8
f 524/46/8 525/46/8 526/46/8
f 220/32/119 525/46/120 523/46/119
f 525/46/120 220/32/119 222/32/120
f 525/46/120 221/32/121 526/46/121
f 221/32/121 525/46/120 222/32/120
f 217/32/122 521/46/123 522/46/122
f 521/46/123 217/32/122 218/32/123
f 218/32/123 523/46/119 521/46/123
f 523/46/119 218/32/123 220/32/119
f 219/32/124 522/46/122 524/46/124
f 522/46/122 219/32/124 217/32/122
f 221/32/121 524/46/124 526/46/121
f 524/46/124 221/32/121 219/32/124
f 527/32/7 243/67/11 244/67/7
f 243/67/11 527/32/7 528/32/11
f 243/67/11 529/32/12 246/67/12
f 529/32/12 243/67/11 528/32/11
f 527/32/7 247/67/6 530/32/6
f 247/67/6 527/32/7 244/67/7
f 532/32/5 251/67/4 531/32/4
f 251/67/4 532/32/5 249/67/5
f 530/32/6 249/67/5 532/32/5
f 249/67/5 530/32/6 247/67/6
f 533/32/14 251/67/4 254/67/14
f 251/67/4 533/32/14 531/32/4
f 246/67/12 534/32/13 253/67/13
f 534/32/13 246/67/12 529/32/12
f 531/32/9 530/32/9 532/32/9
f 530/32/9 531/32/9 527/32/9
f 527/32/9 531/32/9 535/32/9
f 535/32/9 531/32/9 533/32/9
f 536/32/9 527/32/9 535/32/9
f 535/32/9 533/32/9 537/32/9
f 527/32/9 536/32/9 528/32/9
f 537/32/9 533/32/9 538/32/9
f 528/32/9 536/32/9 538/32/9
f 528/32/9 538/32/9 533/32/9
f 528/32/9 533/32/9 534/32/9
f 528/32/9 534/32/9 529/32/9
f 253/67/13 533/32/14 254/67/14
f 533/32/14 253/67/13 534/32/13
f 541/69/7 540/68/11 539/68/7
f 540/68/11 541/69/7 542/69/11
f 539/68/8 544/68/8 543/68/8
f 544/68/8 539/68/8 545/68/8
f 545/68/8 539/68/8 540/68/8
f 545/68/8 540/68/8 546/68/8
f 546/68/8 540/68/8 547/68/8
f 546/68/8 547/68/8 548/68/8
f 541/69/7 543/68/6 549/69/6
f 543/68/6 541/69/7 539/68/7
f 552/70/8 551/70/8 550/70/8
f 551/70/8 552/70/8 553/70/8
f 553/70/8 552/70/8 554/70/8
f 553/70/8 554/70/8 555/70/8
f 555/70/8 554/70/8 556/70/8
f 555/70/8 556/70/8 557/70/8
f 559/69/9 549/69/9 558/69/9
f 549/69/9 559/69/9 541/69/9
f 541/69/9 559/69/9 560/69/9
f 541/69/9 560/69/9 542/69/9
f 542/69/9 560/69/9 561/69/9
f 542/69/9 561/69/9 562/69/9
f 547/68/12 561/69/13 548/68/13
f 561/69/13 547/68/12 562/69/12
f 564/71/7 550/70/6 563/71/6
f 550/70/6 564/71/7 552/70/7
f 558/69/5 545/68/4 559/69/4
f 545/68/4 558/69/5 544/68/5
f 566/71/9 563/71/9 565/71/9
f 563/71/9 566/71/9 564/71/9
f 564/71/9 566/71/9 567/71/9
f 564/71/9 567/71/9 568/71/9
f 568/71/9 567/71/9 569/71/9
f 568/71/9 569/71/9 570/71/9
f 560/69/14 545/68/4 546/68/14
f 545/68/4 560/69/14 559/69/4
f 563/71/6 551/70/5 565/71/5
f 551/70/5 563/71/6 550/70/6
f 564/71/7 554/70/11 552/70/7
f 554/70/11 564/71/7 568/71/11
f 567/71/14 553/70/4 555/70/14
f 553/70/4 567/71/14 566/71/4
f 565/71/5 553/70/4 566/71/4
f 553/70/4 565/71/5 551/70/5
f 549/69/6 544/68/5 558/69/5
f 544/68/5 549/69/6 543/68/6
f 542/69/11 547/68/12 540/68/11
f 547/68/12 542/69/11 562/69/12
f 568/71/11 556/70/12 554/70/11
f 556/70/12 568/71/11 570/71/12
f 556/70/12 569/71/13 557/70/13
f 569/71/13 556/70/12 570/71/12
f 569/71/13 555/70/14 557/70/13
f 555/70/14 569/71/13 567/71/14
f 561/69/13 546/68/14 548/68/13
f 546/68/14 561/69/13 560/69/14
f 573/71/126 572/68/125 571/71/125
f 572/68/125 573/71/126 574/68/126
f 571/71/128 572/68/128 573/71/127
f 574/68/127 573/71/127 572/68/128
f 577/71/125 576/68/126 575/71/126
f 576/68/126 577/71/125 578/68/125
f 575/71/127 576/68/127 577/71/128
f 578/68/128 577/71/128 576/68/127
f 579/71/125 578/68/125 577/71/125
f 578/68/125 579/71/125 580/68/125
f 577/71/128 578/68/128 579/71/128
f 580/68/128 579/71/128 578/68/128
f 571/71/125 582/68/129 581/71/129
f 582/68/129 571/71/125 572/68/125
f 581/71/130 582/68/130 571/71/128
f 572/68/128 571/71/128 582/68/130
f 583/71/126 580/68/125 579/71/125
f 580/68/125 583/71/126 584/68/126
f 579/71/128 580/68/128 583/71/127
f 584/68/127 583/71/127 580/68/128
f 585/71/131 584/68/126 583/71/126
f 584/68/126 585/71/131 586/68/131
f 583/71/127 584/68/127 585/71/132
f 586/68/132 585/71/132 584/68/127
f 587/71/131 574/68/126 573/71/126
f 574/68/126 587/71/131 588/68/131
f 588/68/131 587/71/131 575/71/126
f 588/68/131 575/71/126 576/68/126
f 573/71/127 574/68/127 587/71/132
f 588/68/132 587/71/132 574/68/127
f 575/71/127 587/71/132 588/68/132
f 576/68/127 575/71/127 588/68/132
f 591/71/126 590/68/125 589/71/125
f 590/68/125 591/71/126 592/68/126
f 589/71/128 590/68/128 591/71/127
f 592/68/127 591/71/127 590/68/128
f 595/71/125 594/68/126 593/71/126
f 594/68/126 595/71/125 596/68/125
f 593/71/127 594/68/127 595/71/128
f 596/68/128 595/71/128 594/68/127
f 597/71/125 596/68/125 595/71/125
f 596/68/125 597/71/125 598/68/125
f 595/71/128 596/68/128 597/71/128
f 598/68/128 597/71/128 596/68/128
f 589/71/125 600/68/129 599/71/129
f 600/68/129 589/71/125 590/68/125
f 599/71/130 600/68/130 589/71/128
f 590/68/128 589/71/128 600/68/130
f 601/71/126 598/68/125 597/71/125
f 598/68/125 601/71/126 602/68/126
f 597/71/128 598/68/128 601/71/127
f 602/68/127 601/71/127 598/68/128
f 603/71/131 602/68/126 601/71/126
f 602/68/126 603/71/131 604/68/131
f 601/71/127 602/68/127 603/71/132
f 604/68/132 603/71/132 602/68/127
f 605/71/131 592/68/126 591/71/126
f 592/68/126 605/71/131 606/68/131
f 606/68/131 605/71/131 593/71/126
f 606/68/131 593/71/126 594/68/126
f 591/71/127 592/68/127 605/71/132
f 606/68/132 605/71/132 592/68/127
f 593/71/127 605/71/132 606/68/132
f 594/68/127 593/71/127 606/68/132
f 609/69/7 608/68/11 607/68/7
f 608/68/11 609/69/7 610/69/11
f 607/68/8 612/68/8 611/68/8
f 612/68/8 607/68/8 613/68/8
f 613/68/8 607/68/8 608/68/8
f 613/68/8 608/68/8 614/68/8
f 614/68/8 608/68/8 615/68/8
f 614/68/8 615/68/8 616/68/8
f 609/69/7 611/68/6 617/69/6
f 611/68/6 609/69/7 607/68/7
f 620/70/8 619/70/8 618/70/8
f 619/70/8 620/70/8 621/70/8
f 621/70/8 620/70/8 622/70/8
f 621/70/8 622/70/8 623/70/8
f 623/70/8 622/70/8 624/70/8
f 623/70/8 624/70/8 625/70/8
f 627/69/9 617/69/9 626/69/9
f 617/69/9 627/69/9 609/69/9
f 609/69/9 627/69/9 628/69/9
f 609/69/9 628/69/9 610/69/9
f 610/69/9 628/69/9 629/69/9
f 610/69/9 629/69/9 630/69/9
f 615/68/12 629/69/13 616/68/13
f 629/69/13 615/68/12 630/69/12
f 632/71/7 618/70/6 631/71/6
f 618/70/6 632/71/7 620/70/7
f 626/69/5 613/68/4 627/69/4
f 613/68/4 626/69/5 612/68/5
f 634/71/9 631/71/9 633/71/9
f 631/71/9 634/71/9 632/71/9
f 632/71/9 634/71/9 635/71/9
f 632/71/9 635/71/9 636/71/9
f 636/71/9 635/71/9 637/71/9
f 636/71/9 637/71/9 638/71/9
f 628/69/14 613/68/4 614/68/14
f 613/68/4 628/69/14 627/69/4
f 631/71/6 619/70/5 633/71/5
f 619/70/5 631/71/6 618/70/6
f 632/71/7 622/70/11 620/70/7
f 622/70/11 632/71/7 636/71/11
f 635/71/14 621/70/4 623/70/14
f 621/70/4 635/71/14 634/71/4
f 633/71/5 621/70/4 634/71/4
f 621/70/4 633/71/5 619/70/5
f 617/69/6 612/68/5 626/69/5
f 612/68/5 617/69/6 611/68/6
f 610/69/11 615/68/12 608/68/11
f 615/68/12 610/69/11 630/69/12
f 636/71/11 624/70/12 622/70/11
f 624/70/12 636/71/11 638/71/12
f 624/70/12 637/71/13 625/70/13
f 637/71/13 624/70/12 638/71/12
f 637/71/13 623/70/14 625/70/13
f 623/70/14 637/71/13 635/71/14
f 629/69/13 614/68/14 616/68/13
f 614/68/14 629/69/13 628/69/14
f 641/69/7 640/68/11 639/68/7
f 640/68/11 641/69/7 642/69/11
f 639/68/8 644/68/8 643/68/8
f 644/68/8 639/68/8 645/68/8
f 645/68/8 639/68/8 640/68/8
f 645/68/8 640/68/8 646/68/8
f 646/68/8 640/68/8 647/68/8
f 646/68/8 647/68/8 648/68/8
f 641/69/7 643/68/6 649/69/6
f 643/68/6 641/69/7 639/68/7
f 652/70/8 651/70/8 650/70/8
f 651/70/8 652/70/8 653/70/8
f 653/70/8 652/70/8 654/70/8
f 653/70/8 654/70/8 655/70/8
f 655/70/8 654/70/8 656/70/8
f 655/70/8 656/70/8 657/70/8
f 659/69/9 649/69/9 658/69/9
f 649/69/9 659/69/9 641/69/9
f 641/69/9 659/69/9 660/69/9
f 641/69/9 660/69/9 642/69/9
f 642/69/9 660/69/9 661/69/9
f 642/69/9 661/69/9 662/69/9
f 647/68/12 661/69/13 648/68/13
f 661/69/13 647/68/12 662/69/12
f 664/71/7 650/70/6 663/71/6
f 650/70/6 664/71/7 652/70/7
f 658/69/5 645/68/4 659/69/4
f 645/68/4 658/69/5 644/68/5
f 666/71/9 663/71/9 665/71/9
f 663/71/9 666/71/9 664/71/9
f 664/71/9 666/71/9 667/71/9
f 664/71/9 667/71/9 668/71/9
f 668/71/9 667/71/9 669/71/9
f 668/71/9 669/71/9 670/71/9
f 660/69/14 645/68/4 646/68/14
f 645/68/4 660/69/14 659/69/4
f 663/71/6 651/70/5 665/71/5
f 651/70/5 663/71/6 650/70/6
f 664/71/7 654/70/11 652/70/7
f 654/70/11 664/71/7 668/71/11
f 667/71/14 653/70/4 655/70/14
f 653/70/4 667/71/14 666/71/4
f 665/71/5 653/70/4 666/71/4
f 653/70/4 665/71/5 651/70/5
f 649/69/6 644/68/5 658/69/5
f 644/68/5 649/69/6 643/68/6
f 642/69/11 647/68/12 640/68/11
f 647/68/12 642/69/11 662/69/12
f 668/71/11 656/70/12 654/70/11
f 656/70/12 668/71/11 670/71/12
f 656/70/12 669/71/13 657/70/13
f 669/71/13 656/70/12 670/71/12
f 669/71/13 655/70/14 657/70/13
f 655/70/14 669/71/13 667/71/14
f 661/69/13 646/68/14 648/68/13
f 646/68/14 661/69/13 660/69/14
f 673/71/126 672/68/125 671/71/125
f 672/68/125 673/71/126 674/68/126
f 671/71/128 672/68/128 673/71/127
f 674/68/127 673/71/127 672/68/128
f 677/71/125 676/68/126 675/71/126
f 676/68/126 677/71/125 678/68/125
f 675/71/127 676/68/127 677/71/128
f 678/68/128 677/71/128 676/68/127
f 679/71/125 678/68/125 677/71/125
f 678/68/125 679/71/125 680/68/125
f 677/71/128 678/68/128 679/71/128
f 680/68/128 679/71/128 678/68/128
f 671/71/125 682/68/129 681/71/129
f 682/68/129 671/71/125 672/68/125
f 681/71/130 682/68/130 671/71/128
f 672/68/128 671/71/128 682/68/130
f 683/71/126 680/68/125 679/71/125
f 680/68/125 683/71/126 684/68/126
f 679/71/128 680/68/128 683/71/127
f 684/68/127 683/71/127 680/68/128
f 685/71/131 684/68/126 683/71/126
f 684/68/126 685/71/131 686/68/131
f 683/71/127 684/68/127 685/71/132
f 686/68/132 685/71/132 684/68/127
f 687/71/131 674/68/126 673/71/126
f 674/68/126 687/71/131 688/68/131
f 688/68/131 687/71/131 675/71/126
f 688/68/131 675/71/126 676/68/126
f 673/71/127 674/68/127 687/71/132
f 688/68/132 687/71/132 674/68/127
f 675/71/127 687/71/132 688/68/132
f 676/68/127 675/71/127 688/68/132
f 691/72/133 690/71/134 689/72/133
f 690/71/134 691/72/133 692/71/135
f 693/73/136 690/71/134 692/71/135
f 692/71/135 694/74/2 693/73/136
f 692/71/135 695/75/2 694/74/2
f 695/75/2 692/71/135 691/72/2
f 696/76/2 693/73/136 694/74/2
f 693/73/136 696/76/2 697/76/137
f 690/71/134 693/73/136 698/73/138
f 697/76/137 698/73/138 693/73/136
f 696/76/2 699/77/139 697/76/137
f 699/77/139 696/76/2 700/78/2
f 698/73/138 697/76/137 701/76/140
f 699/77/139 701/76/140 697/76/137
f 700/78/2 702/68/141 699/77/139
f 703/79/2 702/68/141 700/78/2
f 702/68/141 703/79/2 704/80/2
f 705/68/142 699/77/139 702/68/141
f 704/80/143 705/68/142 702/68/141
f 705/68/142 704/80/143 706/80/143
f 701/76/140 699/77/139 707/77/144
f 699/77/139 705/68/142 707/77/144
f 708/76/16 698/73/138 701/76/140
f 707/77/144 708/76/16 701/76/140
f 698/73/138 708/76/16 709/74/16
f 708/76/16 707/77/144 710/78/16
f 705/68/142 710/78/16 707/77/144
f 705/68/142 711/79/16 710/78/16
f 711/79/16 705/68/142 706/80/16
f 709/74/16 690/71/134 698/73/138
f 712/75/16 690/71/134 709/74/16
f 690/71/134 712/75/16 689/72/16
f 704/80/145 711/79/145 706/80/145
f 711/79/145 704/80/145 703/79/145
f 711/79/145 703/79/145 700/78/146
f 711/79/145 700/78/146 710/78/146
f 696/76/3 710/78/146 700/78/146
f 710/78/146 696/76/3 708/76/3
f 694/74/147 708/76/3 696/76/3
f 708/76/3 694/74/147 709/74/147
f 695/75/148 709/74/147 694/74/147
f 709/74/147 695/75/148 712/75/148
f 712/75/148 695/75/148 691/72/148
f 712/75/148 691/72/148 689/72/148
f 715/81/2 714/76/2 713/68/2
f 714/76/2 715/81/2 716/82/149
f 716/82/149 717/71/150 714/76/2
f 716/82/149 718/71/151 717/71/150
f 716/82/149 715/81/2 719/83/152
f 719/83/152 715/81/2 720/68/153
f 718/71/151 716/82/149 721/82/154
f 719/83/152 721/82/154 716/82/149
f 721/82/154 722/76/16 718/71/151
f 720/68/153 723/83/155 719/83/152
f 721/82/154 719/83/152 723/83/155
f 723/83/155 720/68/153 724/68/156
f 725/81/16 723/83/155 724/68/156
f 725/81/16 721/82/154 723/83/155
f 725/81/16 722/76/16 721/82/154
f 722/76/16 725/81/16 726/68/16
f 726/68/157 715/81/8 713/68/157
f 715/81/8 726/68/157 725/81/8
f 725/81/8 720/68/158 715/81/8
f 720/68/158 725/81/8 724/68/158
f 722/76/3 717/71/159 718/71/159
f 717/71/159 722/76/3 714/76/3
f 726/68/160 714/76/3 722/76/3
f 714/76/3 726/68/160 713/68/160
f 729/71/16 728/85/16 727/84/16
f 728/85/16 729/71/16 730/68/16
f 730/68/16 729/71/16 731/71/16
f 730/68/16 731/71/16 732/68/16
f 732/68/16 731/71/16 733/84/16
f 732/68/16 733/84/16 734/85/16
f 737/68/2 736/84/2 735/85/2
f 736/84/2 737/68/2 738/71/2
f 738/71/2 737/68/2 739/68/2
f 738/71/2 739/68/2 740/71/2
f 740/71/2 739/68/2 741/85/2
f 740/71/2 741/85/2 742/84/2
f 731/71/82 738/71/83 740/71/82
f 742/84/102 731/71/82 740/71/82
f 738/71/83 731/71/82 729/71/83
f 731/71/82 742/84/102 733/84/102
f 727/84/161 738/71/83 729/71/83
f 741/85/162 733/84/102 742/84/102
f 738/71/83 727/84/161 736/84/161
f 733/84/102 741/85/162 734/85/162
f 728/85/104 736/84/161 727/84/161
f 736/84/161 728/85/104 735/85/104
f 739/68/163 734/85/162 741/85/162
f 734/85/162 739/68/163 732/68/163
f 730/68/164 735/85/104 728/85/104
f 739/68/163 730/68/164 732/68/163
f 735/85/104 730/68/164 737/68/164
f 730/68/164 739/68/163 737/68/164
f 745/71/16 744/85/16 743/84/16
f 744/85/16 745/71/16 746/68/16
f 746/68/16 745/71/16 747/71/16
f 746/68/16 747/71/16 748/68/16
f 748/68/16 747/71/16 749/84/16
f 748/68/16 749/84/16 750/85/16
f 753/68/2 752/84/2 751/85/2
f 752/84/2 753/68/2 754/71/2
f 754/71/2 753/68/2 755/68/2
f 754/71/2 755/68/2 756/71/2
f 756/71/2 755/68/2 757/85/2
f 756/71/2 757/85/2 758/84/2
f 747/71/82 754/71/83 756/71/82
f 758/84/102 747/71/82 756/71/82
f 754/71/83 747/71/82 745/71/83
f 747/71/82 758/84/102 749/84/102
f 743/84/161 754/71/83 745/71/83
f 757/85/162 749/84/102 758/84/102
f 754/71/83 743/84/161 752/84/161
f 749/84/102 757/85/162 750/85/162
f 744/85/104 752/84/161 743/84/161
f 752/84/161 744/85/104 751/85/104
f 755/68/163 750/85/162 757/85/162
f 750/85/162 755/68/163 748/68/163
f 746/68/164 751/85/104 744/85/104
f 755/68/163 746/68/164 748/68/163
f 751/85/104 746/68/164 753/68/164
f 746/68/164 755/68/163 753/68/164
f 761/71/16 760/85/16 759/84/16
f 760/85/16 761/71/16 762/68/16
f 762/68/16 761/71/16 763/71/16
f 762/68/16 763/71/16 764/68/16
f 764/68/16 763/71/16 765/84/16
f 764/68/16 765/84/16 766/85/16
f 769/68/2 768/84/2 767/85/2
f 768/84/2 769/68/2 770/71/2
f 770/71/2 769/68/2 771/68/2
f 770/71/2 771/68/2 772/71/2
f 772/71/2 771/68/2 773/85/2
f 772/71/2 773/85/2 774/84/2
f 763/71/82 770/71/83 772/71/82
f 774/84/102 763/71/82 772/71/82
f 770/71/83 763/71/82 761/71/83
f 763/71/82 774/84/102 765/84/102
f 759/84/161 770/71/83 761/71/83
f 773/85/162 765/84/102 774/84/102
f 770/71/83 759/84/161 768/84/161
f 765/84/102 773/85/162 766/85/162
f 760/85/104 768/84/161 759/84/161
f 768/84/161 760/85/104 767/85/104
f 771/68/163 766/85/162 773/85/162
f 766/85/162 771/68/163 764/68/163
f 762/68/164 767/85/104 760/85/104
f 771/68/163 762/68/164 764/68/163
f 767/85/104 762/68/164 769/68/164
f 762/68/164 771/68/163 769/68/164
f 777/71/16 776/85/16 775/84/16
f 776/85/16 777/71/16 778/68/16
f 778/68/16 777/71/16 779/71/16
f 778/68/16 779/71/16 780/68/16
f 780/68/16 779/71/16 781/84/16
f 780/68/16 781/84/16 782/85/16
f 785/68/2 784/84/2 783/85/2
f 784/84/2 785/68/2 786/71/2
f 786/71/2 785/68/2 787/68/2
f 786/71/2 787/68/2 788/71/2
f 788/71/2 787/68/2 789/85/2
f 788/71/2 789/85/2 790/84/2
f 779/71/82 786/71/83 788/71/82
f 790/84/102 779/71/82 788/71/82
f 786/71/83 779/71/82 777/71/83
f 779/71/82 790/84/102 781/84/102
f 775/84/161 786/71/83 777/71/83
f 789/85/162 781/84/102 790/84/102
f 786/71/83 775/84/161 784/84/161
f 781/84/102 789/85/162 782/85/162
f 776/85/104 784/84/161 775/84/161
f 784/84/161 776/85/104 783/85/104
f 787/68/163 782/85/162 789/85/162
f 782/85/162 787/68/163 780/68/163
f 778/68/164 783/85/104 776/85/104
f 787/68/163 778/68/164 780/68/163
f 783/85/104 778/68/164 785/68/164
f 778/68/164 787/68/163 785/68/164
f 793/71/16 792/85/16 791/84/16
f 792/85/16 793/71/16 794/68/16
f 794/68/16 793/71/16 795/71/16
f 794/68/16 795/71/16 796/68/16
f 796/68/16 795/71/16 797/84/16
f 796/68/16 797/84/16 798/85/16
f 801/68/2 800/84/2 799/85/2
f 800/84/2 801/68/2 802/71/2
f 802/71/2 801/68/2 803/68/2
f 802/71/2 803/68/2 804/71/2
f 804/71/2 803/68/2 805/85/2
f 804/71/2 805/85/2 806/84/2
f 795/71/82 802/71/83 804/71/82
f 806/84/102 795/71/82 804/71/82
f 802/71/83 795/71/82 793/71/83
f 795/71/82 806/84/102 797/84/102
f 791/84/161 802/71/83 793/71/83
f 805/85/162 797/84/102 806/84/102
f 802/71/83 791/84/161 800/84/161
f 797/84/102 805/85/162 798/85/162
f 792/85/104 800/84/161 791/84/161
f 800/84/161 792/85/104 799/85/104
f 803/68/163 798/85/162 805/85/162
f 798/85/162 803/68/163 796/68/163
f 794/68/164 799/85/104 792/85/104
f 803/68/163 794/68/164 796/68/163
f 799/85/104 794/68/164 801/68/164
f 794/68/164 803/68/163 801/68/164
f 809/68/165 808/86/2 807/80/2
f 808/86/2 809/68/165 810/87/2
f 810/87/2 809/68/165 811/88/166
f 811/88/166 812/76/2 810/87/2
f 813/68/167 811/88/166 809/68/165
f 807/80/168 813/68/167 809/68/165
f 813/68/167 807/80/168 814/80/168
f 812/76/2 811/88/166 815/76/169
f 816/89/170 812/76/2 815/76/169
f 812/76/2 816/89/170 817/90/2
f 224/71/171 817/90/2 816/89/170
f 224/71/171 818/91/2 817/90/2
f 818/91/2 224/71/171 819/92/2
f 816/89/170 223/71/172 224/71/171
f 223/71/172 819/92/173 224/71/171
f 819/92/173 223/71/172 820/92/173
f 815/76/169 821/89/174 816/89/170
f 223/71/172 816/89/170 821/89/174
f 811/88/166 822/76/175 815/76/169
f 821/89/174 815/76/169 822/76/175
f 822/76/175 811/88/166 823/88/176
f 811/88/166 813/68/167 823/88/176
f 824/76/16 821/89/174 822/76/175
f 823/88/176 824/76/16 822/76/175
f 821/89/174 824/76/16 825/90/16
f 825/90/16 223/71/172 821/89/174
f 826/91/16 223/71/172 825/90/16
f 223/71/172 826/91/16 820/92/16
f 824/76/16 823/88/176 827/87/16
f 813/68/167 827/87/16 823/88/176
f 813/68/167 828/86/16 827/87/16
f 828/86/16 813/68/167 814/80/16
f 807/80/177 828/86/177 814/80/177
f 828/86/177 807/80/177 808/86/177
f 828/86/177 808/86/177 810/87/178
f 828/86/177 810/87/178 827/87/178
f 812/76/3 827/87/178 810/87/178
f 827/87/178 812/76/3 824/76/3
f 817/90/179 824/76/3 812/76/3
f 824/76/3 817/90/179 825/90/179
f 818/91/180 825/90/179 817/90/179
f 825/90/179 818/91/180 826/91/180
f 826/91/180 818/91/180 819/92/180
f 826/91/180 819/92/180 820/92/180
f 831/71/16 830/85/16 829/84/16
f 830/85/16 831/71/16 832/68/16
f 832/68/16 831/71/16 833/71/16
f 832/68/16 833/71/16 834/68/16
f 834/68/16 833/71/16 835/84/16
f 834/68/16 835/84/16 836/85/16
f 839/68/2 838/84/2 837/85/2
f 838/84/2 839/68/2 840/71/2
f 840/71/2 839/68/2 841/68/2
f 840/71/2 841/68/2 842/71/2
f 842/71/2 841/68/2 843/85/2
f 842/71/2 843/85/2 844/84/2
f 833/71/82 840/71/83 842/71/82
f 844/84/102 833/71/82 842/71/82
f 840/71/83 833/71/82 831/71/83
f 833/71/82 844/84/102 835/84/102
f 829/84/161 840/71/83 831/71/83
f 843/85/162 835/84/102 844/84/102
f 840/71/83 829/84/161 838/84/161
f 835/84/102 843/85/162 836/85/162
f 830/85/104 838/84/161 829/84/161
f 838/84/161 830/85/104 837/85/104
f 841/68/163 836/85/162 843/85/162
f 836/85/162 841/68/163 834/68/163
f 832/68/164 837/85/104 830/85/104
f 841/68/163 832/68/164 834/68/163
f 837/85/104 832/68/164 839/68/164
f 832/68/164 841/68/163 839/68/164
f 847/71/16 846/85/16 845/84/16
f 846/85/16 847/71/16 848/68/16
f 848/68/16 847/71/16 849/71/16
f 848/68/16 849/71/16 850/68/16
f 850/68/16 849/71/16 851/84/16
f 850/68/16 851/84/16 852/85/16
f 855/68/2 854/84/2 853/85/2
f 854/84/2 855/68/2 856/71/2
f 856/71/2 855/68/2 857/68/2
f 856/71/2 857/68/2 858/71/2
f 858/71/2 857/68/2 859/85/2
f 858/71/2 859/85/2 860/84/2
f 849/71/82 856/71/83 858/71/82
f 860/84/102 849/71/82 858/71/82
f 856/71/83 849/71/82 847/71/83
f 849/71/82 860/84/102 851/84/102
f 845/84/161 856/71/83 847/71/83
f 859/85/162 851/84/102 860/84/102
f 856/71/83 845/84/161 854/84/161
f 851/84/102 859/85/162 852/85/162
f 846/85/104 854/84/161 845/84/161
f 854/84/161 846/85/104 853/85/104
f 857/68/163 852/85/162 859/85/162
f 852/85/162 857/68/163 850/68/163
f 848/68/164 853/85/104 846/85/104
f 857/68/163 848/68/164 850/68/163
f 853/85/104 848/68/164 855/68/164
f 848/68/164 857/68/163 855/68/164
f 863/71/16 862/85/16 861/84/16
f 862/85/16 863/71/16 864/68/16
f 864/68/16 863/71/16 865/71/16
f 864/68/16 865/71/16 866/68/16
f 866/68/16 865/71/16 867/84/16
f 866/68/16 867/84/16 868/85/16
f 871/68/2 870/84/2 869/85/2
f 870/84/2 871/68/2 872/71/2
f 872/71/2 871/68/2 873/68/2
f 872/71/2 873/68/2 874/71/2
f 874/71/2 873/68/2 875/85/2
f 874/71/2 875/85/2 876/84/2
f 865/71/82 872/71/83 874/71/82
f 876/84/102 865/71/82 874/71/82
f 872/71/83 865/71/82 863/71/83
f 865/71/82 876/84/102 867/84/102
f 861/84/161 872/71/83 863/71/83
f 875/85/162 867/84/102 876/84/102
f 872/71/83 861/84/161 870/84/161
f 867/84/102 875/85/162 868/85/162
f 862/85/104 870/84/161 861/84/161
f 870/84/161 862/85/104 869/85/104
f 873/68/163 868/85/162 875/85/162
f 868/85/162 873/68/163 866/68/163
f 864/68/164 869/85/104 862/85/104
f 873/68/163 864/68/164 866/68/163
f 869/85/104 864/68/164 871/68/164
f 864/68/164 873/68/163 871/68/164
f 63/93/16 65/94/16 68/93/16
f 65/94/16 63/93/16 61/94/16
f 62/94/2 67/93/2 66/94/2
f 67/93/2 62/94/2 64/93/2
f 365/98/2 363/97/2 381/93/2
f 363/97/2 367/97/2 381/93/2
f 381/93/2 367/97/2 380/93/2
f 371/99/2 369/95/2 377/96/2
f 369/95/2 373/95/2 377/96/2
f 377/96/2 373/95/2 376/96/2
f 376/96/2 380/93/2 367/97/2
f 373/95/2 878/94/2 376/96/2
f 376/96/2 878/94/2 380/93/2
f 880/94/2 380/93/2 878/94/2
f 370/99/16 375/96/16 368/95/16
f 368/95/16 375/96/16 372/95/16
f 374/96/16 372/95/16 375/96/16
f 372/95/16 374/96/16 877/94/16
f 877/94/16 374/96/16 879/94/16
f 366/97/16 879/94/16 374/96/16
f 364/98/16 379/93/16 362/97/16
f 362/97/16 379/93/16 366/97/16
f 366/97/16 379/93/16 879/94/16
f 378/93/16 879/94/16 379/93/16
f 367/97/3 366/97/3 376/96/3
f 374/96/3 376/96/3 366/97/3
f 373/95/3 372/95/3 878/94/3
f 877/94/3 878/94/3 372/95/3
f 455/98/2 453/97/2 471/93/2
f 453/97/2 457/97/2 471/93/2
f 471/93/2 457/97/2 470/93/2
f 461/99/2 459/95/2 467/96/2
f 459/95/2 463/95/2 467/96/2
f 467/96/2 463/95/2 466/96/2
f 466/96/2 470/93/2 457/97/2
f 463/95/2 882/94/2 466/96/2
f 466/96/2 882/94/2 470/93/2
f 884/94/2 470/93/2 882/94/2
f 460/99/16 465/96/16 458/95/16
f 458/95/16 465/96/16 462/95/16
f 464/96/16 462/95/16 465/96/16
f 462/95/16 464/96/16 881/94/16
f 881/94/16 464/96/16 883/94/16
f 456/97/16 883/94/16 464/96/16
f 454/98/16 469/93/16 452/97/16
f 452/97/16 469/93/16 456/97/16
f 456/97/16 469/93/16 883/94/16
f 468/93/16 883/94/16 469/93/16
f 457/97/3 456/97/3 466/96/3
f 464/96/3 466/96/3 456/97/3
f 463/95/3 462/95/3 882/94/3
f 881/94/3 882/94/3 462/95/3
f 161/93/16 163/94/16 166/93/16
f 163/94/16 161/93/16 159/94/16
f 160/94/2 165/93/2 164/94/2
f 165/93/2 160/94/2 162/93/2
f 199/93/16 201/94/16 204/93/16
f 201/94/16 199/93/16 197/94/16
f 198/94/2 203/93/2 202/94/2
f 203/93/2 198/94/2 200/93/2
f 225/93/16 227/94/16 230/93/16
f 227/94/16 225/93/16 223/94/16
f 224/94/2 229/93/2 228/94/2
f 229/93/2 224/94/2 226/93/2
f 887/100/3 886/95/3 885/95/3
f 886/95/3 887/100/3 888/100/3
f 889/100/3 888/100/3 887/100/3
f 890/100/3 888/100/3 889/100/3
f 890/100/3 891/101/3 888/100/3
f 890/100/3 889/100/3 892/95/3
f 892/95/3 889/100/3 893/95/3
f 894/101/3 891/101/3 890/100/3
f 894/101/3 895/97/3 891/101/3
f 895/97/3 894/101/3 896/97/3
f 897/95/16 890/100/75 892/95/16
f 890/100/75 897/95/16 898/100/75
f 899/100/73 886/95/2 888/100/73
f 886/95/2 899/100/73 900/95/2
f 901/101/80 888/100/73 891/101/80
f 888/100/73 901/101/80 899/100/73
f 901/101/80 895/97/181 902/97/181
f 895/97/181 901/101/80 891/101/80
f 902/97/181 896/97/182 903/97/182
f 896/97/182 902/97/181 895/97/181
f 903/97/182 894/101/71 904/101/71
f 894/101/71 903/97/182 896/97/182
f 898/100/75 894/101/71 890/100/75
f 894/101/71 898/100/75 904/101/71
f 906/100/1 897/95/1 905/95/1
f 897/95/1 906/100/1 898/100/1
f 899/100/1 898/100/1 906/100/1
f 899/100/1 906/100/1 907/100/1
f 899/100/1 907/100/1 908/95/1
f 899/100/1 908/95/1 900/95/1
f 901/101/1 898/100/1 899/100/1
f 901/101/1 904/101/1 898/100/1
f 902/97/1 904/101/1 901/101/1
f 904/101/1 902/97/1 903/97/1
f 911/103/16 910/95/16 909/102/16
f 910/95/16 911/103/16 912/95/16
f 912/95/16 911/103/16 913/97/16
f 912/95/16 913/97/16 914/97/16
f 917/95/2 916/102/2 915/95/2
f 916/102/2 917/95/2 918/103/2
f 918/103/2 917/95/2 919/97/2
f 919/97/2 917/95/2 920/97/2
f 918/103/22 921/102/183 916/102/183
f 921/102/183 918/103/22 922/103/22
f 922/103/16 923/95/16 921/102/16
f 923/95/16 922/103/16 924/95/184
f 924/95/184 922/103/16 925/97/16
f 924/95/184 925/97/16 926/97/184
f 929/97/185 928/95/186 927/95/185
f 928/95/186 929/97/185 930/97/186
f 916/102/183 923/95/3 915/95/3
f 923/95/3 916/102/183 921/102/183
f 929/97/185 924/95/184 926/97/184
f 924/95/184 929/97/185 927/95/185
f 918/103/22 925/97/187 922/103/22
f 925/97/187 918/103/22 919/97/187
f 933/95/189 932/97/188 931/95/188
f 932/97/188 933/95/189 934/97/189
f 936/97/190 933/95/189 935/95/190
f 933/95/189 936/97/190 934/97/189
f 937/103/22 913/97/187 911/103/22
f 913/97/187 937/103/22 938/97/187
f 937/103/22 909/102/183 939/102/183
f 909/102/183 937/103/22 911/103/22
f 931/95/188 939/102/2 940/95/2
f 939/102/2 931/95/188 937/103/2
f 937/103/2 931/95/188 938/97/2
f 938/97/2 931/95/188 932/97/188
f 930/97/186 935/95/190 928/95/186
f 935/95/190 930/97/186 936/97/190
f 939/102/183 910/95/3 940/95/3
f 910/95/3 939/102/183 909/102/183
f 938/97/187 914/97/9 913/97/187
f 914/97/9 938/97/187 936/97/9
f 936/97/9 920/97/9 914/97/9
f 936/97/9 938/97/187 934/97/9
f 934/97/9 938/97/187 932/97/9
f 930/97/9 920/97/9 936/97/9
f 930/97/9 919/97/187 920/97/9
f 929/97/9 919/97/187 930/97/9
f 926/97/9 919/97/187 929/97/9
f 919/97/187 926/97/9 925/97/187
f 940/95/8 933/95/8 931/95/8
f 940/95/8 935/95/8 933/95/8
f 910/95/8 935/95/8 940/95/8
f 912/95/8 935/95/8 910/95/8
f 917/95/8 935/95/8 912/95/8
f 935/95/8 917/95/8 928/95/8
f 915/95/8 928/95/8 917/95/8
f 915/95/8 927/95/8 928/95/8
f 923/95/8 927/95/8 915/95/8
f 927/95/8 923/95/8 924/95/8
f 914/97/3 917/95/3 912/95/3
f 917/95/3 914/97/3 920/97/3
f 943/95/191 942/97/18 941/95/18
f 942/97/18 943/95/191 944/97/191
f 946/97/192 943/95/191 945/95/192
f 943/95/191 946/97/192 944/97/191
f 946/97/192 948/95/17 947/97/17
f 948/95/17 946/97/192 945/95/192
f 951/95/193 950/97/193 949/95/193
f 950/97/193 951/95/193 952/97/193
f 954/97/3 951/95/3 953/95/3
f 951/95/3 954/97/3 952/97/3
f 954/97/194 956/95/194 955/97/194
f 956/95/194 954/97/194 953/95/194
f 958/97/195 955/97/9 957/97/195
f 942/97/9 955/97/9 958/97/195
f 944/97/9 955/97/9 942/97/9
f 944/97/9 954/97/9 955/97/9
f 944/97/9 952/97/9 954/97/9
f 946/97/9 952/97/9 944/97/9
f 946/97/9 950/97/9 952/97/9
f 947/97/9 950/97/9 946/97/9
f 947/97/9 959/97/195 950/97/9
f 959/97/195 947/97/9 960/97/195
f 962/104/195 957/97/195 961/104/195
f 957/97/195 962/104/195 958/97/195
f 964/104/195 960/97/195 963/104/195
f 960/97/195 964/104/195 959/97/195
f 966/104/83 963/104/195 965/104/83
f 963/104/195 966/104/83 964/104/195
f 969/105/161 968/95/3 967/95/3
f 968/95/3 969/105/161 970/105/161
f 949/95/2 969/105/2 967/95/2
f 969/105/2 949/95/2 966/104/2
f 966/104/2 949/95/2 964/104/2
f 964/104/2 949/95/2 959/97/2
f 959/97/2 949/95/2 950/97/2
f 965/104/16 968/95/16 970/105/16
f 968/95/16 965/104/16 948/95/16
f 948/95/16 965/104/16 963/104/16
f 948/95/16 963/104/16 960/97/16
f 948/95/16 960/97/16 947/97/16
f 948/95/8 967/95/8 968/95/8
f 967/95/8 948/95/8 949/95/8
f 949/95/8 948/95/8 945/95/8
f 949/95/8 945/95/8 951/95/8
f 951/95/8 945/95/8 943/95/8
f 951/95/8 943/95/8 953/95/8
f 953/95/8 943/95/8 956/95/8
f 956/95/8 943/95/8 941/95/8
f 956/95/8 941/95/8 971/95/8
f 971/95/8 972/95/8 956/95/8
f 966/104/83 970/105/161 969/105/161
f 970/105/161 966/104/83 965/104/83
f 973/105/161 972/95/3 971/95/3
f 972/95/3 973/105/161 974/105/161
f 976/104/83 961/104/195 975/104/83
f 961/104/195 976/104/83 962/104/195
f 941/95/2 973/105/2 971/95/2
f 973/105/2 941/95/2 976/104/2
f 976/104/2 941/95/2 962/104/2
f 962/104/2 941/95/2 958/97/2
f 958/97/2 941/95/2 942/97/2
f 976/104/83 974/105/161 973/105/161
f 974/105/161 976/104/83 975/104/83
f 975/104/16 972/95/16 974/105/16
f 972/95/16 975/104/16 956/95/16
f 956/95/16 975/104/16 961/104/16
f 956/95/16 961/104/16 957/97/16
f 956/95/16 957/97/16 955/97/16
f 979/106/197 978/97/196 977/106/196
f 978/97/196 979/106/197 980/97/197
f 983/108/198 982/107/58 981/107/58
f 982/107/58 983/108/198 984/108/198
f 987/97/199 986/106/200 985/106/199
f 986/106/200 987/97/199 988/97/200
f 991/107/82 990/109/102 989/107/82
f 990/109/102 991/107/82 992/109/102
f 995/108/198 994/107/58 993/107/58
f 994/107/58 995/108/198 996/108/198
f 997/97/201 986/106/200 988/97/200
f 986/106/200 997/97/201 998/106/201
f 1000/110/202 995/108/198 999/110/202
f 995/108/198 1000/110/202 996/108/198
f 990/109/102 1002/95/1 1001/95/1
f 1002/95/1 990/109/102 992/109/102
f 982/107/9 989/107/82 981/107/9
f 989/107/82 982/107/9 991/107/82
f 1004/110/202 983/108/198 1003/110/202
f 983/108/198 1004/110/202 984/108/198
f 1006/110/9 999/110/202 1005/110/9
f 999/110/202 1006/110/9 1000/110/202
f 978/97/196 1007/106/203 977/106/196
f 1007/106/203 978/97/196 1008/97/203
f 1011/109/102 1010/95/1 1009/95/1
f 1010/95/1 1011/109/102 1012/109/102
f 994/107/9 1013/107/82 993/107/9
f 1013/107/82 994/107/9 1014/107/82
f 1014/107/82 1011/109/102 1013/107/82
f 1011/109/102 1014/107/82 1012/109/102
f 1017/110/1 1016/97/1 1015/97/1
f 1017/110/1 1018/106/1 1016/97/1
f 1018/106/1 1017/110/1 1019/106/1
f 1020/110/1 1019/106/1 1017/110/1
f 1019/106/1 1020/110/1 1021/97/1
f 1021/97/1 1020/110/1 1022/97/1
f 1014/107/2 1010/95/2 1012/109/2
f 994/107/2 1010/95/2 1014/107/2
f 994/107/2 1023/95/2 1010/95/2
f 996/108/2 1023/95/2 994/107/2
f 1000/110/2 1023/95/2 996/108/2
f 1000/110/2 1024/106/2 1023/95/2
f 1006/110/2 1024/106/2 1000/110/2
f 1024/106/2 1006/110/2 1025/106/2
f 1026/97/2 1025/106/2 1006/110/2
f 1016/97/2 1025/106/2 1026/97/2
f 1025/106/2 1016/97/2 1018/106/2
f 1027/97/16 1019/106/16 1021/97/16
f 1019/106/16 1027/97/16 1028/106/16
f 1028/106/16 1027/97/16 1029/110/16
f 1028/106/16 1029/110/16 1030/106/16
f 1030/106/16 1029/110/16 1003/110/16
f 1030/106/16 1003/110/16 1031/95/16
f 1031/95/16 1003/110/16 983/108/16
f 1031/95/16 983/108/16 981/107/16
f 1031/95/16 981/107/16 1001/95/16
f 1001/95/16 981/107/16 989/107/16
f 1001/95/16 989/107/16 990/109/16
f 1010/95/8 1032/95/8 1009/95/8
f 1032/95/8 1010/95/8 1023/95/8
f 1024/106/204 1032/95/204 1023/95/204
f 1032/95/204 1024/106/204 1033/106/204
f 1034/106/8 1028/106/8 1030/106/8
f 1028/106/8 1034/106/8 1019/106/8
f 1019/106/8 1034/106/8 977/106/8
f 977/106/8 1034/106/8 979/106/8
f 1007/106/8 1019/106/8 977/106/8
f 985/106/8 1019/106/8 1007/106/8
f 985/106/8 1018/106/8 1019/106/8
f 986/106/8 1018/106/8 985/106/8
f 986/106/8 1025/106/8 1018/106/8
f 986/106/8 1024/106/8 1025/106/8
f 998/106/8 1024/106/8 986/106/8
f 1024/106/8 998/106/8 1033/106/8
f 1002/95/8 1031/95/8 1001/95/8
f 1031/95/8 1002/95/8 1035/95/8
f 1034/106/204 1031/95/204 1035/95/204
f 1031/95/204 1034/106/204 1030/106/204
f 1037/110/9 1017/110/9 1036/110/9
f 1017/110/9 1037/110/9 1020/110/9
f 1015/97/9 987/97/9 1038/97/9
f 1016/97/9 987/97/9 1015/97/9
f 987/97/9 1016/97/9 988/97/9
f 1026/97/9 988/97/9 1016/97/9
f 1039/97/9 988/97/9 1026/97/9
f 988/97/9 1039/97/9 997/97/9
f 1005/110/1 1026/97/1 1006/110/1
f 1026/97/1 1005/110/1 1039/97/1
f 1039/97/16 998/106/201 997/97/201
f 998/106/201 1039/97/16 1005/110/16
f 998/106/201 1005/110/16 1033/106/16
f 1033/106/16 1005/110/16 999/110/16
f 1033/106/16 999/110/16 1032/95/16
f 1032/95/16 999/110/16 995/108/16
f 1032/95/16 995/108/16 993/107/16
f 1032/95/16 993/107/16 1009/95/16
f 1009/95/16 993/107/16 1013/107/16
f 1009/95/16 1013/107/16 1011/109/16
f 1017/110/2 1038/97/2 1036/110/2
f 1038/97/2 1017/110/2 1015/97/2
f 1040/110/9 1003/110/202 1029/110/9
f 1003/110/202 1040/110/9 1004/110/202
f 1008/97/9 1022/97/9 1041/97/9
f 1022/97/9 1008/97/9 1021/97/9
f 1021/97/9 1008/97/9 978/97/9
f 1021/97/9 978/97/9 1027/97/9
f 1027/97/9 978/97/9 1042/97/9
f 1042/97/9 978/97/9 980/97/9
f 1027/97/1 1040/110/1 1029/110/1
f 1040/110/1 1027/97/1 1042/97/1
f 991/107/2 1002/95/2 992/109/2
f 982/107/2 1002/95/2 991/107/2
f 982/107/2 1035/95/2 1002/95/2
f 984/108/2 1035/95/2 982/107/2
f 1004/110/2 1035/95/2 984/108/2
f 1004/110/2 1034/106/2 1035/95/2
f 1040/110/2 1034/106/2 1004/110/2
f 1040/110/2 979/106/197 1034/106/2
f 979/106/197 1040/110/2 980/97/197
f 1042/97/2 980/97/197 1040/110/2
f 1022/97/16 1037/110/16 1041/97/16
f 1037/110/16 1022/97/16 1020/110/16
f 1037/110/3 1008/97/203 1041/97/3
f 1037/110/3 1007/106/203 1008/97/203
f 1007/106/203 1037/110/3 985/106/199
f 1036/110/3 985/106/199 1037/110/3
f 985/106/199 1036/110/3 987/97/199
f 987/97/199 1036/110/3 1038/97/3
f 1045/103/109 1044/102/205 1043/103/109
f 1044/102/205 1045/103/109 1046/102/205
f 1046/102/205 1047/95/16 1044/102/205
f 1047/95/16 1046/102/205 1048/95/16
f 1051/97/208 1050/97/207 1049/97/206
f 1050/97/207 1051/97/208 1052/97/209
f 1049/97/206 1045/103/109 1043/103/109
f 1045/103/109 1049/97/206 1050/97/207
f 1053/95/3 1044/102/3 1047/95/3
f 1044/102/3 1053/95/3 1054/102/3
f 1044/102/3 1054/102/3 1043/103/3
f 1043/103/3 1054/102/3 1055/103/3
f 1043/103/3 1055/103/3 1049/97/3
f 1049/97/3 1055/103/3 1051/97/3
f 1046/102/1 1056/95/1 1048/95/1
f 1056/95/1 1046/102/1 1057/102/1
f 1057/102/1 1046/102/1 1045/103/1
f 1057/102/1 1045/103/1 1058/103/1
f 1058/103/1 1045/103/1 1050/97/1
f 1058/103/1 1050/97/1 1052/97/1
f 1055/103/110 1052/97/209 1051/97/208
f 1052/97/209 1055/103/110 1058/103/110
f 1056/95/2 1054/102/210 1053/95/2
f 1054/102/210 1056/95/2 1057/102/210
f 1057/102/210 1055/103/110 1054/102/210
f 1055/103/110 1057/102/210 1058/103/110
f 1048/95/8 1053/95/8 1047/95/8
f 1053/95/8 1048/95/8 1056/95/8
f 407/113/100 411/112/100 409/111/100
f 411/112/100 407/113/100 398/112/100
f 398/112/100 407/113/100 405/114/100
f 398/112/100 405/114/100 402/113/100
f 398/112/100 402/113/100 400/111/100
f 538/116/3 1060/115/3 1059/115/3
f 1060/115/3 538/116/3 536/116/3
f 535/116/1 1062/115/1 1061/115/1
f 1062/115/1 535/116/1 537/116/1
f 1060/115/2 535/116/2 1061/115/2
f 535/116/2 1060/115/2 536/116/2
f 538/116/16 1062/115/16 537/116/16
f 1062/115/16 538/116/16 1059/115/16
f 1062/115/9 1060/115/9 1061/115/9
f 1060/115/9 1062/115/9 1059/115/9
f 437/119/16 441/118/16 439/117/16
f 441/118/16 437/119/16 428/118/16
f 428/118/16 437/119/16 435/120/16
f 428/118/16 435/120/16 432/119/16
f 428/118/16 432/119/16 430/117/16

g ship-large




usemtl colormap

f 24/10/2 22/5/2 23/8/2
f 23/8/2 22/5/2 15/8/2
f 15/8/2 22/5/2 21/8/2
f 9/5/2 21/8/2 22/5/2
f 20/3/2 5/3/2 13/7/2
f 7/4/2 13/7/2 5/3/2
f 13/7/2 7/4/2 18/7/2
f 19/4/2 18/7/2 7/4/2
f 17/9/2 18/7/2 19/4/2
f 16/8/1 15/8/1 14/7/1
f 13/7/1 14/7/1 15/8/1
f 12/6/1 11/6/1 10/5/1
f 9/5/1 10/5/1 11/6/1
f 8/4/1 7/4/1 6/3/1
f 5/3/1 6/3/1 7/4/1
f 4/2/1 3/2/1 2/1/1
f 1/1/1 2/1/1 3/2/1
f 27/11/3 26/3/4 25/3/3
f 26/3/4 27/11/3 28/11/4
f 31/11/6 30/3/5 29/11/5
f 30/3/5 31/11/6 32/3/6
f 35/11/7 34/3/1 33/3/7
f 34/3/1 35/11/7 36/11/1
f 35/11/7 32/3/6 31/11/6
f 32/3/6 35/11/7 33/3/7
f 29/11/5 26/3/4 28/11/4
f 26/3/4 29/11/5 30/3/5
f 33/3/8 30/3/8 32/3/8
f 30/3/8 33/3/8 26/3/8
f 26/3/8 33/3/8 34/3/8
f 26/3/8 34/3/8 25/3/8
f 28/11/9 31/11/9 29/11/9
f 31/11/9 28/11/9 35/11/9
f 35/11/9 28/11/9 27/11/9
f 35/11/9 27/11/9 36/11/9
f 39/11/10 38/3/11 37/3/10
f 38/3/11 39/11/10 40/11/11
f 43/11/13 42/3/12 41/11/12
f 42/3/12 43/11/13 44/3/13
f 47/11/14 46/3/15 45/3/14
f 46/3/15 47/11/14 48/11/15
f 47/11/14 44/3/13 43/11/13
f 44/3/13 47/11/14 45/3/14
f 41/11/12 38/3/11 40/11/11
f 38/3/11 41/11/12 42/3/12
f 45/3/8 42/3/8 44/3/8
f 42/3/8 45/3/8 38/3/8
f 38/3/8 45/3/8 46/3/8
f 38/3/8 46/3/8 37/3/8
f 40/11/9 43/11/9 41/11/9
f 43/11/9 40/11/9 47/11/9
f 47/11/9 40/11/9 39/11/9
f 47/11/9 39/11/9 48/11/9
f 51/3/8 50/3/8 49/3/8
f 50/3/8 51/3/8 52/3/8
f 50/3/8 52/3/8 53/3/8
f 50/3/8 53/3/8 54/3/8
f 57/11/9 56/11/9 55/11/9
f 56/11/9 57/11/9 58/11/9
f 58/11/9 57/11/9 59/11/9
f 59/11/9 57/11/9 60/11/9
f 54/3/2 57/11/2 50/3/2
f 57/11/2 54/3/2 60/11/2
f 50/3/3 55/11/3 49/3/3
f 55/11/3 50/3/3 57/11/3
f 56/11/16 49/3/16 55/11/16
f 49/3/16 56/11/16 51/3/16
f 58/11/17 51/3/17 56/11/17
f 51/3/17 58/11/17 52/3/17
f 58/11/1 53/3/1 52/3/1
f 53/3/1 58/11/1 59/11/1
f 53/3/18 60/11/18 54/3/18
f 60/11/18 53/3/18 59/11/18
f 63/11/20 62/3/19 61/3/19
f 62/3/19 63/11/20 64/11/20
f 62/3/19 65/3/21 61/3/19
f 65/3/21 62/3/19 66/3/21
f 67/11/22 65/3/21 66/3/21
f 65/3/21 67/11/22 68/11/22
f 67/11/22 63/11/20 68/11/22
f 63/11/20 67/11/22 64/11/20
f 71/11/9 70/11/9 69/11/9
f 70/11/9 71/11/9 72/11/9
f 72/11/9 71/11/9 73/11/9
f 72/11/9 73/11/9 74/11/9
f 77/12/25 76/3/24 75/12/23
f 76/3/24 77/12/25 78/13/24
f 78/13/26 79/3/26 76/3/26
f 79/3/26 78/13/26 80/13/26
f 80/13/27 81/12/28 79/3/27
f 81/12/28 80/13/27 82/12/29
f 85/11/32 84/11/31 83/11/30
f 84/11/31 85/11/32 86/11/33
f 85/11/32 82/12/29 86/11/33
f 82/12/29 85/11/32 81/12/28
f 83/11/30 77/12/25 75/12/23
f 77/12/25 83/11/30 84/11/31
f 81/12/3 76/3/3 79/3/3
f 76/3/3 81/12/3 75/12/3
f 75/12/3 81/12/3 85/11/3
f 75/12/3 85/11/3 83/11/3
f 77/12/1 80/13/1 78/13/1
f 80/13/1 77/12/1 82/12/1
f 82/12/1 77/12/1 84/11/1
f 82/12/1 84/11/1 86/11/1
f 89/2/1 88/1/1 87/1/1
f 88/1/1 89/2/1 90/2/1
f 93/4/1 92/3/1 91/3/1
f 92/3/1 93/4/1 94/4/1
f 97/6/1 96/5/1 95/5/1
f 96/5/1 97/6/1 98/6/1
f 101/8/1 100/7/1 99/7/1
f 100/7/1 101/8/1 102/8/1
f 105/4/16 104/7/16 103/9/16
f 93/4/16 104/7/16 105/4/16
f 104/7/16 93/4/16 99/7/16
f 91/3/16 99/7/16 93/4/16
f 99/7/16 91/3/16 106/3/16
f 108/5/16 107/8/16 95/5/16
f 107/8/16 108/5/16 101/8/16
f 101/8/16 108/5/16 109/8/16
f 109/8/16 108/5/16 110/10/16
f 113/14/34 112/5/16 111/14/34
f 112/5/16 113/14/34 114/5/16
f 117/16/35 116/15/9 115/15/9
f 116/15/9 117/16/35 118/16/35
f 121/5/16 120/17/34 119/5/16
f 120/17/34 121/5/16 122/17/34
f 125/19/36 124/18/8 123/18/8
f 124/18/8 125/19/36 126/19/36
f 117/16/3 124/18/3 126/19/3
f 124/18/3 117/16/3 127/16/3
f 127/16/3 117/16/3 115/15/3
f 127/16/3 128/19/3 124/18/3
f 131/5/2 130/14/37 129/14/37
f 130/14/37 131/5/2 132/5/2
f 135/21/9 134/20/35 133/20/35
f 134/20/35 135/21/9 136/21/9
f 123/18/8 128/19/38 137/19/38
f 128/19/38 123/18/8 124/18/8
f 122/17/1 132/5/1 138/22/1
f 132/5/1 122/17/1 121/5/1
f 132/5/1 121/5/1 139/23/1
f 132/5/1 139/23/1 130/14/1
f 141/17/3 112/5/3 140/22/3
f 112/5/3 141/17/3 142/5/3
f 112/5/3 142/5/3 111/14/3
f 111/14/3 142/5/3 143/23/3
f 145/20/3 135/21/3 144/24/3
f 146/24/3 144/24/3 135/21/3
f 146/24/3 135/21/3 133/20/3
f 144/24/3 146/24/3 147/25/3
f 142/5/2 148/23/39 143/23/39
f 148/23/39 142/5/2 149/5/2
f 131/5/3 120/17/3 150/22/3
f 120/17/3 131/5/3 119/5/3
f 119/5/3 131/5/3 151/23/3
f 151/23/3 131/5/3 129/14/3
f 152/16/1 123/18/1 137/19/1
f 118/16/1 123/18/1 152/16/1
f 118/16/1 152/16/1 116/15/1
f 123/18/1 118/16/1 125/19/1
f 154/20/1 153/24/1 136/21/1
f 153/24/1 155/24/1 136/21/1
f 136/21/1 155/24/1 134/20/1
f 155/24/1 153/24/1 156/25/1
f 156/25/8 146/24/36 155/24/36
f 146/24/36 156/25/8 147/25/8
f 115/15/9 152/16/40 127/16/40
f 152/16/40 115/15/9 116/15/9
f 157/17/37 142/5/2 141/17/37
f 142/5/2 157/17/37 149/5/2
f 145/20/40 136/21/9 135/21/9
f 136/21/9 145/20/40 154/20/40
f 153/24/38 147/25/8 156/25/8
f 147/25/8 153/24/38 144/24/38
f 114/5/1 157/17/1 158/22/1
f 157/17/1 114/5/1 149/5/1
f 149/5/1 114/5/1 113/14/1
f 149/5/1 113/14/1 148/23/1
f 114/5/16 140/22/41 112/5/16
f 140/22/41 114/5/16 158/22/41
f 139/23/41 119/5/16 151/23/41
f 119/5/16 139/23/41 121/5/16
f 150/22/39 132/5/2 131/5/2
f 132/5/2 150/22/39 138/22/39
f 161/11/20 160/3/19 159/3/19
f 160/3/19 161/11/20 162/11/20
f 160/3/19 163/3/21 159/3/19
f 163/3/21 160/3/19 164/3/21
f 165/11/22 163/3/21 164/3/21
f 163/3/21 165/11/22 166/11/22
f 165/11/22 161/11/20 166/11/22
f 161/11/20 165/11/22 162/11/20
f 169/3/8 168/3/8 167/3/8
f 168/3/8 169/3/8 170/3/8
f 170/3/8 169/3/8 171/3/8
f 170/3/8 171/3/8 172/3/8
f 174/11/43 168/3/42 173/11/42
f 168/3/42 174/11/43 167/3/43
f 175/11/44 168/3/42 170/3/44
f 168/3/42 175/11/44 173/11/42
f 172/3/45 177/11/46 176/11/45
f 177/11/46 172/3/45 171/3/46
f 178/11/47 171/3/46 169/3/47
f 171/3/46 178/11/47 177/11/46
f 176/11/45 170/3/44 172/3/45
f 170/3/44 176/11/45 175/11/44
f 174/11/43 169/3/47 167/3/43
f 169/3/47 174/11/43 178/11/47
f 181/4/9 180/4/9 179/4/9
f 180/4/9 181/4/9 182/4/9
f 182/4/9 181/4/9 183/4/9
f 182/4/9 183/4/9 184/4/9
f 185/11/1 183/4/48 181/4/1
f 183/4/48 185/11/1 186/11/48
f 187/11/49 183/4/48 186/11/48
f 183/4/48 187/11/49 184/4/49
f 187/11/49 182/4/3 184/4/49
f 182/4/3 187/11/49 188/11/3
f 188/11/3 180/4/50 182/4/3
f 180/4/50 188/11/3 189/11/50
f 180/4/50 190/11/51 179/4/51
f 190/11/51 180/4/50 189/11/50
f 190/11/51 181/4/1 179/4/51
f 181/4/1 190/11/51 185/11/1
f 178/11/9 187/11/9 177/11/9
f 177/11/9 187/11/9 176/11/9
f 178/11/9 188/11/9 187/11/9
f 186/11/9 176/11/9 187/11/9
f 178/11/9 189/11/9 188/11/9
f 174/11/9 189/11/9 178/11/9
f 186/11/9 175/11/9 176/11/9
f 185/11/9 175/11/9 186/11/9
f 189/11/9 174/11/9 190/11/9
f 190/11/9 175/11/9 185/11/9
f 173/11/9 190/11/9 174/11/9
f 190/11/9 173/11/9 175/11/9
f 193/11/9 192/11/9 191/11/9
f 192/11/9 193/11/9 194/11/9
f 194/11/9 193/11/9 195/11/9
f 194/11/9 195/11/9 196/11/9
f 199/11/20 198/3/19 197/3/19
f 198/3/19 199/11/20 200/11/20
f 198/3/19 201/3/21 197/3/19
f 201/3/21 198/3/19 202/3/21
f 203/11/22 201/3/21 202/3/21
f 201/3/21 203/11/22 204/11/22
f 203/11/22 199/11/20 204/11/22
f 199/11/20 203/11/22 200/11/20
f 207/11/9 206/11/9 205/11/9
f 206/11/9 207/11/9 208/11/9
f 208/11/9 207/11/9 209/11/9
f 208/11/9 209/11/9 210/11/9
f 205/11/52 212/3/53 211/3/52
f 212/3/53 205/11/52 206/11/53
f 207/11/54 211/3/52 213/3/54
f 211/3/52 207/11/54 205/11/52
f 208/11/55 215/3/56 214/3/55
f 215/3/56 208/11/55 210/11/56
f 215/3/56 209/11/57 216/3/57
f 209/11/57 215/3/56 210/11/56
f 206/11/53 214/3/55 212/3/53
f 214/3/55 206/11/53 208/11/55
f 209/11/57 213/3/54 216/3/57
f 213/3/54 209/11/57 207/11/54
f 219/11/9 218/11/9 217/11/9
f 218/11/9 219/11/9 220/11/9
f 220/11/9 219/11/9 221/11/9
f 220/11/9 221/11/9 222/11/9
f 225/11/20 224/3/19 223/3/19
f 224/3/19 225/11/20 226/11/20
f 224/3/19 227/3/21 223/3/19
f 227/3/21 224/3/19 228/3/21
f 229/11/22 227/3/21 228/3/21
f 227/3/21 229/11/22 230/11/22
f 229/11/22 225/11/20 230/11/22
f 225/11/20 229/11/22 226/11/20
f 233/11/9 232/11/9 231/11/9
f 232/11/9 233/11/9 234/11/9
f 234/11/9 233/11/9 235/11/9
f 234/11/9 235/11/9 236/11/9
f 231/11/52 238/3/53 237/3/52
f 238/3/53 231/11/52 232/11/53
f 233/11/54 237/3/52 239/3/54
f 237/3/52 233/11/54 231/11/52
f 234/11/55 241/3/56 240/3/55
f 241/3/56 234/11/55 236/11/56
f 241/3/56 235/11/57 242/3/57
f 235/11/57 241/3/56 236/11/56
f 232/11/53 240/3/55 238/3/53
f 240/3/55 232/11/53 234/11/55
f 235/11/57 239/3/54 242/3/57
f 239/3/54 235/11/57 233/11/54
f 245/26/9 244/26/9 243/26/9
f 245/26/9 243/26/9 246/26/9
f 245/26/9 247/26/9 244/26/9
f 248/26/9 247/26/9 245/26/9
f 247/26/9 248/26/9 249/26/9
f 250/26/9 249/26/9 248/26/9
f 249/26/9 250/26/9 251/26/9
f 245/26/9 246/26/9 252/26/9
f 251/26/9 250/26/9 252/26/9
f 253/26/9 252/26/9 246/26/9
f 251/26/9 252/26/9 254/26/9
f 254/26/9 252/26/9 253/26/9
f 257/5/58 256/11/58 255/5/58
f 256/11/58 257/5/58 258/11/58
f 261/11/9 260/11/9 259/11/9
f 260/11/9 261/11/9 262/11/9
f 262/11/9 258/11/9 260/11/9
f 258/11/9 262/11/9 256/11/9
f 262/11/9 261/11/9 263/11/9
f 264/11/9 263/11/9 261/11/9
f 263/11/9 264/11/9 265/11/9
f 265/11/9 264/11/9 266/11/9
f 266/11/9 264/11/9 267/11/9
f 268/11/9 267/11/9 264/11/9
f 267/11/9 268/11/9 269/11/9
f 269/11/9 268/11/9 270/11/9
f 270/11/9 271/11/9 269/11/9
f 271/11/9 270/11/9 272/11/9
f 274/5/2 262/11/2 273/5/2
f 262/11/2 274/5/2 256/11/2
f 256/11/2 274/5/2 255/5/2
f 271/11/58 276/5/58 275/5/58
f 276/5/58 271/11/58 272/11/58
f 271/11/16 277/5/16 269/11/16
f 277/5/16 271/11/16 278/5/16
f 278/5/16 271/11/16 275/5/16
f 280/5/2 267/11/2 279/5/2
f 267/11/2 280/5/2 266/11/2
f 265/11/1 280/5/1 281/5/1
f 280/5/1 265/11/1 266/11/1
f 265/11/16 282/5/16 263/11/16
f 282/5/16 265/11/16 281/5/16
f 285/28/61 284/11/60 283/27/59
f 283/27/59 286/29/62 285/28/61
f 289/27/65 288/28/64 287/29/63
f 289/27/65 290/11/66 288/28/64
f 293/29/68 292/28/67 291/28/67
f 292/28/67 293/29/68 294/29/68
f 292/28/70 296/11/69 295/11/69
f 296/11/69 292/28/70 297/28/71
f 288/28/71 296/11/69 297/28/71
f 296/11/69 288/28/71 290/11/69
f 299/29/73 298/30/2 293/29/72
f 298/30/2 299/29/73 300/3/2
f 301/3/2 298/30/2 300/3/2
f 298/30/2 301/3/2 302/31/2
f 300/3/2 299/29/73 303/3/2
f 303/3/2 299/29/73 304/30/2
f 286/29/73 304/30/2 299/29/73
f 304/30/2 286/29/73 305/30/2
f 306/29/75 292/28/70 294/29/74
f 292/28/70 306/29/75 297/28/71
f 287/29/75 297/28/71 306/29/75
f 297/28/71 287/29/75 288/28/71
f 291/28/67 295/11/3 307/11/3
f 295/11/3 291/28/67 292/28/67
f 289/27/76 284/11/76 290/11/76
f 284/11/76 289/27/76 283/27/76
f 308/30/1 283/27/1 289/27/1
f 283/27/1 308/30/1 309/30/1
f 283/27/59 305/30/18 286/29/62
f 305/30/18 283/27/59 309/30/18
f 301/3/3 310/31/77 302/31/77
f 310/31/77 301/3/3 311/3/3
f 311/3/3 301/3/3 312/3/3
f 311/3/3 312/3/3 313/3/3
f 302/31/77 314/30/78 298/30/78
f 314/30/78 302/31/77 310/31/77
f 298/30/3 294/29/68 293/29/68
f 294/29/68 298/30/3 314/30/3
f 308/30/17 287/29/63 315/30/17
f 287/29/63 308/30/17 289/27/65
f 316/3/16 310/31/16 311/3/16
f 310/31/16 316/3/16 314/30/16
f 314/30/16 316/3/16 294/29/74
f 294/29/74 316/3/16 306/29/75
f 306/29/75 316/3/16 317/3/16
f 306/29/75 317/3/16 318/30/16
f 315/30/16 306/29/75 318/30/16
f 306/29/75 315/30/16 287/29/75
f 307/11/81 319/28/80 291/28/79
f 319/28/80 307/11/81 320/11/81
f 284/11/81 319/28/80 320/11/81
f 319/28/80 284/11/81 285/28/80
f 295/11/8 320/11/8 307/11/8
f 320/11/8 295/11/8 296/11/8
f 290/11/8 320/11/8 296/11/8
f 320/11/8 290/11/8 284/11/8
f 291/28/79 299/29/73 293/29/72
f 299/29/73 291/28/79 319/28/80
f 285/28/80 299/29/73 319/28/80
f 299/29/73 285/28/80 286/29/73
f 323/7/11 322/1/12 321/7/12
f 322/1/12 323/7/11 324/1/11
f 323/7/8 293/7/8 325/7/8
f 326/7/8 293/7/8 323/7/8
f 326/7/8 323/7/8 321/7/8
f 326/7/8 321/7/8 327/7/8
f 326/7/8 294/7/8 293/7/8
f 328/7/8 294/7/8 326/7/8
f 328/7/8 329/7/8 294/7/8
f 328/7/8 330/7/8 329/7/8
f 331/7/8 330/7/8 328/7/8
f 330/7/8 331/7/8 332/7/8
f 335/1/9 334/1/9 333/1/9
f 334/1/9 335/1/9 336/1/9
f 336/1/9 335/1/9 337/1/9
f 338/1/9 336/1/9 337/1/9
f 337/1/9 335/1/9 339/1/9
f 337/1/9 339/1/9 340/1/9
f 340/1/9 339/1/9 341/1/9
f 341/1/9 339/1/9 324/1/9
f 324/1/9 339/1/9 342/1/9
f 324/1/9 342/1/9 322/1/9
f 321/7/12 342/1/13 327/7/13
f 342/1/13 321/7/12 322/1/12
f 336/1/7 329/7/1 330/7/7
f 329/7/1 336/1/7 338/1/1
f 336/1/7 332/7/6 334/1/6
f 332/7/6 336/1/7 330/7/7
f 333/1/5 328/7/4 335/1/4
f 328/7/4 333/1/5 331/7/5
f 334/1/6 331/7/5 333/1/5
f 331/7/5 334/1/6 332/7/6
f 326/7/14 335/1/4 328/7/4
f 335/1/4 326/7/14 339/1/14
f 327/7/13 339/1/14 326/7/14
f 339/1/14 327/7/13 342/1/13
f 341/1/1 323/7/11 325/7/1
f 323/7/11 341/1/1 324/1/11
f 361/43/82 22/43/82 357/39/20
f 24/39/20 357/39/20 22/43/82
f 361/43/82 10/43/9 22/43/82
f 9/43/9 22/43/82 10/43/9
f 347/33/82 346/33/82 355/37/20
f 354/37/20 355/37/20 346/33/82
f 345/32/82 344/32/82 351/35/20
f 350/35/20 351/35/20 344/32/82
f 360/42/82 18/42/82 359/41/20
f 17/41/20 359/41/20 18/42/82
f 360/42/82 14/42/9 18/42/82
f 13/42/9 18/42/82 14/42/9
f 8/40/8 358/40/19 7/40/8
f 19/40/19 7/40/8 358/40/19
f 359/41/1 17/41/1 358/40/19
f 19/40/19 358/40/19 17/41/1
f 16/38/8 356/38/19 15/38/8
f 23/38/19 15/38/8 356/38/19
f 357/39/1 24/39/1 356/38/19
f 23/38/19 356/38/19 24/39/1
f 12/36/8 353/36/19 11/36/8
f 352/36/19 11/36/8 353/36/19
f 355/37/1 354/37/1 353/36/19
f 352/36/19 353/36/19 354/37/1
f 4/34/8 349/34/19 3/34/8
f 348/34/19 3/34/8 349/34/19
f 351/35/1 350/35/1 349/34/19
f 348/34/19 349/34/19 350/35/1
f 347/33/82 2/33/9 346/33/82
f 1/33/9 346/33/82 2/33/9
f 345/32/82 262/32/9 344/32/82
f 343/32/9 344/32/82 262/32/9
f 381/32/83 379/32/83 365/44/22
f 364/44/22 365/44/22 379/32/83
f 381/32/83 380/32/9 379/32/83
f 378/32/9 379/32/83 380/32/9
f 377/43/83 375/43/83 371/45/22
f 370/45/22 371/45/22 375/43/83
f 377/43/83 376/43/9 375/43/83
f 374/43/9 375/43/83 376/43/9
f 373/42/8 369/42/21 372/42/8
f 368/42/21 372/42/8 369/42/21
f 371/45/3 370/45/3 369/42/21
f 368/42/21 369/42/21 370/45/3
f 367/33/8 363/33/21 366/33/8
f 362/33/21 366/33/8 363/33/21
f 365/44/3 364/44/3 363/33/21
f 362/33/21 363/33/21 364/44/3
f 384/46/8 383/46/8 382/46/8
f 383/46/8 384/46/8 385/46/8
f 385/46/8 384/46/8 386/46/8
f 385/46/8 386/46/8 387/46/8
f 72/32/84 386/46/85 384/46/84
f 386/46/85 72/32/84 74/32/85
f 386/46/85 73/32/86 387/46/86
f 73/32/86 386/46/85 74/32/85
f 69/32/87 382/46/88 383/46/87
f 382/46/88 69/32/87 70/32/88
f 70/32/88 384/46/84 382/46/88
f 384/46/84 70/32/88 72/32/84
f 71/32/89 383/46/87 385/46/89
f 383/46/87 71/32/89 69/32/87
f 73/32/86 385/46/89 387/46/86
f 385/46/89 73/32/86 71/32/89
f 390/48/91 389/47/90 388/47/90
f 389/47/90 390/48/91 391/48/91
f 390/48/91 392/32/9 391/48/91
f 392/32/9 390/48/91 393/32/9
f 393/32/9 394/48/92 392/32/9
f 394/48/92 393/32/9 395/48/92
f 394/48/92 397/47/93 396/47/93
f 397/47/93 394/48/92 395/48/92
f 400/49/94 399/46/94 398/46/94
f 399/46/94 400/49/94 401/49/94
f 402/50/96 401/49/95 400/49/95
f 401/49/95 402/50/96 403/50/96
f 402/50/96 404/51/8 403/50/96
f 404/51/8 402/50/96 405/51/8
f 405/51/8 406/50/97 404/51/8
f 406/50/97 405/51/8 407/50/97
f 406/50/97 409/49/98 408/49/98
f 409/49/98 406/50/97 407/50/97
f 408/49/99 411/46/99 410/46/99
f 411/46/99 408/49/99 409/49/99
f 396/47/93 413/46/99 412/46/99
f 413/46/99 396/47/93 397/47/93
f 412/46/100 394/48/100 396/47/100
f 399/46/100 394/48/100 412/46/100
f 401/49/100 394/48/100 399/46/100
f 403/50/100 394/48/100 401/49/100
f 404/51/100 394/48/100 403/50/100
f 404/51/100 392/32/100 394/48/100
f 406/50/100 392/32/100 404/51/100
f 406/50/100 391/48/100 392/32/100
f 391/48/100 406/50/100 408/49/100
f 410/46/100 391/48/100 408/49/100
f 414/46/100 391/48/100 410/46/100
f 391/48/100 414/46/100 389/47/100
f 388/47/90 414/46/94 415/46/94
f 414/46/94 388/47/90 389/47/90
f 418/48/22 417/47/101 416/47/101
f 417/47/101 418/48/22 419/48/22
f 418/48/22 420/32/9 419/48/22
f 420/32/9 418/48/22 421/32/9
f 421/32/9 422/48/20 420/32/9
f 422/48/20 421/32/9 423/48/20
f 422/48/20 425/47/102 424/47/102
f 425/47/102 422/48/20 423/48/20
f 424/47/1 427/52/103 426/52/103
f 427/52/103 424/47/1 425/47/1
f 430/49/3 429/53/3 428/53/3
f 429/53/3 430/49/3 431/49/3
f 432/50/21 431/49/104 430/49/104
f 431/49/104 432/50/21 433/50/21
f 432/50/21 434/51/8 433/50/21
f 434/51/8 432/50/21 435/51/8
f 435/51/8 436/50/19 434/51/8
f 436/50/19 435/51/8 437/50/19
f 436/50/19 439/49/105 438/49/105
f 439/49/105 436/50/19 437/50/19
f 438/49/1 441/53/1 440/53/1
f 441/53/1 438/49/1 439/49/1
f 441/53/9 429/53/9 440/53/9
f 429/53/9 441/53/9 428/53/9
f 416/47/3 443/52/106 442/52/106
f 443/52/106 416/47/3 417/47/3
f 446/46/107 445/46/108 444/46/107
f 445/46/108 446/46/107 447/46/108
f 447/46/108 448/54/21 445/46/108
f 448/54/21 447/46/108 449/54/21
f 442/52/106 448/54/21 449/54/21
f 448/54/21 442/52/106 443/52/106
f 426/52/103 451/54/19 450/54/19
f 451/54/19 426/52/103 427/52/103
f 451/54/19 444/46/107 450/54/19
f 444/46/107 451/54/19 446/46/107
f 419/48/16 443/52/16 417/47/16
f 443/52/16 419/48/16 448/54/16
f 448/54/16 419/48/16 445/46/16
f 445/46/16 419/48/16 440/53/16
f 445/46/16 440/53/16 444/46/16
f 440/53/16 419/48/16 438/49/16
f 419/48/16 436/50/16 438/49/16
f 436/50/16 419/48/16 420/32/16
f 436/50/16 420/32/16 434/51/16
f 434/51/16 420/32/16 422/48/16
f 434/51/16 422/48/16 433/50/16
f 433/50/16 422/48/16 431/49/16
f 431/49/16 422/48/16 429/53/16
f 444/46/16 440/53/16 429/53/16
f 444/46/16 429/53/16 422/48/16
f 444/46/16 422/48/16 424/47/16
f 444/46/16 424/47/16 450/54/16
f 450/54/16 424/47/16 426/52/16
f 471/32/83 469/32/83 455/44/22
f 454/44/22 455/44/22 469/32/83
f 471/32/83 470/32/9 469/32/83
f 468/32/9 469/32/83 470/32/9
f 467/43/83 465/43/83 461/45/22
f 460/45/22 461/45/22 465/43/83
f 467/43/83 466/43/9 465/43/83
f 464/43/9 465/43/83 466/43/9
f 463/42/8 459/42/21 462/42/8
f 458/42/21 462/42/8 459/42/21
f 461/45/3 460/45/3 459/42/21
f 458/42/21 459/42/21 460/45/3
f 457/33/8 453/33/21 456/33/8
f 452/33/21 456/33/8 453/33/21
f 455/44/3 454/44/3 453/33/21
f 452/33/21 453/33/21 454/44/3
f 269/32/9 473/32/82 472/32/9
f 473/32/82 269/32/9 474/32/82
f 88/33/9 475/33/82 87/33/9
f 475/33/82 88/33/9 476/33/82
f 479/35/1 478/34/19 477/34/19
f 478/34/19 479/35/1 480/35/1
f 478/34/19 89/34/8 477/34/19
f 89/34/8 478/34/19 90/34/8
f 483/37/1 482/36/19 481/36/19
f 482/36/19 483/37/1 484/37/1
f 482/36/19 97/36/8 481/36/19
f 97/36/8 482/36/19 98/36/8
f 110/39/1 485/38/19 109/38/19
f 485/38/19 110/39/1 486/39/1
f 485/38/19 101/38/8 109/38/19
f 101/38/8 485/38/19 102/38/8
f 103/41/1 487/40/19 105/40/19
f 487/40/19 103/41/1 488/41/1
f 487/40/19 93/40/8 105/40/19
f 93/40/8 487/40/19 94/40/8
f 100/42/9 104/42/82 99/42/9
f 104/42/82 100/42/9 489/42/82
f 104/42/82 488/41/20 103/41/20
f 488/41/20 104/42/82 489/42/82
f 473/32/82 480/35/20 479/35/20
f 480/35/20 473/32/82 474/32/82
f 475/33/82 484/37/20 483/37/20
f 484/37/20 475/33/82 476/33/82
f 96/43/9 108/43/82 95/43/9
f 108/43/82 96/43/9 490/43/82
f 108/43/82 486/39/20 110/39/20
f 486/39/20 108/43/82 490/43/82
f 493/32/109 492/55/109 491/32/109
f 492/55/109 493/32/109 494/55/109
f 497/55/110 496/32/110 495/32/110
f 496/32/110 497/55/110 498/55/110
f 501/46/111 500/56/111 499/56/111
f 500/56/111 501/46/111 502/46/111
f 499/56/3 503/57/3 501/46/3
f 503/57/3 499/56/3 504/43/3
f 505/43/3 503/57/3 504/43/3
f 505/43/3 504/43/3 497/55/3
f 506/56/3 503/57/3 505/43/3
f 503/57/3 506/56/3 507/46/3
f 505/43/3 497/55/3 508/58/3
f 508/58/3 497/55/3 495/32/3
f 508/58/3 492/55/3 505/43/3
f 492/55/3 508/58/3 491/32/3
f 509/58/1 494/55/1 493/32/1
f 494/55/1 509/58/1 510/43/1
f 498/55/1 510/43/1 509/58/1
f 498/55/1 509/58/1 496/32/1
f 511/43/1 510/43/1 498/55/1
f 512/57/1 510/43/1 511/43/1
f 500/56/1 512/57/1 511/43/1
f 512/57/1 500/56/1 502/46/1
f 512/57/1 513/56/1 510/43/1
f 513/56/1 512/57/1 514/46/1
f 513/56/112 507/46/112 506/56/112
f 507/46/112 513/56/112 514/46/112
f 141/59/109 510/43/109 157/59/109
f 157/59/109 510/43/109 158/60/109
f 141/59/109 505/43/109 510/43/109
f 513/56/109 158/60/109 510/43/109
f 505/43/109 141/59/109 506/56/109
f 513/56/109 140/60/109 158/60/109
f 506/56/109 140/60/109 513/56/109
f 140/60/109 506/56/109 141/59/109
f 512/57/111 133/61/111 134/61/111
f 512/57/111 134/61/111 155/62/111
f 503/57/111 133/61/111 512/57/111
f 155/62/111 514/46/111 512/57/111
f 133/61/111 503/57/111 507/46/111
f 146/62/111 514/46/111 155/62/111
f 507/46/111 146/62/111 133/61/111
f 146/62/111 507/46/111 514/46/111
f 113/64/112 510/43/112 148/63/112
f 148/63/112 510/43/112 143/63/112
f 113/64/112 494/55/112 510/43/112
f 505/43/112 143/63/112 510/43/112
f 494/55/112 113/64/112 492/55/112
f 505/43/112 111/64/112 143/63/112
f 492/55/112 111/64/112 505/43/112
f 111/64/112 492/55/112 113/64/112
f 120/59/110 499/56/110 150/60/110
f 150/60/110 499/56/110 138/60/110
f 120/59/110 504/43/110 499/56/110
f 500/56/110 138/60/110 499/56/110
f 504/43/110 120/59/110 511/43/110
f 500/56/110 122/59/110 138/60/110
f 511/43/110 122/59/110 500/56/110
f 122/59/110 511/43/110 120/59/110
f 127/66/110 508/58/110 128/65/110
f 128/65/110 508/58/110 137/65/110
f 127/66/110 491/32/110 508/58/110
f 509/58/110 137/65/110 508/58/110
f 491/32/110 127/66/110 493/32/110
f 509/58/110 152/66/110 137/65/110
f 493/32/110 152/66/110 509/58/110
f 152/66/110 493/32/110 127/66/110
f 117/66/109 496/32/109 118/66/109
f 118/66/109 496/32/109 125/65/109
f 117/66/109 495/32/109 496/32/109
f 509/58/109 125/65/109 496/32/109
f 495/32/109 117/66/109 508/58/109
f 509/58/109 126/65/109 125/65/109
f 508/58/109 126/65/109 509/58/109
f 126/65/109 508/58/109 117/66/109
f 501/46/112 145/61/112 144/62/112
f 501/46/112 144/62/112 153/62/112
f 503/57/112 145/61/112 501/46/112
f 153/62/112 502/46/112 501/46/112
f 145/61/112 503/57/112 512/57/112
f 154/61/112 502/46/112 153/62/112
f 502/46/112 154/61/112 512/57/112
f 145/61/112 512/57/112 154/61/112
f 498/55/111 129/64/111 130/64/111
f 498/55/111 130/64/111 139/63/111
f 497/55/111 129/64/111 498/55/111
f 139/63/111 511/43/111 498/55/111
f 129/64/111 497/55/111 504/43/111
f 151/63/111 511/43/111 139/63/111
f 504/43/111 151/63/111 129/64/111
f 151/63/111 504/43/111 511/43/111
f 517/46/8 516/46/8 515/46/8
f 516/46/8 517/46/8 518/46/8
f 518/46/8 517/46/8 519/46/8
f 518/46/8 519/46/8 520/46/8
f 194/32/113 519/46/114 517/46/113
f 519/46/114 194/32/113 196/32/114
f 519/46/114 195/32/115 520/46/115
f 195/32/115 519/46/114 196/32/114
f 191/32/116 515/46/117 516/46/116
f 515/46/117 191/32/116 192/32/117
f 192/32/117 517/46/113 515/46/117
f 517/46/113 192/32/117 194/32/113
f 193/32/118 516/46/116 518/46/118
f 516/46/116 193/32/118 191/32/116
f 195/32/115 518/46/118 520/46/115
f 518/46/118 195/32/115 193/32/118
f 523/46/8 522/46/8 521/46/8
f 522/46/8 523/46/8 524/46/8
f 524/46/8 523/46/8 525/46/8
f 524/46/8 525/46/8 526/46/8
f 220/32/119 525/46/120 523/46/119
f 525/46/120 220/32/119 222/32/120
f 525/46/120 221/32/121 526/46/121
f 221/32/121 525/46/120 222/32/120
f 217/32/122 521/46/123 522/46/122
f 521/46/123 217/32/122 218/32/123
f 218/32/123 523/46/119 521/46/123
f 523/46/119 218/32/123 220/32/119
f 219/32/124 522/46/122 524/46/124
f 522/46/122 219/32/124 217/32/122
f 221/32/121 524/46/124 526/46/121
f 524/46/124 221/32/121 219/32/124
f 527/32/7 243/67/11 244/67/7
f 243/67/11 527/32/7 528/32/11
f 243/67/11 529/32/12 246/67/12
f 529/32/12 243/67/11 528/32/11
f 527/32/7 247/67/6 530/32/6
f 247/67/6 527/32/7 244/67/7
f 532/32/5 251/67/4 531/32/4
f 251/67/4 532/32/5 249/67/5
f 530/32/6 249/67/5 532/32/5
f 249/67/5 530/32/6 247/67/6
f 533/32/14 251/67/4 254/67/14
f 251/67/4 533/32/14 531/32/4
f 246/67/12 534/32/13 253/67/13
f 534/32/13 246/67/12 529/32/12
f 531/32/9 530/32/9 532/32/9
f 530/32/9 531/32/9 527/32/9
f 527/32/9 531/32/9 535/32/9
f 535/32/9 531/32/9 533/32/9
f 536/32/9 527/32/9 535/32/9
f 535/32/9 533/32/9 537/32/9
f 527/32/9 536/32/9 528/32/9
f 537/32/9 533/32/9 538/32/9
f 528/32/9 536/32/9 538/32/9
f 528/32/9 538/32/9 533/32/9
f 528/32/9 533/32/9 534/32/9
f 528/32/9 534/32/9 529/32/9
f 253/67/13 533/32/14 254/67/14
f 533/32/14 253/67/13 534/32/13
f 541/69/7 540/68/11 539/68/7
f 540/68/11 541/69/7 542/69/11
f 539/68/8 544/68/8 543/68/8
f 544/68/8 539/68/8 545/68/8
f 545/68/8 539/68/8 540/68/8
f 545/68/8 540/68/8 546/68/8
f 546/68/8 540/68/8 547/68/8
f 546/68/8 547/68/8 548/68/8
f 541/69/7 543/68/6 549/69/6
f 543/68/6 541/69/7 539/68/7
f 552/70/8 551/70/8 550/70/8
f 551/70/8 552/70/8 553/70/8
f 553/70/8 552/70/8 554/70/8
f 553/70/8 554/70/8 555/70/8
f 555/70/8 554/70/8 556/70/8
f 555/70/8 556/70/8 557/70/8
f 559/69/9 549/69/9 558/69/9
f 549/69/9 559/69/9 541/69/9
f 541/69/9 559/69/9 560/69/9
f 541/69/9 560/69/9 542/69/9
f 542/69/9 560/69/9 561/69/9
f 542/69/9 561/69/9 562/69/9
f 547/68/12 561/69/13 548/68/13
f 561/69/13 547/68/12 562/69/12
f 564/71/7 550/70/6 563/71/6
f 550/70/6 564/71/7 552/70/7
f 558/69/5 545/68/4 559/69/4
f 545/68/4 558/69/5 544/68/5
f 566/71/9 563/71/9 565/71/9
f 563/71/9 566/71/9 564/71/9
f 564/71/9 566/71/9 567/71/9
f 564/71/9 567/71/9 568/71/9
f 568/71/9 567/71/9 569/71/9
f 568/71/9 569/71/9 570/71/9
f 560/69/14 545/68/4 546/68/14
f 545/68/4 560/69/14 559/69/4
f 563/71/6 551/70/5 565/71/5
f 551/70/5 563/71/6 550/70/6
f 564/71/7 554/70/11 552/70/7
f 554/70/11 564/71/7 568/71/11
f 567/71/14 553/70/4 555/70/14
f 553/70/4 567/71/14 566/71/4
f 565/71/5 553/70/4 566/71/4
f 553/70/4 565/71/5 551/70/5
f 549/69/6 544/68/5 558/69/5
f 544/68/5 549/69/6 543/68/6
f 542/69/11 547/68/12 540/68/11
f 547/68/12 542/69/11 562/69/12
f 568/71/11 556/70/12 554/70/11
f 556/70/12 568/71/11 570/71/12
f 556/70/12 569/71/13 557/70/13
f 569/71/13 556/70/12 570/71/12
f 569/71/13 555/70/14 557/70/13
f 555/70/14 569/71/13 567/71/14
f 561/69/13 546/68/14 548/68/13
f 546/68/14 561/69/13 560/69/14
f 573/71/126 572/68/125 571/71/125
f 572/68/125 573/71/126 574/68/126
f 571/71/128 572/68/128 573/71/127
f 574/68/127 573/71/127 572/68/128
f 577/71/125 576/68/126 575/71/126
f 576/68/126 577/71/125 578/68/125
f 575/71/127 576/68/127 577/71/128
f 578/68/128 577/71/128 576/68/127
f 579/71/125 578/68/125 577/71/125
f 578/68/125 579/71/125 580/68/125
f 577/71/128 578/68/128 579/71/128
f 580/68/128 579/71/128 578/68/128
f 571/71/125 582/68/129 581/71/129
f 582/68/129 571/71/125 572/68/125
f 581/71/130 582/68/130 571/71/128
f 572/68/128 571/71/128 582/68/130
f 583/71/126 580/68/125 579/71/125
f 580/68/125 583/71/126 584/68/126
f 579/71/128 580/68/128 583/71/127
f 584/68/127 583/71/127 580/68/128
f 585/71/131 584/68/126 583/71/126
f 584/68/126 585/71/131 586/68/131
f 583/71/127 584/68/127 585/71/132
f 586/68/132 585/71/132 584/68/127
f 587/71/131 574/68/126 573/71/126
f 574/68/126 587/71/131 588/68/131
f 588/68/131 587/71/131 575/71/126
f 588/68/131 575/71/126 576/68/126
f 573/71/127 574/68/127 587/71/132
f 588/68/132 587/71/132 574/68/127
f 575/71/127 587/71/132 588/68/132
f 576/68/127 575/71/127 588/68/132
f 591/71/126 590/68/125 589/71/125
f 590/68/125 591/71/126 592/68/126
f 589/71/128 590/68/128 591/71/127
f 592/68/127 591/71/127 590/68/128
f 595/71/125 594/68/126 593/71/126
f 594/68/126 595/71/125 596/68/125
f 593/71/127 594/68/127 595/71/128
f 596/68/128 595/71/128 594/68/127
f 597/71/125 596/68/125 595/71/125
f 596/68/125 597/71/125 598/68/125
f 595/71/128 596/68/128 597/71/128
f 598/68/128 597/71/128 596/68/128
f 589/71/125 600/68/129 599/71/129
f 600/68/129 589/71/125 590/68/125
f 599/71/130 600/68/130 589/71/128
f 590/68/128 589/71/128 600/68/130
f 601/71/126 598/68/125 597/71/125
f 598/68/125 601/71/126 602/68/126
f 597/71/128 598/68/128 601/71/127
f 602/68/127 601/71/127 598/68/128
f 603/71/131 602/68/126 601/71/126
f 602/68/126 603/71/131 604/68/131
f 601/71/127 602/68/127 603/71/132
f 604/68/132 603/71/132 602/68/127
f 605/71/131 592/68/126 591/71/126
f 592/68/126 605/71/131 606/68/131
f 606/68/131 605/71/131 593/71/126
f 606/68/131 593/71/126 594/68/126
f 591/71/127 592/68/127 605/71/132
f 606/68/132 605/71/132 592/68/127
f 593/71/127 605/71/132 606/68/132
f 594/68/127 593/71/127 606/68/132
f 609/69/7 608/68/11 607/68/7
f 608/68/11 609/69/7 610/69/11
f 607/68/8 612/68/8 611/68/8
f 612/68/8 607/68/8 613/68/8
f 613/68/8 607/68/8 608/68/8
f 613/68/8 608/68/8 614/68/8
f 614/68/8 608/68/8 615/68/8
f 614/68/8 615/68/8 616/68/8
f 609/69/7 611/68/6 617/69/6
f 611/68/6 609/69/7 607/68/7
f 620/70/8 619/70/8 618/70/8
f 619/70/8 620/70/8 621/70/8
f 621/70/8 620/70/8 622/70/8
f 621/70/8 622/70/8 623/70/8
f 623/70/8 622/70/8 624/70/8
f 623/70/8 624/70/8 625/70/8
f 627/69/9 617/69/9 626/69/9
f 617/69/9 627/69/9 609/69/9
f 609/69/9 627/69/9 628/69/9
f 609/69/9 628/69/9 610/69/9
f 610/69/9 628/69/9 629/69/9
f 610/69/9 629/69/9 630/69/9
f 615/68/12 629/69/13 616/68/13
f 629/69/13 615/68/12 630/69/12
f 632/71/7 618/70/6 631/71/6
f 618/70/6 632/71/7 620/70/7
f 626/69/5 613/68/4 627/69/4
f 613/68/4 626/69/5 612/68/5
f 634/71/9 631/71/9 633/71/9
f 631/71/9 634/71/9 632/71/9
f 632/71/9 634/71/9 635/71/9
f 632/71/9 635/71/9 636/71/9
f 636/71/9 635/71/9 637/71/9
f 636/71/9 637/71/9 638/71/9
f 628/69/14 613/68/4 614/68/14
f 613/68/4 628/69/14 627/69/4
f 631/71/6 619/70/5 633/71/5
f 619/70/5 631/71/6 618/70/6
f 632/71/7 622/70/11 620/70/7
f 622/70/11 632/71/7 636/71/11
f 635/71/14 621/70/4 623/70/14
f 621/70/4 635/71/14 634/71/4
f 633/71/5 621/70/4 634/71/4
f 621/70/4 633/71/5 619/70/5
f 617/69/6 612/68/5 626/69/5
f 612/68/5 617/69/6 611/68/6
f 610/69/11 615/68/12 608/68/11
f 615/68/12 610/69/11 630/69/12
f 636/71/11 624/70/12 622/70/11
f 624/70/12 636/71/11 638/71/12
f 624/70/12 637/71/13 625/70/13
f 637/71/13 624/70/12 638/71/12
f 637/71/13 623/70/14 625/70/13
f 623/70/14 637/71/13 635/71/14
f 629/69/13 614/68/14 616/68/13
f 614/68/14 629/69/13 628/69/14
f 641/69/7 640/68/11 639/68/7
f 640/68/11 641/69/7 642/69/11
f 639/68/8 644/68/8 643/68/8
f 644/68/8 639/68/8 645/68/8
f 645/68/8 639/68/8 640/68/8
f 645/68/8 640/68/8 646/68/8
f 646/68/8 640/68/8 647/68/8
f 646/68/8 647/68/8 648/68/8
f 641/69/7 643/68/6 649/69/6
f 643/68/6 641/69/7 639/68/7
f 652/70/8 651/70/8 650/70/8
f 651/70/8 652/70/8 653/70/8
f 653/70/8 652/70/8 654/70/8
f 653/70/8 654/70/8 655/70/8
f 655/70/8 654/70/8 656/70/8
f 655/70/8 656/70/8 657/70/8
f 659/69/9 649/69/9 658/69/9
f 649/69/9 659/69/9 641/69/9
f 641/69/9 659/69/9 660/69/9
f 641/69/9 660/69/9 642/69/9
f 642/69/9 660/69/9 661/69/9
f 642/69/9 661/69/9 662/69/9
f 647/68/12 661/69/13 648/68/13
f 661/69/13 647/68/12 662/69/12
f 664/71/7 650/70/6 663/71/6
f 650/70/6 664/71/7 652/70/7
f 658/69/5 645/68/4 659/69/4
f 645/68/4 658/69/5 644/68/5
f 666/71/9 663/71/9 665/71/9
f 663/71/9 666/71/9 664/71/9
f 664/71/9 666/71/9 667/71/9
f 664/71/9 667/71/9 668/71/9
f 668/71/9 667/71/9 669/71/9
f 668/71/9 669/71/9 670/71/9
f 660/69/14 645/68/4 646/68/14
f 645/68/4 660/69/14 659/69/4
f 663/71/6 651/70/5 665/71/5
f 651/70/5 663/71/6 650/70/6
f 664/71/7 654/70/11 652/70/7
f 654/70/11 664/71/7 668/71/11
f 667/71/14 653/70/4 655/70/14
f 653/70/4 667/71/14 666/71/4
f 665/71/5 653/70/4 666/71/4
f 653/70/4 665/71/5 651/70/5
f 649/69/6 644/68/5 658/69/5
f 644/68/5 649/69/6 643/68/6
f 642/69/11 647/68/12 640/68/11
f 647/68/12 642/69/11 662/69/12
f 668/71/11 656/70/12 654/70/11
f 656/70/12 668/71/11 670/71/12
f 656/70/12 669/71/13 657/70/13
f 669/71/13 656/70/12 670/71/12
f 669/71/13 655/70/14 657/70/13
f 655/70/14 669/71/13 667/71/14
f 661/69/13 646/68/14 648/68/13
f 646/68/14 661/69/13 660/69/14
f 673/71/126 672/68/125 671/71/125
f 672/68/125 673/71/126 674/68/126
f 671/71/128 672/68/128 673/71/127
f 674/68/127 673/71/127 672/68/128
f 677/71/125 676/68/126 675/71/126
f 676/68/126 677/71/125 678/68/125
f 675/71/127 676/68/127 677/71/128
f 678/68/128 677/71/128 676/68/127
f 679/71/125 678/68/125 677/71/125
f 678/68/125 679/71/125 680/68/125
f 677/71/128 678/68/128 679/71/128
f 680/68/128 679/71/128 678/68/128
f 671/71/125 682/68/129 681/71/129
f 682/68/129 671/71/125 672/68/125
f 681/71/130 682/68/130 671/71/128
f 672/68/128 671/71/128 682/68/130
f 683/71/126 680/68/125 679/71/125
f 680/68/125 683/71/126 684/68/126
f 679/71/128 680/68/128 683/71/127
f 684/68/127 683/71/127 680/68/128
f 685/71/131 684/68/126 683/71/126
f 684/68/126 685/71/131 686/68/131
f 683/71/127 684/68/127 685/71/132
f 686/68/132 685/71/132 684/68/127
f 687/71/131 674/68/126 673/71/126
f 674/68/126 687/71/131 688/68/131
f 688/68/131 687/71/131 675/71/126
f 688/68/131 675/71/126 676/68/126
f 673/71/127 674/68/127 687/71/132
f 688/68/132 687/71/132 674/68/127
f 675/71/127 687/71/132 688/68/132
f 676/68/127 675/71/127 688/68/132
f 691/72/133 690/71/134 689/72/133
f 690/71/134 691/72/133 692/71/135
f 693/73/136 690/71/134 692/71/135
f 692/71/135 694/74/2 693/73/136
f 692/71/135 695/75/2 694/74/2
f 695/75/2 692/71/135 691/72/2
f 696/76/2 693/73/136 694/74/2
f 693/73/136 696/76/2 697/76/137
f 690/71/134 693/73/136 698/73/138
f 697/76/137 698/73/138 693/73/136
f 696/76/2 699/77/139 697/76/137
f 699/77/139 696/76/2 700/78/2
f 698/73/138 697/76/137 701/76/140
f 699/77/139 701/76/140 697/76/137
f 700/78/2 702/68/141 699/77/139
f 703/79/2 702/68/141 700/78/2
f 702/68/141 703/79/2 704/80/2
f 705/68/142 699/77/139 702/68/141
f 704/80/143 705/68/142 702/68/141
f 705/68/142 704/80/143 706/80/143
f 701/76/140 699/77/139 707/77/144
f 699/77/139 705/68/142 707/77/144
f 708/76/16 698/73/138 701/76/140
f 707/77/144 708/76/16 701/76/140
f 698/73/138 708/76/16 709/74/16
f 708/76/16 707/77/144 710/78/16
f 705/68/142 710/78/16 707/77/144
f 705/68/142 711/79/16 710/78/16
f 711/79/16 705/68/142 706/80/16
f 709/74/16 690/71/134 698/73/138
f 712/75/16 690/71/134 709/74/16
f 690/71/134 712/75/16 689/72/16
f 704/80/145 711/79/145 706/80/145
f 711/79/145 704/80/145 703/79/145
f 711/79/145 703/79/145 700/78/146
f 711/79/145 700/78/146 710/78/146
f 696/76/3 710/78/146 700/78/146
f 710/78/146 696/76/3 708/76/3
f 694/74/147 708/76/3 696/76/3
f 708/76/3 694/74/147 709/74/147
f 695/75/148 709/74/147 694/74/147
f 709/74/147 695/75/148 712/75/148
f 712/75/148 695/75/148 691/72/148
f 712/75/148 691/72/148 689/72/148
f 715/81/2 714/76/2 713/68/2
f 714/76/2 715/81/2 716/82/149
f 716/82/149 717/71/150 714/76/2
f 716/82/149 718/71/151 717/71/150
f 716/82/149 715/81/2 719/83/152
f 719/83/152 715/81/2 720/68/153
f 718/71/151 716/82/149 721/82/154
f 719/83/152 721/82/154 716/82/149
f 721/82/154 722/76/16 718/71/151
f 720/68/153 723/83/155 719/83/152
f 721/82/154 719/83/152 723/83/155
f 723/83/155 720/68/153 724/68/156
f 725/81/16 723/83/155 724/68/156
f 725/81/16 721/82/154 723/83/155
f 725/81/16 722/76/16 721/82/154
f 722/76/16 725/81/16 726/68/16
f 726/68/157 715/81/8 713/68/157
f 715/81/8 726/68/157 725/81/8
f 725/81/8 720/68/158 715/81/8
f 720/68/158 725/81/8 724/68/158
f 722/76/3 717/71/159 718/71/159
f 717/71/159 722/76/3 714/76/3
f 726/68/160 714/76/3 722/76/3
f 714/76/3 726/68/160 713/68/160
f 729/71/16 728/85/16 727/84/16
f 728/85/16 729/71/16 730/68/16
f 730/68/16 729/71/16 731/71/16
f 730/68/16 731/71/16 732/68/16
f 732/68/16 731/71/16 733/84/16
f 732/68/16 733/84/16 734/85/16
f 737/68/2 736/84/2 735/85/2
f 736/84/2 737/68/2 738/71/2
f 738/71/2 737/68/2 739/68/2
f 738/71/2 739/68/2 740/71/2
f 740/71/2 739/68/2 741/85/2
f 740/71/2 741/85/2 742/84/2
f 731/71/82 738/71/83 740/71/82
f 742/84/102 731/71/82 740/71/82
f 738/71/83 731/71/82 729/71/83
f 731/71/82 742/84/102 733/84/102
f 727/84/161 738/71/83 729/71/83
f 741/85/162 733/84/102 742/84/102
f 738/71/83 727/84/161 736/84/161
f 733/84/102 741/85/162 734/85/162
f 728/85/104 736/84/161 727/84/161
f 736/84/161 728/85/104 735/85/104
f 739/68/163 734/85/162 741/85/162
f 734/85/162 739/68/163 732/68/163
f 730/68/164 735/85/104 728/85/104
f 739/68/163 730/68/164 732/68/163
f 735/85/104 730/68/164 737/68/164
f 730/68/164 739/68/163 737/68/164
f 745/71/16 744/85/16 743/84/16
f 744/85/16 745/71/16 746/68/16
f 746/68/16 745/71/16 747/71/16
f 746/68/16 747/71/16 748/68/16
f 748/68/16 747/71/16 749/84/16
f 748/68/16 749/84/16 750/85/16
f 753/68/2 752/84/2 751/85/2
f 752/84/2 753/68/2 754/71/2
f 754/71/2 753/68/2 755/68/2
f 754/71/2 755/68/2 756/71/2
f 756/71/2 755/68/2 757/85/2
f 756/71/2 757/85/2 758/84/2
f 747/71/82 754/71/83 756/71/82
f 758/84/102 747/71/82 756/71/82
f 754/71/83 747/71/82 745/71/83
f 747/71/82 758/84/102 749/84/102
f 743/84/161 754/71/83 745/71/83
f 757/85/162 749/84/102 758/84/102
f 754/71/83 743/84/161 752/84/161
f 749/84/102 757/85/162 750/85/162
f 744/85/104 752/84/161 743/84/161
f 752/84/161 744/85/104 751/85/104
f 755/68/163 750/85/162 757/85/162
f 750/85/162 755/68/163 748/68/163
f 746/68/164 751/85/104 744/85/104
f 755/68/163 746/68/164 748/68/163
f 751/85/104 746/68/164 753/68/164
f 746/68/164 755/68/163 753/68/164
f 761/71/16 760/85/16 759/84/16
f 760/85/16 761/71/16 762/68/16
f 762/68/16 761/71/16 763/71/16
f 762/68/16 763/71/16 764/68/16
f 764/68/16 763/71/16 765/84/16
f 764/68/16 765/84/16 766/85/16
f 769/68/2 768/84/2 767/85/2
f 768/84/2 769/68/2 770/71/2
f 770/71/2 769/68/2 771/68/2
f 770/71/2 771/68/2 772/71/2
f 772/71/2 771/68/2 773/85/2
f 772/71/2 773/85/2 774/84/2
f 763/71/82 770/71/83 772/71/82
f 774/84/102 763/71/82 772/71/82
f 770/71/83 763/71/82 761/71/83
f 763/71/82 774/84/102 765/84/102
f 759/84/161 770/71/83 761/71/83
f 773/85/162 765/84/102 774/84/102
f 770/71/83 759/84/161 768/84/161
f 765/84/102 773/85/162 766/85/162
f 760/85/104 768/84/161 759/84/161
f 768/84/161 760/85/104 767/85/104
f 771/68/163 766/85/162 773/85/162
f 766/85/162 771/68/163 764/68/163
f 762/68/164 767/85/104 760/85/104
f 771/68/163 762/68/164 764/68/163
f 767/85/104 762/68/164 769/68/164
f 762/68/164 771/68/163 769/68/164
f 777/71/16 776/85/16 775/84/16
f 776/85/16 777/71/16 778/68/16
f 778/68/16 777/71/16 779/71/16
f 778/68/16 779/71/16 780/68/16
f 780/68/16 779/71/16 781/84/16
f 780/68/16 781/84/16 782/85/16
f 785/68/2 784/84/2 783/85/2
f 784/84/2 785/68/2 786/71/2
f 786/71/2 785/68/2 787/68/2
f 786/71/2 787/68/2 788/71/2
f 788/71/2 787/68/2 789/85/2
f 788/71/2 789/85/2 790/84/2
f 779/71/82 786/71/83 788/71/82
f 790/84/102 779/71/82 788/71/82
f 786/71/83 779/71/82 777/71/83
f 779/71/82 790/84/102 781/84/102
f 775/84/161 786/71/83 777/71/83
f 789/85/162 781/84/102 790/84/102
f 786/71/83 775/84/161 784/84/161
f 781/84/102 789/85/162 782/85/162
f 776/85/104 784/84/161 775/84/161
f 784/84/161 776/85/104 783/85/104
f 787/68/163 782/85/162 789/85/162
f 782/85/162 787/68/163 780/68/163
f 778/68/164 783/85/104 776/85/104
f 787/68/163 778/68/164 780/68/163
f 783/85/104 778/68/164 785/68/164
f 778/68/164 787/68/163 785/68/164
f 793/71/16 792/85/16 791/84/16
f 792/85/16 793/71/16 794/68/16
f 794/68/16 793/71/16 795/71/16
f 794/68/16 795/71/16 796/68/16
f 796/68/16 795/71/16 797/84/16
f 796/68/16 797/84/16 798/85/16
f 801/68/2 800/84/2 799/85/2
f 800/84/2 801/68/2 802/71/2
f 802/71/2 801/68/2 803/68/2
f 802/71/2 803/68/2 804/71/2
f 804/71/2 803/68/2 805/85/2
f 804/71/2 805/85/2 806/84/2
f 795/71/82 802/71/83 804/71/82
f 806/84/102 795/71/82 804/71/82
f 802/71/83 795/71/82 793/71/83
f 795/71/82 806/84/102 797/84/102
f 791/84/161 802/71/83 793/71/83
f 805/85/162 797/84/102 806/84/102
f 802/71/83 791/84/161 800/84/161
f 797/84/102 805/85/162 798/85/162
f 792/85/104 800/84/161 791/84/161
f 800/84/161 792/85/104 799/85/104
f 803/68/163 798/85/162 805/85/162
f 798/85/162 803/68/163 796/68/163
f 794/68/164 799/85/104 792/85/104
f 803/68/163 794/68/164 796/68/163
f 799/85/104 794/68/164 801/68/164
f 794/68/164 803/68/163 801/68/164
f 809/68/165 808/86/2 807/80/2
f 808/86/2 809/68/165 810/87/2
f 810/87/2 809/68/165 811/88/166
f 811/88/166 812/76/2 810/87/2
f 813/68/167 811/88/166 809/68/165
f 807/80/168 813/68/167 809/68/165
f 813/68/167 807/80/168 814/80/168
f 812/76/2 811/88/166 815/76/169
f 816/89/170 812/76/2 815/76/169
f 812/76/2 816/89/170 817/90/2
f 224/71/171 817/90/2 816/89/170
f 224/71/171 818/91/2 817/90/2
f 818/91/2 224/71/171 819/92/2
f 816/89/170 223/71/172 224/71/171
f 223/71/172 819/92/173 224/71/171
f 819/92/173 223/71/172 820/92/173
f 815/76/169 821/89/174 816/89/170
f 223/71/172 816/89/170 821/89/174
f 811/88/166 822/76/175 815/76/169
f 821/89/174 815/76/169 822/76/175
f 822/76/175 811/88/166 823/88/176
f 811/88/166 813/68/167 823/88/176
f 824/76/16 821/89/174 822/76/175
f 823/88/176 824/76/16 822/76/175
f 821/89/174 824/76/16 825/90/16
f 825/90/16 223/71/172 821/89/174
f 826/91/16 223/71/172 825/90/16
f 223/71/172 826/91/16 820/92/16
f 824/76/16 823/88/176 827/87/16
f 813/68/167 827/87/16 823/88/176
f 813/68/167 828/86/16 827/87/16
f 828/86/16 813/68/167 814/80/16
f 807/80/177 828/86/177 814/80/177
f 828/86/177 807/80/177 808/86/177
f 828/86/177 808/86/177 810/87/178
f 828/86/177 810/87/178 827/87/178
f 812/76/3 827/87/178 810/87/178
f 827/87/178 812/76/3 824/76/3
f 817/90/179 824/76/3 812/76/3
f 824/76/3 817/90/179 825/90/179
f 818/91/180 825/90/179 817/90/179
f 825/90/179 818/91/180 826/91/180
f 826/91/180 818/91/180 819/92/180
f 826/91/180 819/92/180 820/92/180
f 831/71/16 830/85/16 829/84/16
f 830/85/16 831/71/16 832/68/16
f 832/68/16 831/71/16 833/71/16
f 832/68/16 833/71/16 834/68/16
f 834/68/16 833/71/16 835/84/16
f 834/68/16 835/84/16 836/85/16
f 839/68/2 838/84/2 837/85/2
f 838/84/2 839/68/2 840/71/2
f 840/71/2 839/68/2 841/68/2
f 840/71/2 841/68/2 842/71/2
f 842/71/2 841/68/2 843/85/2
f 842/71/2 843/85/2 844/84/2
f 833/71/82 840/71/83 842/71/82
f 844/84/102 833/71/82 842/71/82
f 840/71/83 833/71/82 831/71/83
f 833/71/82 844/84/102 835/84/102
f 829/84/161 840/71/83 831/71/83
f 843/85/162 835/84/102 844/84/102
f 840/71/83 829/84/161 838/84/161
f 835/84/102 843/85/162 836/85/162
f 830/85/104 838/84/161 829/84/161
f 838/84/161 830/85/104 837/85/104
f 841/68/163 836/85/162 843/85/162
f 836/85/162 841/68/163 834/68/163
f 832/68/164 837/85/104 830/85/104
f 841/68/163 832/68/164 834/68/163
f 837/85/104 832/68/164 839/68/164
f 832/68/164 841/68/163 839/68/164
f 847/71/16 846/85/16 845/84/16
f 846/85/16 847/71/16 848/68/16
f 848/68/16 847/71/16 849/71/16
f 848/68/16 849/71/16 850/68/16
f 850/68/16 849/71/16 851/84/16
f 850/68/16 851/84/16 852/85/16
f 855/68/2 854/84/2 853/85/2
f 854/84/2 855/68/2 856/71/2
f 856/71/2 855/68/2 857/68/2
f 856/71/2 857/68/2 858/71/2
f 858/71/2 857/68/2 859/85/2
f 858/71/2 859/85/2 860/84/2
f 849/71/82 856/71/83 858/71/82
f 860/84/102 849/71/82 858/71/82
f 856/71/83 849/71/82 847/71/83
f 849/71/82 860/84/102 851/84/102
f 845/84/161 856/71/83 847/71/83
f 859/85/162 851/84/102 860/84/102
f 856/71/83 845/84/161 854/84/161
f 851/84/102 859/85/162 852/85/162
f 846/85/104 854/84/161 845/84/161
f 854/84/161 846/85/104 853/85/104
f 857/68/163 852/85/162 859/85/162
f 852/85/162 857/68/163 850/68/163
f 848/68/164 853/85/104 846/85/104
f 857/68/163 848/68/164 850/68/163
f 853/85/104 848/68/164 855/68/164
f 848/68/164 857/68/163 855/68/164
f 863/71/16 862/85/16 861/84/16
f 862/85/16 863/71/16 864/68/16
f 864/68/16 863/71/16 865/71/16
f 864/68/16 865/71/16 866/68/16
f 866/68/16 865/71/16 867/84/16
f 866/68/16 867/84/16 868/85/16
f 871/68/2 870/84/2 869/85/2
f 870/84/2 871/68/2 872/71/2
f 872/71/2 871/68/2 873/68/2
f 872/71/2 873/68/2 874/71/2
f 874/71/2 873/68/2 875/85/2
f 874/71/2 875/85/2 876/84/2
f 865/71/82 872/71/83 874/71/82
f 876/84/102 865/71/82 874/71/82
f 872/71/83 865/71/82 863/71/83
f 865/71/82 876/84/102 867/84/102
f 861/84/161 872/71/83 863/71/83
f 875/85/162 867/84/102 876/84/102
f 872/71/83 861/84/161 870/84/161
f 867/84/102 875/85/162 868/85/162
f 862/85/104 870/84/161 861/84/161
f 870/84/161 862/85/104 869/85/104
f 873/68/163 868/85/162 875/85/162
f 868/85/162 873/68/163 866/68/163
f 864/68/164 869/85/104 862/85/104
f 873/68/163 864/68/164 866/68/163
f 869/85/104 864/68/164 871/68/164
f 864/68/164 873/68/163 871/68/164
f 63/93/16 65/94/16 68/93/16
f 65/94/16 63/93/16 61/94/16
f 62/94/2 67/93/2 66/94/2
f 67/93/2 62/94/2 64/93/2
f 365/98/2 363/97/2 381/93/2
f 363/97/2 367/97/2 381/93/2
f 381/93/2 367/97/2 380/93/2
f 371/99/2 369/95/2 377/96/2
f 369/95/2 373/95/2 377/96/2
f 377/96/2 373/95/2 376/96/2
f 376/96/2 380/93/2 367/97/2
f 373/95/2 878/94/2 376/96/2
f 376/96/2 878/94/2 380/93/2
f 880/94/2 380/93/2 878/94/2
f 370/99/16 375/96/16 368/95/16
f 368/95/16 375/96/16 372/95/16
f 374/96/16 372/95/16 375/96/16
f 372/95/16 374/96/16 877/94/16
f 877/94/16 374/96/16 879/94/16
f 366/97/16 879/94/16 374/96/16
f 364/98/16 379/93/16 362/97/16
f 362/97/16 379/93/16 366/97/16
f 366/97/16 379/93/16 879/94/16
f 378/93/16 879/94/16 379/93/16
f 367/97/3 366/97/3 376/96/3
f 374/96/3 376/96/3 366/97/3
f 373/95/3 372/95/3 878/94/3
f 877/94/3 878/94/3 372/95/3
f 455/98/2 453/97/2 471/93/2
f 453/97/2 457/97/2 471/93/2
f 471/93/2 457/97/2 470/93/2
f 461/99/2 459/95/2 467/96/2
f 459/95/2 463/95/2 467/96/2
f 467/96/2 463/95/2 466/96/2
f 466/96/2 470/93/2 457/97/2
f 463/95/2 882/94/2 466/96/2
f 466/96/2 882/94/2 470/93/2
f 884/94/2 470/93/2 882/94/2
f 460/99/16 465/96/16 458/95/16
f 458/95/16 465/96/16 462/95/16
f 464/96/16 462/95/16 465/96/16
f 462/95/16 464/96/16 881/94/16
f 881/94/16 464/96/16 883/94/16
f 456/97/16 883/94/16 464/96/16
f 454/98/16 469/93/16 452/97/16
f 452/97/16 469/93/16 456/97/16
f 456/97/16 469/93/16 883/94/16
f 468/93/16 883/94/16 469/93/16
f 457/97/3 456/97/3 466/96/3
f 464/96/3 466/96/3 456/97/3
f 463/95/3 462/95/3 882/94/3
f 881/94/3 882/94/3 462/95/3
f 161/93/16 163/94/16 166/93/16
f 163/94/16 161/93/16 159/94/16
f 160/94/2 165/93/2 164/94/2
f 165/93/2 160/94/2 162/93/2
f 199/93/16 201/94/16 204/93/16
f 201/94/16 199/93/16 197/94/16
f 198/94/2 203/93/2 202/94/2
f 203/93/2 198/94/2 200/93/2
f 225/93/16 227/94/16 230/93/16
f 227/94/16 225/93/16 223/94/16
f 224/94/2 229/93/2 228/94/2
f 229/93/2 224/94/2 226/93/2
f 887/100/3 886/95/3 885/95/3
f 886/95/3 887/100/3 888/100/3
f 889/100/3 888/100/3 887/100/3
f 890/100/3 888/100/3 889/100/3
f 890/100/3 891/101/3 888/100/3
f 890/100/3 889/100/3 892/95/3
f 892/95/3 889/100/3 893/95/3
f 894/101/3 891/101/3 890/100/3
f 894/101/3 895/97/3 891/101/3
f 895/97/3 894/101/3 896/97/3
f 897/95/16 890/100/75 892/95/16
f 890/100/75 897/95/16 898/100/75
f 899/100/73 886/95/2 888/100/73
f 886/95/2 899/100/73 900/95/2
f 901/101/80 888/100/73 891/101/80
f 888/100/73 901/101/80 899/100/73
f 901/101/80 895/97/181 902/97/181
f 895/97/181 901/101/80 891/101/80
f 902/97/181 896/97/182 903/97/182
f 896/97/182 902/97/181 895/97/181
f 903/97/182 894/101/71 904/101/71
f 894/101/71 903/97/182 896/97/182
f 898/100/75 894/101/71 890/100/75
f 894/101/71 898/100/75 904/101/71
f 906/100/1 897/95/1 905/95/1
f 897/95/1 906/100/1 898/100/1
f 899/100/1 898/100/1 906/100/1
f 899/100/1 906/100/1 907/100/1
f 899/100/1 907/100/1 908/95/1
f 899/100/1 908/95/1 900/95/1
f 901/101/1 898/100/1 899/100/1
f 901/101/1 904/101/1 898/100/1
f 902/97/1 904/101/1 901/101/1
f 904/101/1 902/97/1 903/97/1
f 911/103/16 910/95/16 909/102/16
f 910/95/16 911/103/16 912/95/16
f 912/95/16 911/103/16 913/97/16
f 912/95/16 913/97/16 914/97/16
f 917/95/2 916/102/2 915/95/2
f 916/102/2 917/95/2 918/103/2
f 918/103/2 917/95/2 919/97/2
f 919/97/2 917/95/2 920/97/2
f 918/103/22 921/102/183 916/102/183
f 921/102/183 918/103/22 922/103/22
f 922/103/16 923/95/16 921/102/16
f 923/95/16 922/103/16 924/95/184
f 924/95/184 922/103/16 925/97/16
f 924/95/184 925/97/16 926/97/184
f 929/97/185 928/95/186 927/95/185
f 928/95/186 929/97/185 930/97/186
f 916/102/183 923/95/3 915/95/3
f 923/95/3 916/102/183 921/102/183
f 929/97/185 924/95/184 926/97/184
f 924/95/184 929/97/185 927/95/185
f 918/103/22 925/97/187 922/103/22
f 925/97/187 918/103/22 919/97/187
f 933/95/189 932/97/188 931/95/188
f 932/97/188 933/95/189 934/97/189
f 936/97/190 933/95/189 935/95/190
f 933/95/189 936/97/190 934/97/189
f 937/103/22 913/97/187 911/103/22
f 913/97/187 937/103/22 938/97/187
f 937/103/22 909/102/183 939/102/183
f 909/102/183 937/103/22 911/103/22
f 931/95/188 939/102/2 940/95/2
f 939/102/2 931/95/188 937/103/2
f 937/103/2 931/95/188 938/97/2
f 938/97/2 931/95/188 932/97/188
f 930/97/186 935/95/190 928/95/186
f 935/95/190 930/97/186 936/97/190
f 939/102/183 910/95/3 940/95/3
f 910/95/3 939/102/183 909/102/183
f 938/97/187 914/97/9 913/97/187
f 914/97/9 938/97/187 936/97/9
f 936/97/9 920/97/9 914/97/9
f 936/97/9 938/97/187 934/97/9
f 934/97/9 938/97/187 932/97/9
f 930/97/9 920/97/9 936/97/9
f 930/97/9 919/97/187 920/97/9
f 929/97/9 919/97/187 930/97/9
f 926/97/9 919/97/187 929/97/9
f 919/97/187 926/97/9 925/97/187
f 940/95/8 933/95/8 931/95/8
f 940/95/8 935/95/8 933/95/8
f 910/95/8 935/95/8 940/95/8
f 912/95/8 935/95/8 910/95/8
f 917/95/8 935/95/8 912/95/8
f 935/95/8 917/95/8 928/95/8
f 915/95/8 928/95/8 917/95/8
f 915/95/8 927/95/8 928/95/8
f 923/95/8 927/95/8 915/95/8
f 927/95/8 923/95/8 924/95/8
f 914/97/3 917/95/3 912/95/3
f 917/95/3 914/97/3 920/97/3
f 943/95/191 942/97/18 941/95/18
f 942/97/18 943/95/191 944/97/191
f 946/97/192 943/95/191 945/95/192
f 943/95/191 946/97/192 944/97/191
f 946/97/192 948/95/17 947/97/17
f 948/95/17 946/97/192 945/95/192
f 951/95/193 950/97/193 949/95/193
f 950/97/193 951/95/193 952/97/193
f 954/97/3 951/95/3 953/95/3
f 951/95/3 954/97/3 952/97/3
f 954/97/194 956/95/194 955/97/194
f 956/95/194 954/97/194 953/95/194
f 958/97/195 955/97/9 957/97/195
f 942/97/9 955/97/9 958/97/195
f 944/97/9 955/97/9 942/97/9
f 944/97/9 954/97/9 955/97/9
f 944/97/9 952/97/9 954/97/9
f 946/97/9 952/97/9 944/97/9
f 946/97/9 950/97/9 952/97/9
f 947/97/9 950/97/9 946/97/9
f 947/97/9 959/97/195 950/97/9
f 959/97/195 947/97/9 960/97/195
f 962/104/195 957/97/195 961/104/195
f 957/97/195 962/104/195 958/97/195
f 964/104/195 960/97/195 963/104/195
f 960/97/195 964/104/195 959/97/195
f 966/104/83 963/104/195 965/104/83
f 963/104/195 966/104/83 964/104/195
f 969/105/161 968/95/3 967/95/3
f 968/95/3 969/105/161 970/105/161
f 949/95/2 969/105/2 967/95/2
f 969/105/2 949/95/2 966/104/2
f 966/104/2 949/95/2 964/104/2
f 964/104/2 949/95/2 959/97/2
f 959/97/2 949/95/2 950/97/2
f 965/104/16 968/95/16 970/105/16
f 968/95/16 965/104/16 948/95/16
f 948/95/16 965/104/16 963/104/16
f 948/95/16 963/104/16 960/97/16
f 948/95/16 960/97/16 947/97/16
f 948/95/8 967/95/8 968/95/8
f 967/95/8 948/95/8 949/95/8
f 949/95/8 948/95/8 945/95/8
f 949/95/8 945/95/8 951/95/8
f 951/95/8 945/95/8 943/95/8
f 951/95/8 943/95/8 953/95/8
f 953/95/8 943/95/8 956/95/8
f 956/95/8 943/95/8 941/95/8
f 956/95/8 941/95/8 971/95/8
f 971/95/8 972/95/8 956/95/8
f 966/104/83 970/105/161 969/105/161
f 970/105/161 966/104/83 965/104/83
f 973/105/161 972/95/3 971/95/3
f 972/95/3 973/105/161 974/105/161
f 976/104/83 961/104/195 975/104/83
f 961/104/195 976/104/83 962/104/195
f 941/95/2 973/105/2 971/95/2
f 973/105/2 941/95/2 976/104/2
f 976/104/2 941/95/2 962/104/2
f 962/104/2 941/95/2 958/97/2
f 958/97/2 941/95/2 942/97/2
f 976/104/83 974/105/161 973/105/161
f 974/105/161 976/104/83 975/104/83
f 975/104/16 972/95/16 974/105/16
f 972/95/16 975/104/16 956/95/16
f 956/95/16 975/104/16 961/104/16
f 956/95/16 961/104/16 957/97/16
f 956/95/16 957/97/16 955/97/16
f 979/106/197 978/97/196 977/106/196
f 978/97/196 979/106/197 980/97/197
f 983/108/198 982/107/58 981/107/58
f 982/107/58 983/108/198 984/108/198
f 987/97/199 986/106/200 985/106/199
f 986/106/200 987/97/199 988/97/200
f 991/107/82 990/109/102 989/107/82
f 990/109/102 991/107/82 992/109/102
f 995/108/198 994/107/58 993/107/58
f 994/107/58 995/108/198 996/108/198
f 997/97/201 986/106/200 988/97/200
f 986/106/200 997/97/201 998/106/201
f 1000/110/202 995/108/198 999/110/202
f 995/108/198 1000/110/202 996/108/198
f 990/109/102 1002/95/1 1001/95/1
f 1002/95/1 990/109/102 992/109/102
f 982/107/9 989/107/82 981/107/9
f 989/107/82 982/107/9 991/107/82
f 1004/110/202 983/108/198 1003/110/202
f 983/108/198 1004/110/202 984/108/198
f 1006/110/9 999/110/202 1005/110/9
f 999/110/202 1006/110/9 1000/110/202
f 978/97/196 1007/106/203 977/106/196
f 1007/106/203 978/97/196 1008/97/203
f 1011/109/102 1010/95/1 1009/95/1
f 1010/95/1 1011/109/102 1012/109/102
f 994/107/9 1013/107/82 993/107/9
f 1013/107/82 994/107/9 1014/107/82
f 1014/107/82 1011/109/102 1013/107/82
f 1011/109/102 1014/107/82 1012/109/102
f 1017/110/1 1016/97/1 1015/97/1
f 1017/110/1 1018/106/1 1016/97/1
f 1018/106/1 1017/110/1 1019/106/1
f 1020/110/1 1019/106/1 1017/110/1
f 1019/106/1 1020/110/1 1021/97/1
f 1021/97/1 1020/110/1 1022/97/1
f 1014/107/2 1010/95/2 1012/109/2
f 994/107/2 1010/95/2 1014/107/2
f 994/107/2 1023/95/2 1010/95/2
f 996/108/2 1023/95/2 994/107/2
f 1000/110/2 1023/95/2 996/108/2
f 1000/110/2 1024/106/2 1023/95/2
f 1006/110/2 1024/106/2 1000/110/2
f 1024/106/2 1006/110/2 1025/106/2
f 1026/97/2 1025/106/2 1006/110/2
f 1016/97/2 1025/106/2 1026/97/2
f 1025/106/2 1016/97/2 1018/106/2
f 1027/97/16 1019/106/16 1021/97/16
f 1019/106/16 1027/97/16 1028/106/16
f 1028/106/16 1027/97/16 1029/110/16
f 1028/106/16 1029/110/16 1030/106/16
f 1030/106/16 1029/110/16 1003/110/16
f 1030/106/16 1003/110/16 1031/95/16
f 1031/95/16 1003/110/16 983/108/16
f 1031/95/16 983/108/16 981/107/16
f 1031/95/16 981/107/16 1001/95/16
f 1001/95/16 981/107/16 989/107/16
f 1001/95/16 989/107/16 990/109/16
f 1010/95/8 1032/95/8 1009/95/8
f 1032/95/8 1010/95/8 1023/95/8
f 1024/106/204 1032/95/204 1023/95/204
f 1032/95/204 1024/106/204 1033/106/204
f 1034/106/8 1028/106/8 1030/106/8
f 1028/106/8 1034/106/8 1019/106/8
f 1019/106/8 1034/106/8 977/106/8
f 977/106/8 1034/106/8 979/106/8
f 1007/106/8 1019/106/8 977/106/8
f 985/106/8 1019/106/8 1007/106/8
f 985/106/8 1018/106/8 1019/106/8
f 986/106/8 1018/106/8 985/106/8
f 986/106/8 1025/106/8 1018/106/8
f 986/106/8 1024/106/8 1025/106/8
f 998/106/8 1024/106/8 986/106/8
f 1024/106/8 998/106/8 1033/106/8
f 1002/95/8 1031/95/8 1001/95/8
f 1031/95/8 1002/95/8 1035/95/8
f 1034/106/204 1031/95/204 1035/95/204
f 1031/95/204 1034/106/204 1030/106/204
f 1037/110/9 1017/110/9 1036/110/9
f 1017/110/9 1037/110/9 1020/110/9
f 1015/97/9 987/97/9 1038/97/9
f 1016/97/9 987/97/9 1015/97/9
f 987/97/9 1016/97/9 988/97/9
f 1026/97/9 988/97/9 1016/97/9
f 1039/97/9 988/97/9 1026/97/9
f 988/97/9 1039/97/9 997/97/9
f 1005/110/1 1026/97/1 1006/110/1
f 1026/97/1 1005/110/1 1039/97/1
f 1039/97/16 998/106/201 997/97/201
f 998/106/201 1039/97/16 1005/110/16
f 998/106/201 1005/110/16 1033/106/16
f 1033/106/16 1005/110/16 999/110/16
f 1033/106/16 999/110/16 1032/95/16
f 1032/95/16 999/110/16 995/108/16
f 1032/95/16 995/108/16 993/107/16
f 1032/95/16 993/107/16 1009/95/16
f 1009/95/16 993/107/16 1013/107/16
f 1009/95/16 1013/107/16 1011/109/16
f 1017/110/2 1038/97/2 1036/110/2
f 1038/97/2 1017/110/2 1015/97/2
f 1040/110/9 1003/110/202 1029/110/9
f 1003/110/202 1040/110/9 1004/110/202
f 1008/97/9 1022/97/9 1041/97/9
f 1022/97/9 1008/97/9 1021/97/9
f 1021/97/9 1008/97/9 978/97/9
f 1021/97/9 978/97/9 1027/97/9
f 1027/97/9 978/97/9 1042/97/9
f 1042/97/9 978/97/9 980/97/9
f 1027/97/1 1040/110/1 1029/110/1
f 1040/110/1 1027/97/1 1042/97/1
f 991/107/2 1002/95/2 992/109/2
f 982/107/2 1002/95/2 991/107/2
f 982/107/2 1035/95/2 1002/95/2
f 984/108/2 1035/95/2 982/107/2
f 1004/110/2 1035/95/2 984/108/2
f 1004/110/2 1034/106/2 1035/95/2
f 1040/110/2 1034/106/2 1004/110/2
f 1040/110/2 979/106/197 1034/106/2
f 979/106/197 1040/110/2 980/97/197
f 1042/97/2 980/97/197 1040/110/2
f 1022/97/16 1037/110/16 1041/97/16
f 1037/110/16 1022/97/16 1020/110/16
f 1037/110/3 1008/97/203 1041/97/3
f 1037/110/3 1007/106/203 1008/97/203
f 1007/106/203 1037/110/3 985/106/199
f 1036/110/3 985/106/199 1037/110/3
f 985/106/199 1036/110/3 987/97/199
f 987/97/199 1036/110/3 1038/97/3
f 1045/103/109 1044/102/205 1043/103/109
f 1044/102/205 1045/103/109 1046/102/205
f 1046/102/205 1047/95/16 1044/102/205
f 1047/95/16 1046/102/205 1048/95/16
f 1051/97/208 1050/97/207 1049/97/206
f 1050/97/207 1051/97/208 1052/97/209
f 1049/97/206 1045/103/109 1043/103/109
f 1045/103/109 1049/97/206 1050/97/207
f 1053/95/3 1044/102/3 1047/95/3
f 1044/102/3 1053/95/3 1054/102/3
f 1044/102/3 1054/102/3 1043/103/3
f 1043/103/3 1054/102/3 1055/103/3
f 1043/103/3 1055/103/3 1049/97/3
f 1049/97/3 1055/103/3 1051/97/3
f 1046/102/1 1056/95/1 1048/95/1
f 1056/95/1 1046/102/1 1057/102/1
f 1057/102/1 1046/102/1 1045/103/1
f 1057/102/1 1045/103/1 1058/103/1
f 1058/103/1 1045/103/1 1050/97/1
f 1058/103/1 1050/97/1 1052/97/1
f 1055/103/110 1052/97/209 1051/97/208
f 1052/97/209 1055/103/110 1058/103/110
f 1056/95/2 1054/102/210 1053/95/2
f 1054/102/210 1056/95/2 1057/102/210
f 1057/102/210 1055/103/110 1054/102/210
f 1055/103/110 1057/102/210 1058/103/110
f 1048/95/8 1053/95/8 1047/95/8
f 1053/95/8 1048/95/8 1056/95/8
f 407/113/100 411/112/100 409/111/100
f 411/112/100 407/113/100 398/112/100
f 398/112/100 407/113/100 405/114/100
f 398/112/100 405/114/100 402/113/100
f 398/112/100 402/113/100 400/111/100
f 538/116/3 1060/115/3 1059/115/3
f 1060/115/3 538/116/3 536/116/3
f 535/116/1 1062/115/1 1061/115/1
f 1062/115/1 535/116/1 537/116/1
f 1060/115/2 535/116/2 1061/115/2
f 535/116/2 1060/115/2 536/116/2
f 538/116/16 1062/115/16 537/116/16
f 1062/115/16 538/116/16 1059/115/16
f 1062/115/9 1060/115/9 1061/115/9
f 1060/115/9 1062/115/9 1059/115/9
f 437/119/16 441/118/16 439/117/16
f 441/118/16 437/119/16 428/118/16
f 428/118/16 437/119/16 435/120/16
f 428/118/16 435/120/16 432/119/16
f 428/118/16 432/119/16 430/117/16

