# Created by Kenney (www.kenney.nl)

mtllib ship-small-ghost.mtl

g ship-small-ghost

v 0.2964644 7.7 0.7663224 1 1 1
v 0.2964644 7.7 0.3663224 1 1 1
v -0.04994581 7.7 0.9663224 1 1 1
v -0.04994581 7.7 0.1663224 1 1 1
v -0.396356 7.7 0.7663224 1 1 1
v -0.396356 7.7 0.3663224 1 1 1
v 0.4350284 8.5 0.2863224 1 1 1
v 0.4350284 8.5 0.8463224 1 1 1
v -0.04994581 8.5 0.006322384 1 1 1
v -0.53492 8.5 0.2863224 1 1 1
v -0.53492 8.5 0.8463224 1 1 1
v -0.04994581 8.5 1.126322 1 1 1
v 0.272577 7.8 0.3801138 1 1 1
v 0.272577 7.8 0.752531 1 1 1
v -0.04994581 7.8 0.1939051 1 1 1
v -0.04994581 7.8 0.9387397 1 1 1
v -0.3724686 7.8 0.3801138 1 1 1
v -0.3724686 7.8 0.752531 1 1 1
v -0.04994581 8.5 0.1939051 1 1 1
v -0.3724686 8.5 0.3801138 1 1 1
v -0.3724686 8.5 0.752531 1 1 1
v -0.04994581 8.5 0.9387397 1 1 1
v 0.272577 8.5 0.752531 1 1 1
v 0.272577 8.5 0.3801138 1 1 1
v 2 2.939782 -3.8 1 1 1
v 2.1 2.939782 -3.8 1 1 1
v 2 3.194495 -3.694495 1 1 1
v 2.1 3.194495 -3.694495 1 1 1
v 2.1 3.316478 -3.4 1 1 1
v 2 3.316478 -3.4 1 1 1
v 2.1 3.194495 -3.105505 1 1 1
v 2 3.194495 -3.105505 1 1 1
v 2.1 2.939782 -3 1 1 1
v 2 2.939782 -3 1 1 1
v 2.1 2.2 -3 1 1 1
v 2 2.2 -3 1 1 1
v 2.05 2.3 -3.2 1 1 1
v 2.1 2.3 -3.2 1 1 1
v 2.05 2.9 -3.2 1 1 1
v 2.1 2.9 -3.2 1 1 1
v 2.05 3.041421 -3.258579 1 1 1
v 2.1 3.041421 -3.258579 1 1 1
v 2.1 3.1 -3.4 1 1 1
v 2.05 3.1 -3.4 1 1 1
v 2.1 3.041421 -3.541421 1 1 1
v 2.05 3.041421 -3.541421 1 1 1
v 2.1 2.9 -3.6 1 1 1
v 2.05 2.9 -3.6 1 1 1
v 2.1 2.3 -3.6 1 1 1
v 2.05 2.3 -3.6 1 1 1
v 2 2.2 -3.8 1 1 1
v 2.1 2.2 -3.8 1 1 1
v 2.1 2.1 -3.1 1 1 1
v 2.1 2.1 -3.7 1 1 1
v 2 2.1 -3.1 1 1 1
v 2 2.1 -3.7 1 1 1
v 2.1 2.129289 -3.77071 1 1 1
v 2 2.129289 -3.77071 1 1 1
v 2.1 2.129289 -3.029289 1 1 1
v 2 2.129289 -3.029289 1 1 1
v 0.1241253 2.1 0.6658224 1 1 1
v 0.1241253 2.1 0.4648224 1 1 1
v -0.04994581 2.1 0.7663224 1 1 1
v -0.04994581 2.1 0.3643224 1 1 1
v -0.2240169 2.1 0.6658224 1 1 1
v -0.2240169 2.1 0.4648224 1 1 1
v -0.04994581 9.96352 0.7153224 1 1 1
v -0.1798496 9.96352 0.6403224 1 1 1
v -0.1798496 9.96352 0.4903224 1 1 1
v 0.07995801 9.96352 0.4903224 1 1 1
v 0.07995801 9.96352 0.6403224 1 1 1
v -0.04994581 9.96352 0.4153224 1 1 1
v -2.05 3.1 -3.4 1 1 1
v -2.05 3.041421 -3.541421 1 1 1
v -2.1 3.1 -3.4 1 1 1
v -2.1 3.041421 -3.541421 1 1 1
v -2.05 2.9 -3.6 1 1 1
v -2.1 2.9 -3.6 1 1 1
v -2.1 2.939782 -3.8 1 1 1
v -2 2.939782 -3.8 1 1 1
v -2.1 3.194495 -3.694495 1 1 1
v -2 3.194495 -3.694495 1 1 1
v -2.1 2.2 -3.8 1 1 1
v -2 2.2 -3.8 1 1 1
v -2.05 2.3 -3.6 1 1 1
v -2.05 2.3 -3.2 1 1 1
v -2.1 2.3 -3.6 1 1 1
v -2.1 2.3 -3.2 1 1 1
v -2.1 2.129289 -3.77071 1 1 1
v -2 2.129289 -3.77071 1 1 1
v -2 2.939782 -3 1 1 1
v -2.1 2.939782 -3 1 1 1
v -2 3.194495 -3.105505 1 1 1
v -2.1 3.194495 -3.105505 1 1 1
v -2 3.316478 -3.4 1 1 1
v -2.1 3.316478 -3.4 1 1 1
v -2.1 2.9 -3.2 1 1 1
v -2.05 2.9 -3.2 1 1 1
v -2 2.129289 -3.029289 1 1 1
v -2.1 2.129289 -3.029289 1 1 1
v -2 2.2 -3 1 1 1
v -2.1 2.2 -3 1 1 1
v -2 2.1 -3.7 1 1 1
v -2.1 2.1 -3.7 1 1 1
v -2.1 2.1 -3.1 1 1 1
v -2.1 3.041421 -3.258579 1 1 1
v -2 2.1 -3.1 1 1 1
v -2.05 3.041421 -3.258579 1 1 1
v -2 1.9 0.08749998 1 1 1
v -2.3 1.9 0.08749998 1 1 1
v -2 2.1 0.08749998 1 1 1
v -2.3 2.1 0.08749998 1 1 1
v -2.4 2.1 -0.01250005 1 1 1
v -2.4 1.9 -0.01250005 1 1 1
v -2.4 2.1 -1.0875 1 1 1
v -2.4 1.9 -1.0875 1 1 1
v -2.3 1.9 -1.1875 1 1 1
v -2 1.9 -1.1875 1 1 1
v -2.3 2.1 -1.1875 1 1 1
v -2 2.1 -1.1875 1 1 1
v 0.4000001 2.939782 -2.3 1 1 1
v 0.4000001 2.939782 -2.1 1 1 1
v 0.2944948 3.194495 -2.3 1 1 1
v 0.2944948 3.194495 -2.1 1 1 1
v -8.817923E-09 3.316478 -2.1 1 1 1
v 1.502394E-08 3.316478 -2.3 1 1 1
v -0.2944947 3.194495 -2.1 1 1 1
v -0.2944947 3.194495 -2.3 1 1 1
v -0.4000001 2.939782 -2.1 1 1 1
v -0.4000001 2.939782 -2.3 1 1 1
v -0.2 2.1 -2.25 1 1 1
v -0.2 2.1 -2.1 1 1 1
v -0.2 2.9 -2.25 1 1 1
v -0.2 2.9 -2.1 1 1 1
v -0.1414214 3.041421 -2.25 1 1 1
v -0.1414214 3.041421 -2.1 1 1 1
v -1.043081E-08 3.1 -2.1 1 1 1
v 7.450581E-09 3.1 -2.25 1 1 1
v 0.1414214 3.041421 -2.1 1 1 1
v 0.1414214 3.041421 -2.25 1 1 1
v 0.2 2.9 -2.1 1 1 1
v 0.2 2.9 -2.25 1 1 1
v 0.2 2.1 -2.1 1 1 1
v 0.2 2.1 -2.25 1 1 1
v -0.4000001 2.1 -2.1 1 1 1
v -0.4000001 2.1 -2.3 1 1 1
v 0.4000001 2.1 -2.1 1 1 1
v 0.4000001 2.1 -2.3 1 1 1
v 0.1980784 2.9 0.4221256 1 1 1
v 0.1980784 2.9 0.7085192 1 1 1
v -0.04994581 2.9 0.2789288 1 1 1
v -0.04994581 2.9 0.851716 1 1 1
v -0.29797 2.9 0.4221256 1 1 1
v -0.29797 2.9 0.7085192 1 1 1
v 0.2901717 2.1 0.3689555 1 1 1
v 0.2901717 2.1 0.7616893 1 1 1
v -0.04994581 2.1 0.1725885 1 1 1
v -0.04994581 2.1 0.9580563 1 1 1
v -0.3900633 2.1 0.7616893 1 1 1
v -0.3900633 2.1 0.3689555 1 1 1
v 0.06702119 8.837976 0.7407729 1 1 1
v -0.1669128 8.837976 0.7407729 1 1 1
v 0.06702119 9.038 0.7407729 1 1 1
v -0.1669128 9.038 0.7407729 1 1 1
v 0.1255047 8.837976 0.6822894 1 1 1
v 0.1255047 8.837976 0.4483554 1 1 1
v 0.06702119 8.837976 0.3898719 1 1 1
v -0.1669128 8.837976 0.3898719 1 1 1
v -0.2253963 8.837976 0.6822894 1 1 1
v -0.2253963 8.837976 0.4483554 1 1 1
v 0.1255047 9.038 0.6822894 1 1 1
v 0.1255047 9.599976 0.6822894 1 1 1
v 0.1255047 9.599976 0.4483554 1 1 1
v 0.06702119 9.599976 0.7407729 1 1 1
v 0.06702119 9.599976 0.3898719 1 1 1
v -0.1669128 9.599976 0.7407729 1 1 1
v -0.1669128 9.599976 0.3898719 1 1 1
v -0.2253963 9.599976 0.6822894 1 1 1
v -0.2253963 9.599976 0.4483554 1 1 1
v 0.1255047 9.038 0.4483554 1 1 1
v 0.06702119 9.038 0.3898719 1 1 1
v -0.1669128 9.038 0.3898719 1 1 1
v -0.2253963 9.038 0.4483554 1 1 1
v -0.2253963 9.038 0.6822894 1 1 1
v 0.1255047 9.8 0.6822894 1 1 1
v 0.06702119 9.8 0.7407729 1 1 1
v 0.1255047 9.8 0.4483554 1 1 1
v 0.06702119 9.8 0.3898719 1 1 1
v -0.1669128 9.8 0.3898719 1 1 1
v -0.1669128 9.8 0.7407729 1 1 1
v -0.2253963 9.8 0.4483554 1 1 1
v -0.2253963 9.8 0.6822894 1 1 1
v 2 1.9 -1.1875 1 1 1
v 2.3 1.9 -1.1875 1 1 1
v 2 2.1 -1.1875 1 1 1
v 2.3 2.1 -1.1875 1 1 1
v 2.4 2.1 -1.0875 1 1 1
v 2.4 1.9 -1.0875 1 1 1
v 2.4 2.1 -0.01250005 1 1 1
v 2.4 1.9 -0.01250005 1 1 1
v 2.3 1.9 0.08749998 1 1 1
v 2 1.9 0.08749998 1 1 1
v 2.3 2.1 0.08749998 1 1 1
v 2 2.1 0.08749998 1 1 1
v -0.055155 5.480975 1.968184 1 1 1
v 0 5.7191 1.786432 1 1 1
v -0.055155 5.957225 1.968184 1 1 1
v 0 6.19535 1.786432 1 1 1
v -0.055155 6.433475 1.968184 1 1 1
v -0.09758193 6.433475 2.70022 1 1 1
v -0.09758193 5.480975 2.70022 1 1 1
v 0 6.433475 2.848355 1 1 1
v 0 5.480975 2.848355 1 1 1
v 0 6.433475 2.051913 1 1 1
v 0 5.480975 2.051913 1 1 1
v 0.06788308 6.433475 2.154964 1 1 1
v 0.06788308 5.480975 2.154964 1 1 1
v -0.09758193 6.433475 2.526794 1 1 1
v -0.09758193 5.480975 2.526794 1 1 1
v 0.06788308 6.433475 2.275608 1 1 1
v 0.06788308 5.480975 2.275608 1 1 1
v -0.8299999 3.15 -3.002 1 1 1
v -1.8 3.15 -3.002 1 1 1
v -0.8299999 3.325 -3.002 1 1 1
v -1.8 3.325 -3.002 1 1 1
v -0.8299999 3.5 -3.353 1 1 1
v -0.8299999 3.5 -2.94575 1 1 1
v -1.8 3.5 -3.353 1 1 1
v -1.8 3.5 -2.94575 1 1 1
v -0.8299999 2.1 -1.949 1 1 1
v -1.8 2.1 -1.949 1 1 1
v -0.8299999 2.275 -1.949 1 1 1
v -1.8 2.275 -1.949 1 1 1
v -0.8299999 2.8 -2.651 1 1 1
v -1.8 2.8 -2.651 1 1 1
v -0.8299999 2.975 -2.651 1 1 1
v -1.8 2.975 -2.651 1 1 1
v -0.8299999 3.15 -2.59475 1 1 1
v -1.8 3.15 -2.59475 1 1 1
v -0.8299999 3.325 -2.902 1 1 1
v -1.8 3.325 -2.902 1 1 1
v -0.8299999 3.45625 -2.902 1 1 1
v -1.8 3.45625 -2.902 1 1 1
v -0.8299999 2.975 -2.551 1 1 1
v -1.8 2.975 -2.551 1 1 1
v -0.8299999 3.10625 -2.551 1 1 1
v -1.8 3.10625 -2.551 1 1 1
v -0.8299999 2.625 -2.2 1 1 1
v -1.8 2.625 -2.2 1 1 1
v -0.8299999 2.75625 -2.2 1 1 1
v -1.8 2.75625 -2.2 1 1 1
v -0.8299999 2.625 -2.3 1 1 1
v -1.8 2.625 -2.3 1 1 1
v -0.8299999 2.275 -1.849 1 1 1
v -1.8 2.275 -1.849 1 1 1
v -0.8299999 2.40625 -1.849 1 1 1
v -1.8 2.40625 -1.849 1 1 1
v -0.8299999 2.45 -2.3 1 1 1
v -1.8 2.45 -2.3 1 1 1
v -0.8299999 2.45 -1.89275 1 1 1
v -1.8 2.45 -1.89275 1 1 1
v -0.8299999 2.1 -2.3 1 1 1
v -0.8299999 2.625 -2.651 1 1 1
v -0.8299999 2.8 -2.24375 1 1 1
v -1.8 2.8 -2.24375 1 1 1
v -0.1051008 8.837976 -0.4318158 1 1 1
v -0.0499458 9.0761 -0.6135677 1 1 1
v -0.1051008 9.314225 -0.4318158 1 1 1
v -0.0499458 9.552351 -0.6135677 1 1 1
v -0.1051008 9.790476 -0.4318158 1 1 1
v -0.1475277 9.790476 0.3002198 1 1 1
v -0.1475277 8.837976 0.3002198 1 1 1
v -0.0499458 9.790476 0.4483554 1 1 1
v -0.0499458 8.837976 0.4483554 1 1 1
v -0.0499458 9.790476 -0.348087 1 1 1
v -0.0499458 8.837976 -0.348087 1 1 1
v 0.01793728 9.790476 -0.2450361 1 1 1
v 0.01793728 8.837976 -0.2450361 1 1 1
v -0.1475277 9.790476 0.1267942 1 1 1
v -0.1475277 8.837976 0.1267942 1 1 1
v 0.01793728 9.790476 -0.1243922 1 1 1
v 0.01793728 8.837976 -0.1243922 1 1 1
v -0.055155 8.237974 -5.104404 1 1 1
v 0 8.476099 -5.286156 1 1 1
v -0.055155 8.714224 -5.104404 1 1 1
v 0 8.952349 -5.286156 1 1 1
v -0.055155 9.190475 -5.104404 1 1 1
v -0.09758193 9.190475 -4.372369 1 1 1
v -0.09758193 8.237974 -4.372369 1 1 1
v 0 9.190475 -4.224233 1 1 1
v 0 8.237974 -4.224233 1 1 1
v 0 9.190475 -5.020676 1 1 1
v 0 8.237974 -5.020676 1 1 1
v 0.06788308 9.190475 -4.917624 1 1 1
v 0.06788308 8.237974 -4.917624 1 1 1
v -0.09758193 9.190475 -4.545794 1 1 1
v -0.09758193 8.237974 -4.545794 1 1 1
v 0.06788308 9.190475 -4.796981 1 1 1
v 0.06788308 8.237974 -4.796981 1 1 1
v 1.850054 6.476545 1.136487 1 1 1
v 2.150054 5.50102 1.288975 1 1 1
v 1.850054 6.561429 1.46096 1 1 1
v 2.150054 5.50102 1.626716 1 1 1
v 2.150054 3.766345 0.7602541 1 1 1
v 2.150054 3.529782 0.6430142 1 1 1
v 2.150054 3.46352 0.7767161 1 1 1
v 1.850054 4.525495 1.136487 1 1 1
v 1.850054 4.440611 1.46096 1 1 1
v 2.150054 7.472258 0.6430142 1 1 1
v 2.150054 7.235695 0.7602541 1 1 1
v 2.150054 7.53852 0.7767161 1 1 1
v -1.949946 4.525495 1.136487 1 1 1
v -2.249946 5.50102 1.288975 1 1 1
v -1.949946 4.440611 1.46096 1 1 1
v -2.249946 5.50102 1.626716 1 1 1
v -1.949946 6.476545 1.136487 1 1 1
v -1.949946 6.561429 1.46096 1 1 1
v -2.249946 7.235695 0.7602541 1 1 1
v -2.249946 7.472258 0.6430142 1 1 1
v -2.249946 7.53852 0.7767161 1 1 1
v -2.249946 3.529782 0.6430142 1 1 1
v -2.249946 3.766345 0.7602541 1 1 1
v -2.249946 3.46352 0.7767161 1 1 1
v 0.28 3.002534 4.1 1 1 1
v 0.28 2.6 4.1 1 1 1
v 0.21 3.002534 5.3 1 1 1
v 0.21 2.826741 5.3 1 1 1
v -0.28 2.6 4.1 1 1 1
v -0.21 2.826741 5.3 1 1 1
v -0.28 3.002534 4.1 1 1 1
v -0.21 3.002534 5.3 1 1 1
v 0.1798751 3.1 4.1 1 1 1
v 0.1098751 3.1 5.3 1 1 1
v -0.1798751 3.1 4.1 1 1 1
v -0.1098751 3.1 5.3 1 1 1
v 0.1740711 2.1 3.065823 1 1 1
v 0.1740711 2.1 2.864822 1 1 1
v 7.941025E-15 2.1 3.166322 1 1 1
v 7.941025E-15 2.1 2.764323 1 1 1
v -0.1740711 2.1 3.065823 1 1 1
v -0.1740711 2.1 2.864822 1 1 1
v 0.1299038 6.643 2.890322 1 1 1
v 0.1299038 6.643 3.040323 1 1 1
v 5.05338E-15 6.643 2.815322 1 1 1
v 5.05338E-15 6.643 3.115323 1 1 1
v -0.1299038 6.643 2.890322 1 1 1
v -0.1299038 6.643 3.040323 1 1 1
v 0.116967 5.480975 3.140773 1 1 1
v -0.116967 5.480975 3.140773 1 1 1
v 0.116967 5.681 3.140773 1 1 1
v -0.116967 5.681 3.140773 1 1 1
v 0.1754505 5.480975 3.082289 1 1 1
v 0.1754505 5.480975 2.848356 1 1 1
v 0.116967 5.480975 2.789872 1 1 1
v -0.116967 5.480975 2.789872 1 1 1
v -0.1754505 5.480975 3.082289 1 1 1
v -0.1754505 5.480975 2.848356 1 1 1
v 0.1754505 5.681 3.082289 1 1 1
v 0.1754505 6.242975 3.082289 1 1 1
v 0.1754505 6.242975 2.848356 1 1 1
v 0.116967 6.242975 3.140773 1 1 1
v 0.116967 6.242975 2.789872 1 1 1
v -0.116967 6.242975 3.140773 1 1 1
v -0.116967 6.242975 2.789872 1 1 1
v -0.1754505 6.242975 3.082289 1 1 1
v -0.1754505 6.242975 2.848356 1 1 1
v 0.1754505 5.681 2.848356 1 1 1
v 0.116967 5.681 2.789872 1 1 1
v -0.116967 5.681 2.789872 1 1 1
v -0.1754505 5.681 2.848356 1 1 1
v -0.1754505 5.681 3.082289 1 1 1
v 0.1754505 6.443 3.082289 1 1 1
v 0.116967 6.443 3.140773 1 1 1
v 0.1754505 6.443 2.848356 1 1 1
v 0.116967 6.443 2.789872 1 1 1
v -0.116967 6.443 2.789872 1 1 1
v -0.116967 6.443 3.140773 1 1 1
v -0.1754505 6.443 2.848356 1 1 1
v -0.1754505 6.443 3.082289 1 1 1
v 2.150054 6.35102 -3.550566 1 1 1
v 1.850054 5.576857 -3.415733 1 1 1
v 2.150054 6.35102 -3.285784 1 1 1
v -2.249946 6.35102 -3.550566 1 1 1
v -1.949946 7.125184 -3.415733 1 1 1
v -2.249946 6.35102 -3.285784 1 1 1
v 1.850054 5.638827 -3.670113 1 1 1
v 2.150054 7.83852 -3.952166 1 1 1
v 2.150054 7.617439 -3.965072 1 1 1
v 1.850054 7.063213 -3.670113 1 1 1
v 1.850054 7.125184 -3.415733 1 1 1
v -2.249946 7.617439 -3.965072 1 1 1
v -2.249946 7.790145 -4.056986 1 1 1
v -2.249946 7.83852 -3.952166 1 1 1
v 2.150054 5.084601 -3.965072 1 1 1
v 2.150054 4.86352 -3.952166 1 1 1
v -1.949946 5.576857 -3.415733 1 1 1
v -1.949946 7.063213 -3.670113 1 1 1
v 2.150054 4.911896 -4.056986 1 1 1
v 2.150054 7.790145 -4.056986 1 1 1
v -2.249946 4.86352 -3.952166 1 1 1
v -2.249946 5.084601 -3.965072 1 1 1
v -1.949946 5.638827 -3.670113 1 1 1
v -2.249946 4.911896 -4.056986 1 1 1
v 0.8299999 3.15 -3.002 1 1 1
v 1.8 3.15 -3.002 1 1 1
v 0.8299999 3.325 -3.002 1 1 1
v 1.8 3.325 -3.002 1 1 1
v 0.8299999 3.5 -3.353 1 1 1
v 0.8299999 3.5 -2.94575 1 1 1
v 1.8 3.5 -3.353 1 1 1
v 1.8 3.5 -2.94575 1 1 1
v 0.8299999 2.1 -1.949 1 1 1
v 1.8 2.1 -1.949 1 1 1
v 0.8299999 2.275 -1.949 1 1 1
v 1.8 2.275 -1.949 1 1 1
v 0.8299999 2.8 -2.651 1 1 1
v 1.8 2.8 -2.651 1 1 1
v 0.8299999 2.975 -2.651 1 1 1
v 1.8 2.975 -2.651 1 1 1
v 0.8299999 3.15 -2.59475 1 1 1
v 1.8 3.15 -2.59475 1 1 1
v 0.8299999 3.325 -2.902 1 1 1
v 1.8 3.325 -2.902 1 1 1
v 0.8299999 3.45625 -2.902 1 1 1
v 1.8 3.45625 -2.902 1 1 1
v 0.8299999 2.975 -2.551 1 1 1
v 1.8 2.975 -2.551 1 1 1
v 0.8299999 3.10625 -2.551 1 1 1
v 1.8 3.10625 -2.551 1 1 1
v 0.8299999 2.625 -2.2 1 1 1
v 1.8 2.625 -2.2 1 1 1
v 0.8299999 2.75625 -2.2 1 1 1
v 1.8 2.75625 -2.2 1 1 1
v 0.8299999 2.625 -2.3 1 1 1
v 1.8 2.625 -2.3 1 1 1
v 0.8299999 2.275 -1.849 1 1 1
v 1.8 2.275 -1.849 1 1 1
v 0.8299999 2.40625 -1.849 1 1 1
v 1.8 2.40625 -1.849 1 1 1
v 0.8299999 2.45 -2.3 1 1 1
v 1.8 2.45 -2.3 1 1 1
v 0.8299999 2.45 -1.89275 1 1 1
v 1.8 2.45 -1.89275 1 1 1
v 0.8299999 2.1 -2.3 1 1 1
v 0.8299999 2.625 -2.651 1 1 1
v 0.8299999 2.8 -2.24375 1 1 1
v 1.8 2.8 -2.24375 1 1 1
v 0.2480242 4.3 -4.250463 1 1 1
v 0.2480242 4.3 -3.964069 1 1 1
v -5.29161E-15 4.3 -4.39366 1 1 1
v -5.29161E-15 4.3 -3.820872 1 1 1
v -0.2480242 4.3 -4.250463 1 1 1
v -0.2480242 4.3 -3.964069 1 1 1
v 0.3401175 3.5 -4.303633 1 1 1
v 0.3401175 3.5 -3.910899 1 1 1
v 1.941942E-15 3.5 -4.5 1 1 1
v 1.941942E-15 3.5 -3.714532 1 1 1
v -0.3401175 3.5 -3.910899 1 1 1
v -0.3401175 3.5 -4.303633 1 1 1
v -0.1098751 3.1 3.140773 1 1 1
v -0.1098751 4.7715 3.340773 1 1 1
v -0.1098751 3.3 4.220387 1 1 1
v -0.1098751 5.241408 3.567453 1 1 1
v -0.1098751 6.443 3.140773 1 1 1
v -0.1098751 4.114594 4.295257 1 1 1
v -0.1098751 3.1 5.3 1 1 1
v 0.1098751 6.443 3.140773 1 1 1
v 0.1098751 4.7715 3.340773 1 1 1
v 0.1098751 5.241408 3.567453 1 1 1
v 0.1098751 3.3 4.220387 1 1 1
v 0.1098751 3.1 3.140773 1 1 1
v 0.1098751 4.114594 4.295257 1 1 1
v 0.1098751 3.1 5.3 1 1 1
v 0.116967 8.237974 -3.931815 1 1 1
v -0.116967 8.237974 -3.931815 1 1 1
v 0.116967 8.437999 -3.931815 1 1 1
v -0.116967 8.437999 -3.931815 1 1 1
v 0.1754505 8.237974 -3.990299 1 1 1
v 0.1754505 8.237974 -4.224233 1 1 1
v 0.116967 8.237974 -4.282716 1 1 1
v -0.116967 8.237974 -4.282716 1 1 1
v -0.1754505 8.237974 -3.990299 1 1 1
v -0.1754505 8.237974 -4.224233 1 1 1
v 0.1754505 8.437999 -3.990299 1 1 1
v 0.1754505 8.999974 -3.990299 1 1 1
v 0.1754505 8.999974 -4.224233 1 1 1
v 0.116967 8.999974 -3.931815 1 1 1
v 0.116967 8.999974 -4.282716 1 1 1
v -0.116967 8.999974 -3.931815 1 1 1
v -0.116967 8.999974 -4.282716 1 1 1
v -0.1754505 8.999974 -3.990299 1 1 1
v -0.1754505 8.999974 -4.224233 1 1 1
v 0.1754505 8.437999 -4.224233 1 1 1
v 0.116967 8.437999 -4.282716 1 1 1
v -0.116967 8.437999 -4.282716 1 1 1
v -0.1754505 8.437999 -4.224233 1 1 1
v -0.1754505 8.437999 -3.990299 1 1 1
v 0.1754505 9.199999 -3.990299 1 1 1
v 0.116967 9.199999 -3.931815 1 1 1
v 0.1754505 9.199999 -4.224233 1 1 1
v 0.116967 9.199999 -4.282716 1 1 1
v -0.116967 9.199999 -4.282716 1 1 1
v -0.116967 9.199999 -3.931815 1 1 1
v -0.1754505 9.199999 -4.224233 1 1 1
v -0.1754505 9.199999 -3.990299 1 1 1
v 0.83 2.1 -2.3 1 1 1
v -0.83 2.1 -2.3 1 1 1
v 0.83 3.5 -2.3 1 1 1
v -0.83 3.5 -2.3 1 1 1
v 1.8 2.1 -1.638982 1 1 1
v 1.8 3.5 -2.568241 1 1 1
v 2 2.1 -1.638982 1 1 1
v 2 3.5 -2.568241 1 1 1
v 2 3.5 -5.1 1 1 1
v 2 3.5 -3.353 1 1 1
v 0.83 3.5 -5.1 1 1 1
v 1.8 3.5 -3.353 1 1 1
v 0.83 3.5 -3.353 1 1 1
v -0.83 3.5 -5.1 1 1 1
v -0.83 3.5 -3.353 1 1 1
v -2 3.5 -5.1 1 1 1
v -1.8 3.5 -3.353 1 1 1
v -2 3.5 -3.353 1 1 1
v -1.8 3.5 -2.568241 1 1 1
v -2 3.5 -2.568241 1 1 1
v 1.8 2.1 -3.353 1 1 1
v -1.8 2.1 -1.638982 1 1 1
v -2 2.1 -1.638982 1 1 1
v -1.8 2.1 -3.353 1 1 1
v 0.83 2.1 -3.353 1 1 1
v -0.83 2.1 -3.353 1 1 1
v 0.1740711 3.5 -4.006766 1 1 1
v 0.1740711 3.5 -4.207766 1 1 1
v -1.516014E-14 3.5 -3.906266 1 1 1
v -1.516014E-14 3.5 -4.308266 1 1 1
v -0.1740711 3.5 -4.006766 1 1 1
v -0.1740711 3.5 -4.207766 1 1 1
v 0.1299038 9.4 -4.182266 1 1 1
v 0.1299038 9.4 -4.032266 1 1 1
v -1.804779E-14 9.4 -4.257266 1 1 1
v -1.804779E-14 9.4 -3.957266 1 1 1
v -0.1299038 9.4 -4.182266 1 1 1
v -0.1299038 9.4 -4.032266 1 1 1
v 2.150054 3.46352 0.5517161 1 1 1
v 2.150054 3.23852 0.5517161 1 1 1
v 2.150054 3.46352 0.7767161 1 1 1
v 2.150054 3.23852 0.7767161 1 1 1
v -2.249946 3.23852 0.5517161 1 1 1
v -2.249946 3.46352 0.5517161 1 1 1
v -2.249946 3.23852 0.7767161 1 1 1
v -2.249946 3.46352 0.7767161 1 1 1
v 2.150054 7.763519 0.5517161 1 1 1
v 2.150054 7.538519 0.5517161 1 1 1
v 2.150054 7.763519 0.7767161 1 1 1
v 2.150054 7.538519 0.7767161 1 1 1
v -2.249946 7.538519 0.5517161 1 1 1
v -2.249946 7.763519 0.5517161 1 1 1
v -2.249946 7.538519 0.7767161 1 1 1
v -2.249946 7.763519 0.7767161 1 1 1
v -1.849946 3.23852 0.8767161 1 1 1
v -2.049946 3.23852 0.8767161 1 1 1
v -1.849946 3.46352 0.8767161 1 1 1
v -2.049946 3.46352 0.8767161 1 1 1
v -2.049946 3.23852 0.4517161 1 1 1
v -1.849946 3.23852 0.4517161 1 1 1
v -2.049946 3.46352 0.4517161 1 1 1
v -1.849946 3.46352 0.4517161 1 1 1
v -1.849946 3.13852 0.7767161 1 1 1
v -1.849946 3.13852 0.5517161 1 1 1
v -2.049946 3.13852 0.7767161 1 1 1
v -2.049946 3.13852 0.5517161 1 1 1
v -1.849946 3.56352 0.5517161 1 1 1
v -1.849946 3.56352 0.7767161 1 1 1
v -2.049946 3.56352 0.5517161 1 1 1
v -2.049946 3.56352 0.7767161 1 1 1
v 1.950054 3.23852 0.8767161 1 1 1
v 1.750054 3.23852 0.8767161 1 1 1
v 1.950054 3.46352 0.8767161 1 1 1
v 1.750054 3.46352 0.8767161 1 1 1
v 1.750054 3.23852 0.4517161 1 1 1
v 1.950054 3.23852 0.4517161 1 1 1
v 1.750054 3.46352 0.4517161 1 1 1
v 1.950054 3.46352 0.4517161 1 1 1
v 1.950054 3.13852 0.7767161 1 1 1
v 1.950054 3.13852 0.5517161 1 1 1
v 1.750054 3.13852 0.7767161 1 1 1
v 1.750054 3.13852 0.5517161 1 1 1
v 1.950054 3.56352 0.5517161 1 1 1
v 1.950054 3.56352 0.7767161 1 1 1
v 1.750054 3.56352 0.5517161 1 1 1
v 1.750054 3.56352 0.7767161 1 1 1
v 1.950054 7.53852 0.8767161 1 1 1
v 1.750054 7.53852 0.8767161 1 1 1
v 1.950054 7.76352 0.8767161 1 1 1
v 1.750054 7.76352 0.8767161 1 1 1
v 1.750054 7.53852 0.4517161 1 1 1
v 1.950054 7.53852 0.4517161 1 1 1
v 1.750054 7.76352 0.4517161 1 1 1
v 1.950054 7.76352 0.4517161 1 1 1
v 1.950054 7.43852 0.7767161 1 1 1
v 1.950054 7.43852 0.5517161 1 1 1
v 1.750054 7.43852 0.7767161 1 1 1
v 1.750054 7.43852 0.5517161 1 1 1
v 1.950054 7.863521 0.5517161 1 1 1
v 1.950054 7.863521 0.7767161 1 1 1
v 1.750054 7.863521 0.5517161 1 1 1
v 1.750054 7.863521 0.7767161 1 1 1
v -1.849946 7.53852 0.8767161 1 1 1
v -2.049946 7.53852 0.8767161 1 1 1
v -1.849946 7.76352 0.8767161 1 1 1
v -2.049946 7.76352 0.8767161 1 1 1
v -2.049946 7.53852 0.4517161 1 1 1
v -1.849946 7.53852 0.4517161 1 1 1
v -2.049946 7.76352 0.4517161 1 1 1
v -1.849946 7.76352 0.4517161 1 1 1
v -1.849946 7.43852 0.7767161 1 1 1
v -1.849946 7.43852 0.5517161 1 1 1
v -2.049946 7.43852 0.7767161 1 1 1
v -2.049946 7.43852 0.5517161 1 1 1
v -1.849946 7.863521 0.5517161 1 1 1
v -1.849946 7.863521 0.7767161 1 1 1
v -2.049946 7.863521 0.5517161 1 1 1
v -2.049946 7.863521 0.7767161 1 1 1
v 2.150054 4.86352 -4.148284 1 1 1
v 2.150054 4.63852 -4.148284 1 1 1
v 2.150054 4.86352 -3.923284 1 1 1
v 2.150054 4.63852 -3.923284 1 1 1
v -2.249946 4.63852 -4.148284 1 1 1
v -2.249946 4.86352 -4.148284 1 1 1
v -2.249946 4.63852 -3.923284 1 1 1
v -2.249946 4.86352 -3.923284 1 1 1
v 2.150054 8.06352 -4.148284 1 1 1
v 2.150054 7.83852 -4.148284 1 1 1
v 2.150054 8.06352 -3.923284 1 1 1
v 2.150054 7.83852 -3.923284 1 1 1
v -2.249946 7.83852 -4.148284 1 1 1
v -2.249946 8.06352 -4.148284 1 1 1
v -2.249946 7.83852 -3.923284 1 1 1
v -2.249946 8.06352 -3.923284 1 1 1
v 1.950054 4.63852 -3.823284 1 1 1
v 1.750054 4.63852 -3.823284 1 1 1
v 1.950054 4.86352 -3.823284 1 1 1
v 1.750054 4.86352 -3.823284 1 1 1
v 1.750054 4.63852 -4.248284 1 1 1
v 1.950054 4.63852 -4.248284 1 1 1
v 1.750054 4.86352 -4.248284 1 1 1
v 1.950054 4.86352 -4.248284 1 1 1
v 1.950054 4.53852 -3.923284 1 1 1
v 1.950054 4.53852 -4.148284 1 1 1
v 1.750054 4.53852 -3.923284 1 1 1
v 1.750054 4.53852 -4.148284 1 1 1
v 1.950054 4.96352 -4.148284 1 1 1
v 1.950054 4.96352 -3.923284 1 1 1
v 1.750054 4.96352 -4.148284 1 1 1
v 1.750054 4.96352 -3.923284 1 1 1
v -1.849946 4.63852 -3.823284 1 1 1
v -2.049946 4.63852 -3.823284 1 1 1
v -1.849946 4.86352 -3.823284 1 1 1
v -2.049946 4.86352 -3.823284 1 1 1
v -2.049946 4.63852 -4.248284 1 1 1
v -1.849946 4.63852 -4.248284 1 1 1
v -2.049946 4.86352 -4.248284 1 1 1
v -1.849946 4.86352 -4.248284 1 1 1
v -1.849946 4.53852 -3.923284 1 1 1
v -1.849946 4.53852 -4.148284 1 1 1
v -2.049946 4.53852 -3.923284 1 1 1
v -2.049946 4.53852 -4.148284 1 1 1
v -1.849946 4.96352 -4.148284 1 1 1
v -1.849946 4.96352 -3.923284 1 1 1
v -2.049946 4.96352 -4.148284 1 1 1
v -2.049946 4.96352 -3.923284 1 1 1
v 1.950054 7.83852 -3.823284 1 1 1
v 1.750054 7.83852 -3.823284 1 1 1
v 1.950054 8.063519 -3.823284 1 1 1
v 1.750054 8.063519 -3.823284 1 1 1
v 1.750054 7.83852 -4.248284 1 1 1
v 1.950054 7.83852 -4.248284 1 1 1
v 1.750054 8.063519 -4.248284 1 1 1
v 1.950054 8.063519 -4.248284 1 1 1
v 1.950054 7.73852 -3.923284 1 1 1
v 1.950054 7.73852 -4.148284 1 1 1
v 1.750054 7.73852 -3.923284 1 1 1
v 1.750054 7.73852 -4.148284 1 1 1
v 1.950054 8.16352 -4.148284 1 1 1
v 1.950054 8.16352 -3.923284 1 1 1
v 1.750054 8.16352 -4.148284 1 1 1
v 1.750054 8.16352 -3.923284 1 1 1
v -1.849946 7.83852 -3.823284 1 1 1
v -2.049946 7.83852 -3.823284 1 1 1
v -1.849946 8.063519 -3.823284 1 1 1
v -2.049946 8.063519 -3.823284 1 1 1
v -2.049946 7.83852 -4.248284 1 1 1
v -1.849946 7.83852 -4.248284 1 1 1
v -2.049946 8.063519 -4.248284 1 1 1
v -1.849946 8.063519 -4.248284 1 1 1
v -1.849946 7.73852 -3.923284 1 1 1
v -1.849946 7.73852 -4.148284 1 1 1
v -2.049946 7.73852 -3.923284 1 1 1
v -2.049946 7.73852 -4.148284 1 1 1
v -1.849946 8.16352 -4.148284 1 1 1
v -1.849946 8.16352 -3.923284 1 1 1
v -2.049946 8.16352 -4.148284 1 1 1
v -2.049946 8.16352 -3.923284 1 1 1
v -0.75 2.1 -0.1125 1 1 1
v -0.75 2.3 -0.1125 1 1 1
v -0.65 2.1 -0.01249999 1 1 1
v -0.65 2.3 -0.01249999 1 1 1
v -0.75 2.1 -1.4125 1 1 1
v -0.75 2.3 -1.4125 1 1 1
v -0.65 2.1 -1.5125 1 1 1
v -0.65 2.3 -1.5125 1 1 1
v 0.65 2.1 -0.01249999 1 1 1
v 0.65 2.3 -0.01249999 1 1 1
v 0.75 2.3 -1.4125 1 1 1
v 0.75 2.3 -0.1125 1 1 1
v 0.65 2.3 -1.5125 1 1 1
v 0.55 2.3 -1.3125 1 1 1
v 0.55 2.3 -0.2125 1 1 1
v -0.55 2.3 -1.3125 1 1 1
v -0.55 2.3 -0.2125 1 1 1
v 0.65 2.1 -1.5125 1 1 1
v 0.75 2.1 -1.4125 1 1 1
v 0.75 2.1 -0.1125 1 1 1
v 0.28 2.1 3.9 1 1 1
v 2 2.1 1.2 1 1 1
v -0.28 2.1 3.9 1 1 1
v -2 2.1 1.2 1 1 1
v 2 2.1 -2.3 1 1 1
v -2 2.1 -2.3 1 1 1
v -0.28 1.089 3.9 1 1 1
v -1.1 0.2 1.2 1 1 1
v -1.7 0.7 1.2 1 1 1
v -2 1.5 1.2 1 1 1
v 2 1.5 1.2 1 1 1
v 1.7 0.7 1.2 1 1 1
v 0.28 1.089 3.9 1 1 1
v 1.1 0.2 1.2 1 1 1
v -1.7 0.7 -4.1 1 1 1
v 1.7 0.7 -4.1 1 1 1
v -2 1.5 -4.6 1 1 1
v 2 1.5 -4.6 1 1 1
v 1.1 0.2 -4.1 1 1 1
v 1.1 0.2 -1.638982 1 1 1
v 1.7 0.7 -1.638982 1 1 1
v -2 2.1 -4.6 1 1 1
v -2 1.5 -1.638982 1 1 1
v -2 3.5 -3.353 1 1 1
v -2 3.5 -5.1 1 1 1
v -2 2.8 -5.1 1 1 1
v -2 3.5 -2.568241 1 1 1
v -2 2.1 -1.638982 1 1 1
v 2 1.5 -1.638982 1 1 1
v -1.1 0.2 -4.1 1 1 1
v 2 2.8 -5.1 1 1 1
v 2 3.5 -5.1 1 1 1
v -0.83 3.5 -5.1 1 1 1
v 0.83 3.5 -5.1 1 1 1
v 2 2.1 -4.6 1 1 1
v 2 3.5 -3.353 1 1 1
v 2 3.5 -2.568241 1 1 1
v 2 2.1 -1.638982 1 1 1
v -1.7 0.7 -1.638982 1 1 1
v -1.1 0.2 -1.638982 1 1 1
v -1.149946 2.1 -0.9875 1 1 1
v -2.249946 2.1 -0.9875 1 1 1
v -1.149946 1.463733 -0.9875 1 1 1
v -2.249946 1.463733 -0.9875 1 1 1
v 1.050054 1.463733 -0.9875 1 1 1
v 2.150054 1.463733 -0.9875 1 1 1
v -1.918632 0.5802304 -0.9875 1 1 1
v 2.150054 2.1 -0.9875 1 1 1
v 1.050054 2.1 -0.9875 1 1 1
v 1.818741 0.5802304 -0.9875 1 1 1
v -1.222356 2.030376E-16 -0.9875 1 1 1
v 1.122464 0 -0.9875 1 1 1
v 2.150054 2.1 -0.1125 1 1 1
v 2.150054 1.463733 -0.1125 1 1 1
v -2.249946 1.463733 -0.1125 1 1 1
v -2.249946 2.1 -0.1125 1 1 1
v -1.918632 0.5802304 -0.1125 1 1 1
v -1.222356 2.030376E-16 -0.1125 1 1 1
v 1.122464 0 -0.1125 1 1 1
v 1.818741 0.5802304 -0.1125 1 1 1
v 1.050054 2.1 -0.1125 1 1 1
v 1.050054 1.463733 -0.1125 1 1 1
v -1.149946 1.463733 -0.1125 1 1 1
v -1.149946 2.1 -0.1125 1 1 1
v -0.6300001 3.8 -3.353 1 1 1
v -0.6300001 3.5 -3.353 1 1 1
v -0.6300001 3.941421 -3.294421 1 1 1
v -0.6300001 3.5 -2.4 1 1 1
v -0.6300001 4 -3.153 1 1 1
v -0.6300001 4 -2.4 1 1 1
v 0.63 3.5 -3.353 1 1 1
v 0.63 3.8 -3.353 1 1 1
v 0.63 3.5 -2.4 1 1 1
v 0.63 3.941421 -3.294421 1 1 1
v 0.63 4 -3.153 1 1 1
v 0.63 4 -2.4 1 1 1
v 0.93 3.8 -3.353 1 1 1
v 0.93 3.941421 -3.294421 1 1 1
v 0.93 3.5 -3.353 1 1 1
v 0.93 3.5 -2.3 1 1 1
v 0.93 4 -3.153 1 1 1
v 0.93 4 -2.3 1 1 1
v 0.8714213 3.5 -2.158579 1 1 1
v 0.73 3.5 -2.1 1 1 1
v 0.8714213 4 -2.158579 1 1 1
v 0.73 4 -2.1 1 1 1
v -0.9299999 3.5 -2.3 1 1 1
v -0.9299999 4 -2.3 1 1 1
v -0.8714213 3.5 -2.158579 1 1 1
v -0.8714213 4 -2.158579 1 1 1
v -0.7300001 3.5 -2.1 1 1 1
v -0.7300001 4 -2.1 1 1 1
v -0.9299999 3.941421 -3.294421 1 1 1
v -0.9299999 4 -3.153 1 1 1
v -0.9299999 3.8 -3.353 1 1 1
v -0.9299999 3.5 -3.353 1 1 1
v -0.483 3.5 -2.1 1 1 1
v -0.6810001 3.5 -2.1 1 1 1
v -0.6810001 3.341473 -2.1 1 1 1
v -0.483 3.341473 -2.1 1 1 1
v -0.78 3.17 -2.1 1 1 1
v -0.384 3.17 -2.1 1 1 1
v -0.6810001 2.998527 -2.1 1 1 1
v -0.483 2.998527 -2.1 1 1 1
v -2.2 2.1 -0.1125001 1 1 1
v -2.2 2.475 -0.1125001 1 1 1
v -2.2 2.1 0.5933468 1 1 1
v -2.2 2.6 0.01249999 1 1 1
v -2.2 2.6 1.258292 1 1 1
v -2.2 2.1 0.7733468 1 1 1
v -2.2 2.1 0.9582921 1 1 1
v -2.2 2.1 1.258292 1 1 1
v -2.2 1.559808 1.258292 1 1 1
v -2.2 1.464115 0.7733468 1 1 1
v -2.2 1.775885 0.7733468 1 1 1
v -2.2 1.62 0.8633469 1 1 1
v -2.2 1.775885 0.5933468 1 1 1
v -2.2 1.464115 0.5933468 1 1 1
v -2.2 1.62 0.5033469 1 1 1
v -2.2 1.040192 1.258292 1 1 1
v -2.2 1.3 1.408292 1 1 1
v -2.2 1.040192 0.9582921 1 1 1
v -2.2 1.559808 0.9582921 1 1 1
v -2.2 1.3 0.8082921 1 1 1
v -1.8 2.1 -0.1125001 1 1 1
v -1.8 2.475 -0.1125001 1 1 1
v -1.8 2.6 0.01249999 1 1 1
v -1.8 2.1 1.141708 1 1 1
v -1.8 2.6 1.141708 1 1 1
v 2.2 2.1 0.9928865 1 1 1
v 2.2 2.1 0.6928865 1 1 1
v 2.2 2.1 1.258292 1 1 1
v 2.2 2.1 0.5079412 1 1 1
v 2.2 2.1 0.3279412 1 1 1
v 1.8 2.1 -0.1125001 1 1 1
v 2.2 2.1 -0.1125001 1 1 1
v 1.8 2.1 1.141708 1 1 1
v 0.9549599 2.1 3.212715 1 1 1
v 0.1702732 2.1 3.7 1 1 1
v 0.8853285 2.1 3.322021 1 1 1
v 0.7265086 2.1 3.571331 1 1 1
v 0.6297983 2.1 3.723144 1 1 1
v 0.3897268 2.1 4.1 1 1 1
v -0.3897268 2.1 4.1 1 1 1
v -0.1702732 2.1 3.7 1 1 1
v 1.8 2.475 -0.1125001 1 1 1
v 2.2 2.475 -0.1125001 1 1 1
v 1.8 2.6 0.01249999 1 1 1
v 2.2 2.6 0.01249999 1 1 1
v 1.8 2.4 0.635396 1 1 1
v 1.8 2.6 0.4223516 1 1 1
v 1.8 2.6 0.8484405 1 1 1
v 1.8 2.6 1.141708 1 1 1
v 2.2 2.6 0.4223516 1 1 1
v 2.2 2.4 0.635396 1 1 1
v 2.2 1.775885 0.3279412 1 1 1
v 2.2 1.464115 0.3279412 1 1 1
v 2.2 1.62 0.2379412 1 1 1
v 2.2 1.464115 0.5079412 1 1 1
v 2.2 1.775885 0.5079412 1 1 1
v 2.2 1.62 0.5979413 1 1 1
v 2.2 2.6 0.8484405 1 1 1
v 2.2 2.6 1.258292 1 1 1
v 2.2 1.040192 0.6928865 1 1 1
v 2.2 1.559808 0.6928865 1 1 1
v 2.2 1.3 0.5428865 1 1 1
v 2.2 1.559808 0.9928865 1 1 1
v 2.2 1.040192 0.9928865 1 1 1
v 2.2 1.3 1.142887 1 1 1
v 1.72993 2.6 1.996193 1 1 1
v 1.322498 3.1 2.635766 1 1 1
v 1.048356 3.1 3.066105 1 1 1
v 0.9308308 2.9 3.250593 1 1 1
v 0.8133057 3.1 3.43508 1 1 1
v 0.8853285 1.866637 3.322021 1 1 1
v 0.3897268 3.1 4.1 1 1 1
v 0.8853285 1.642163 3.322021 1 1 1
v 0.8505128 1.7544 3.376673 1 1 1
v 0.9549599 1.866637 3.212715 1 1 1
v 0.9549599 1.642163 3.212715 1 1 1
v 0.9897756 1.7544 3.158063 1 1 1
v 0.6297983 1.775885 3.723144 1 1 1
v 0.6297983 1.464115 3.723144 1 1 1
v 0.5814431 1.62 3.79905 1 1 1
v 0.7265086 1.775885 3.571331 1 1 1
v 0.7265086 1.464115 3.571331 1 1 1
v 0.7748638 1.62 3.495424 1 1 1
v 1.392568 2.6 1.781281 1 1 1
v 0.9851366 3.1 2.420854 1 1 1
v 0.7109943 3.1 2.851193 1 1 1
v 0.5934692 2.9 3.035681 1 1 1
v 0.475944 3.1 3.220168 1 1 1
v 0.1702732 3.1 3.7 1 1 1
v -0.1702732 3.1 3.7 1 1 1
v -1.392568 2.6 1.781281 1 1 1
v -0.9851366 3.1 2.420854 1 1 1
v -0.3897268 3.1 4.1 1 1 1
v -1.72993 2.6 1.996193 1 1 1
v -1.322498 3.1 2.635766 1 1 1
v -2.053553 3.5 -5.153553 1 1 1
v -2.053553 4.2 -5.153553 1 1 1
v -2.2 3.5 -4.8 1 1 1
v -2.2 4.2 -4.8 1 1 1
v -1.8 2.6 -1.370741 1 1 1
v -2.2 2.6 -1.370741 1 1 1
v -1.8 3.886619 -2.224743 1 1 1
v -2.2 3.886619 -2.224743 1 1 1
v 1.7 3.5 -5.3 1 1 1
v 2.053553 3.5 -5.153553 1 1 1
v 1.7 4.2 -5.3 1 1 1
v 2.053553 4.2 -5.153553 1 1 1
v -1.8 2.6 -1.1125 1 1 1
v -1.8 2.475 -0.9875 1 1 1
v -2.2 2.6 -1.1125 1 1 1
v -2.2 2.475 -0.9875 1 1 1
v 2.2 2.6 -1.370741 1 1 1
v 1.8 2.6 -1.370741 1 1 1
v 2.2 3.886619 -2.224743 1 1 1
v 1.8 3.886619 -2.224743 1 1 1
v 2.2 4.2 -4.8 1 1 1
v 2.2 3.5 -4.8 1 1 1
v 2.2 4 -2.436084 1 1 1
v 1.8 4 -2.436084 1 1 1
v -1.8 2.1 -0.9875 1 1 1
v -2.2 2.1 -0.9875 1 1 1
v -1.8 4 -2.436084 1 1 1
v -2.2 4 -2.436084 1 1 1
v 2.2 4 -3.773911 1 1 1
v 1.8 4 -3.773911 1 1 1
v -1.7 3.5 -5.3 1 1 1
v -1.7 4.2 -5.3 1 1 1
v 2.2 2.1 -0.9875 1 1 1
v 1.8 2.1 -0.9875 1 1 1
v 2.2 2.475 -0.9875 1 1 1
v 1.8 2.475 -0.9875 1 1 1
v 2.2 2.6 -1.1125 1 1 1
v 1.8 2.6 -1.1125 1 1 1
v 1.5 4.2 -4.9 1 1 1
v 1.8 4.2 -4.9 1 1 1
v 1.5 4 -4.9 1 1 1
v 1.8 3.5 -4.9 1 1 1
v -1.8 3.5 -4.9 1 1 1
v -1.5 4 -4.9 1 1 1
v -1.8 4.2 -4.9 1 1 1
v -1.5 4.2 -4.9 1 1 1
v -1.8 4.2 -4.6 1 1 1
v -1.8 3.5 -4.8 1 1 1
v -1.8 4 -4.6 1 1 1
v -1.8 3.5 -2.568241 1 1 1
v -1.8 2.1 -1.638982 1 1 1
v 2.2 2.1 -1.638982 1 1 1
v 1.8 2.1 -1.638982 1 1 1
v 1.8 3.5 -2.568241 1 1 1
v 2.2 3.5 -2.568241 1 1 1
v -2.2 3.5 -2.568241 1 1 1
v -2.2 3.5 -4.135055 1 1 1
v -2.2 3.5 -4.435055 1 1 1
v -2.2 3.5 -4.62 1 1 1
v 1.8 3.5 -4.8 1 1 1
v 2.2 3.5 -3.536579 1 1 1
v 2.2 3.5 -3.356579 1 1 1
v 2.2 3.5 -3.171633 1 1 1
v 2.2 3.5 -2.871634 1 1 1
v -2.2 2.1 -1.638982 1 1 1
v 1.5 4 -5.3 1 1 1
v -1.5 4 -5.3 1 1 1
v 1.5 4.2 -5.3 1 1 1
v 1.8 4.2 -4.6 1 1 1
v 2.2 4.2 -4.6 1 1 1
v 1.8 4 -4.6 1 1 1
v 2.2 4 -4.6 1 1 1
v -2.2 4 -4.6 1 1 1
v -1.5 4.2 -5.3 1 1 1
v -2.2 4.2 -4.6 1 1 1
v -2.2 3.259808 -4.135055 1 1 1
v -2.2 2.740192 -4.135055 1 1 1
v -2.2 3 -3.985055 1 1 1
v -2.2 2.740192 -4.435055 1 1 1
v -2.2 3.259808 -4.435055 1 1 1
v -2.2 3 -4.585054 1 1 1
v -2.2 3.164115 -4.62 1 1 1
v -2.2 3.475884 -4.62 1 1 1
v -2.2 3.32 -4.53 1 1 1
v -2.2 3.475884 -4.8 1 1 1
v -2.2 3.164115 -4.8 1 1 1
v -2.2 3.32 -4.89 1 1 1
v 2.2 4 -4.2 1 1 1
v 2.2 3.8 -3.986955 1 1 1
v 1.8 4 -4.2 1 1 1
v 1.8 3.8 -3.986955 1 1 1
v 2.2 3.475884 -3.536579 1 1 1
v 2.2 3.164115 -3.536579 1 1 1
v 2.2 3.32 -3.626579 1 1 1
v 2.2 3.164115 -3.356579 1 1 1
v 2.2 3.475884 -3.356579 1 1 1
v 2.2 3.32 -3.266579 1 1 1
v 2.2 2.740192 -3.171633 1 1 1
v 2.2 3.259808 -3.171633 1 1 1
v 2.2 3 -3.321634 1 1 1
v 2.2 3.259808 -2.871634 1 1 1
v 2.2 2.740192 -2.871634 1 1 1
v 2.2 3 -2.721633 1 1 1
v -2.2 1.5 -2.668241 1 1 1
v -2.2 1.9 -2.668241 1 1 1
v -2.1 1.5 -2.568241 1 1 1
v -2.1 1.9 -2.568241 1 1 1
v -2 1.5 -2.568241 1 1 1
v -2 1.5 -4.6 1 1 1
v -2.1 1.5 -4.8 1 1 1
v -2.2 1.5 -4.7 1 1 1
v 2 1.5 -4.6 1 1 1
v 2.1 1.5 -4.8 1 1 1
v 2 1.5 -2.568241 1 1 1
v 2.1 1.5 -2.568241 1 1 1
v 2.2 1.5 -4.7 1 1 1
v 2.2 1.5 -2.668241 1 1 1
v 2.2 1.9 -4.7 1 1 1
v 2.2 1.9 -2.668241 1 1 1
v 2.1 1.9 -4.8 1 1 1
v 2.1 1.9 -2.568241 1 1 1
v 2 1.9 -4.6 1 1 1
v 2 1.9 -2.568241 1 1 1
v -2.1 1.9 -4.8 1 1 1
v -2 1.9 -4.6 1 1 1
v -2 1.9 -2.568241 1 1 1
v -2.2 1.9 -4.7 1 1 1
v 0.55 1.6 -1.3125 1 1 1
v 0.55 1.6 -0.2125 1 1 1
v -0.55 1.6 -1.3125 1 1 1
v -0.55 1.6 -0.2125 1 1 1

vn 0 -1 0
vn 0.8492078 -0.1961161 -0.4902903
vn 0.8492078 -0.1961161 0.4902903
vn 0 -0.1961161 -0.9805807
vn -0.8492078 -0.1961161 -0.4902903
vn -0.8492078 -0.1961161 0.4902903
vn 0 -0.1961161 0.9805807
vn 0 1 0
vn 0 0 1
vn 0.8660254 0 0.5
vn 0.8660254 0 -0.5
vn 0 0 -1
vn -0.8660254 0 -0.5
vn -0.8660254 0 0.5
vn 0 0.1950903 -0.9807853
vn 0 0.7071068 -0.7071068
vn 0 0.7071068 0.7071068
vn 0 0.1950903 0.9807853
vn 0 -0.1950903 0.9807853
vn 0 -0.3826834 -0.9238795
vn 0 -0.7071068 -0.7071068
vn 0 -0.7071068 0.7071068
vn 0 -0.3826834 0.9238795
vn 0 -0.1950903 -0.9807853
vn 0 -0.9807853 0.1950903
vn 0 -0.9807853 -0.1950903
vn 1 0 0
vn 0 0.006485509 0.999979
vn -0.8660072 0.006485509 0.4999895
vn -0.8660072 0.006485509 -0.4999895
vn 0.8660072 0.006485509 -0.4999895
vn 0.8660072 0.006485509 0.4999895
vn 0 0.006485509 -0.999979
vn -1 0 0
vn -1.970923E-13 0 1
vn -0.3826834 0 0.9238795
vn -0.9238795 0 0.3826834
vn -0.9238795 0 -0.3826834
vn -0.3826834 0 -0.9238795
vn 1.970923E-13 0 -1
vn 0.9807854 0.1950903 1.169187E-07
vn 0.7071068 0.7071068 8.42937E-08
vn -0.7071068 0.7071068 -8.42937E-08
vn -0.9807854 0.1950903 -1.169187E-07
vn 1 0 1.192093E-07
vn 0.9238796 -0.3826834 1.10135E-07
vn 0.7071068 -0.7071068 8.42937E-08
vn -0.7071068 -0.7071068 -8.42937E-08
vn -0.9238796 -0.3826834 -1.10135E-07
vn -1 0 -1.192093E-07
vn -1.192093E-07 0 1
vn 0.8584744 0.1317663 -0.4956404
vn 0.8584744 0.1317663 0.4956404
vn 0 0.1317663 -0.9912808
vn 0 0.1317663 0.9912808
vn -0.8584744 0.1317663 0.4956404
vn -0.8584744 0.1317663 -0.4956404
vn 0.3826834 0 0.9238795
vn 0.9238795 0 0.3826834
vn 0.3826834 0 -0.9238795
vn 0.9238795 0 -0.3826834
vn -0.8859929 0 0.4636986
vn -0.9569095 0 -0.2903866
vn -0.9462509 0 0.3234335
vn 0.9462509 0 -0.3234335
vn 0.9569095 0 0.2903866
vn 0.8859929 0 -0.4636986
vn 0.9578871 0 -0.2871453
vn 0.8350952 0 -0.5501054
vn -0.8350952 0 0.5501054
vn -0.9578871 0 0.2871453
vn 0.9578871 0 0.2871453
vn -0.9578871 0 -0.2871453
vn 0 0.9238795 0.3826834
vn 0.9563965 0.2825627 -0.07391981
vn 0.9615942 0.274164 -0.01306904
vn 0.5849318 0.3227677 0.744094
vn 0.7294495 0 0.6840347
vn 0.8666753 0.02707931 0.4981371
vn 0.6120517 -0.7525616 0.2429892
vn 0.9656138 0.2353843 0.1103813
vn 0.5849318 -0.3227677 0.744094
vn 0.9615942 -0.274164 -0.01306904
vn 0.9563965 -0.2825627 -0.07391981
vn 0.8666753 -0.02707931 0.4981371
vn 0.6120517 0.7525616 0.2429892
vn 0.9656138 -0.2353843 0.1103813
vn -0.9563965 -0.2825627 -0.07391981
vn -0.9615942 -0.274164 -0.01306904
vn -0.5849318 -0.3227677 0.744094
vn -0.7294495 0 0.6840347
vn -0.9615942 0.274164 -0.01306904
vn -0.9563965 0.2825627 -0.07391981
vn -0.5849318 0.3227677 0.744094
vn -0.8666753 -0.02707931 0.4981371
vn -0.6120517 0.7525616 0.2429892
vn -0.9656138 -0.2353843 0.1103813
vn -0.8666753 0.02707931 0.4981371
vn -0.6120517 -0.7525616 0.2429892
vn -0.9656138 0.2353843 0.1103813
vn 0 0.8959994 -0.4440553
vn 0 0.4440553 -0.8959994
vn 0 0.3045196 -0.952506
vn 0 -0.3045196 -0.952506
vn 0 -0.4440553 -0.8959994
vn 0 -0.8959994 -0.4440553
vn 0.9220721 0.3832623 0.05378754
vn 0.9983029 0 0.05823434
vn 0.9177269 0.3935877 0.05353407
vn 0 -0.982613 0.185666
vn -0.9983029 0 0.05823434
vn -0.9220721 0.3832623 0.05378754
vn -0.9177269 0.3935877 0.05353407
vn 0.388219 0.9212888 0.0226461
vn 0.3642687 0.9310515 0.02124901
vn -0.388219 0.9212888 0.0226461
vn -0.3642687 0.9310515 0.02124901
vn 0 0.01122535 0.9999371
vn -0.8659709 0.01122536 0.4999685
vn -0.8659709 0.01122536 -0.4999685
vn 0.8659709 0.01122536 -0.4999685
vn 0.8659709 0.01122536 0.4999685
vn 0 0.01122535 -0.9999371
vn 0.9313259 -0.3638053 -0.01666547
vn 0.5528674 -0.3575924 0.7526389
vn 0.7429557 0 0.6693407
vn -0.9313259 0.3638053 -0.01666547
vn -0.5528674 0.3575924 0.7526389
vn -0.7429557 0 0.6693407
vn 0.9231246 -0.3735751 -0.09100781
vn 0.6219249 0.7394344 0.2577713
vn 0.8175097 -0.03356243 0.5749361
vn 0.9395952 -0.3140127 0.1362239
vn 0.9231246 0.3735751 -0.09100781
vn 0.9313259 0.3638053 -0.01666547
vn 0.5528674 0.3575924 0.7526389
vn -0.8175097 -0.03356243 0.5749361
vn -0.6219249 0.7394344 0.2577713
vn 0.8175097 0.03356243 0.5749361
vn 0.6219249 -0.7394344 0.2577713
vn 0.9395952 0.3140127 0.1362239
vn -0.5528674 -0.3575924 0.7526389
vn -0.9313259 -0.3638053 -0.01666547
vn -0.9395952 -0.3140127 0.1362239
vn -0.6219249 -0.7394344 0.2577713
vn -0.8175097 0.03356243 0.5749361
vn -0.9395952 0.3140127 0.1362239
vn -0.9231246 0.3735751 -0.09100781
vn -0.9231246 -0.3735751 -0.09100781
vn 0 -0.3238713 -0.9461012
vn 0 -0.4698088 -0.8827682
vn 0 0.4698088 -0.8827682
vn 0 0.3238713 -0.9461012
vn 0 -0.9079682 -0.4190392
vn 0 0.9079682 -0.4190392
vn -0.7341428 0.2998226 0.6092132
vn -0.1400134 0.3313289 0.9330688
vn -0.7311218 0.4273997 0.5317804
vn -0.3605042 0.6563336 0.662769
vn 0.1400134 0.3313289 0.9330688
vn 0.7341428 0.2998226 0.6092132
vn 0.7311218 0.4273997 0.5317804
vn 0.3605042 0.6563336 0.662769
vn 0 -0.9832704 0.1821523
vn 0 -0.1188056 -0.9929175
vn 0 0.1188056 -0.9929175
vn 0 -0.9832704 -0.1821523
vn 0 0.5530205 0.8331677
vn 0 0.008643745 0.9999627
vn -0.8659931 0.008643745 0.4999814
vn -0.8659931 0.008643745 -0.4999814
vn 0.8659931 0.008643745 -0.4999814
vn 0.8659931 0.008643745 0.4999814
vn 0 0.008643745 -0.9999627
vn 0 -0.3826834 0.9238795
vn 0 0.3826834 0.9238795
vn 0 0.3826834 -0.9238795
vn 0 -0.9238795 0.3826834
vn 0 -0.9238795 -0.3826834
vn 0 0.9238795 -0.3826834
vn -0.8360847 -0.1383195 0.5308768
vn -0.5843715 -0.7012459 0.4083675
vn -0.7366637 -0.4966484 0.4589847
vn -0.8449612 -0.1330057 0.5180252
vn 0.8449612 -0.1330057 0.5180252
vn 0.7366637 -0.4966484 0.4589847
vn 0.8360847 -0.1383195 0.5308768
vn 0.5843715 -0.7012459 0.4083675
vn 0 -0.3990561 -0.9169264
vn 0 -0.2456099 -0.9693688
vn 0.6401844 -0.7682213 0
vn 0.8368601 -0.5474169 0
vn 0.8153781 -0.5789288 0
vn -0.9898434 -0.1421626 0
vn -0.9839535 -0.1784248 0
vn 0.9898434 -0.1421626 0
vn 0.9839535 -0.1784248 0
vn 0 -0.9498379 0.3127429
vn -0.8434041 0 0.5372797
vn 0 -0.3051774 -0.9522955
vn 0 -0.5812382 -0.8137335
vn 0.8434041 0 0.5372797
vn -0.8368601 -0.5474169 0
vn -0.8153781 -0.5789288 0
vn -0.6401844 -0.7682213 0
vn -0.3404253 -0.9402716 0
vn 0.3404253 -0.9402716 0
vn 0 0.1950903 -0.9807853
vn 0.9807853 0 0.1950903
vn 0.7071068 0 0.7071068
vn 0.1950903 0 0.9807853
vn 0 0.9807853 -0.1950903
vn -0.9807853 0 0.1950903
vn -0.7071068 0 0.7071068
vn -0.1950903 0 0.9807853
vn 0.4809992 0 0.8767211
vn -0.8434041 0 -0.5372797
vn 0.8434041 0 -0.5372797
vn -0.4809992 0 0.8767211
vn -0.1543877 0.9578254 -0.2423528
vn 0.1543877 0.9578254 -0.2423528
vn 0 0.7290745 -0.6844342
vn 0 0.7290745 0.6844342
vn 0.3625479 0.7380151 -0.5691159
vn -0.3625479 0.7380151 0.5691159
vn -0.7071068 0 -0.7071068
vn -0.9807853 0 -0.1950903
vn 0 0.7394062 0.6732596
vn 0.1950903 0 -0.9807853
vn 0.7071068 0 -0.7071068
vn 0.9807853 0 -0.1950903
vn 0 0.9698448 0.243723
vn -0.1950903 0 -0.9807853
vn 0 -0.5530205 -0.8331677

vt 0.34375 0.275
vt 0.34375 0.475
vt 0.34375 0.3
vt 0.34375 0.4130678
vt 0.34375 0.4549448
vt 0.34375 0.2914409
vt 0.34375 0.3078818
vt 0.34375 0.4065272
vt 0.34375 0.4297781
vt 0.34375 0.439409
vt 0.34375 0.2798154
vt 0.34375 0.3165842
vt 0.34375 0.4334158
vt 0.34375 0.325
vt 0.34375 0.375
vt 0.34375 0.425
vt 0.34375 0.45
vt 0.34375 0.4
vt 0.34375 0.46875
vt 0.34375 0.41875
vt 0.34375 0.35
vt 0.34375 0.36875
vt 0.34375 0.31875
vt 0.34375 0.4228785
vt 0.34375 0.4270446
vt 0.34375 0.2898626
vt 0.34375 0.2782521
vt 0.34375 0.3271214
vt 0.34375 0.3229554
vt 0.34375 0.4717478
vt 0.34375 0.4601374
vt 0.34375 0.4360136
vt 0.34375 0.3656966
vt 0.34375 0.4270446
vt 0.34375 0.3271215
vt 0.34375 0.4601374
vt 0.34375 0.4228785
vt 0.34375 0.4717479
vt 0.34375 0.2869653
vt 0.34375 0.403113
vt 0.34375 0.3356997
vt 0.34375 0.3220588
vt 0.34375 0.4279412
vt 0.34375 0.4464286
vt 0.34375 0.4211212
vt 0.34375 0.444697
vt 0.34375 0.3962121
vt 0.34375 0.3598485
vt 0.34375 0.3174242
vt 0.34375 0.3552984
vt 0.34375 0.39737
vt 0.34375 0.385
vt 0.34375 0.4132843
vt 0.34375 0.3625
vt 0.34375 0.355
vt 0.34375 0.405
vt 0.34375 0.3916667
vt 0.34375 0.3488095
vt 0.34375 0.4100771
vt 0.34375 0.3428572
vt 0.34375 0.4154762
vt 0.34375 0.3802289
vt 0.34375 0.3554853
vt 0.34375 0.3678572
vt 0.34375 0.3756722
vt 0.34375 0.3905183
vt 0.34375 0.3830952
vt 0.34375 0.4059524
vt 0.21875 0.1565272
vt 0.21875 0.05788179
vt 0.21875 0.1797781
vt 0.21875 0.189409
vt 0.21875 0.025
vt 0.21875 0.125
vt 0.21875 0.225

usemtl colormap

f 3/1/1 2/1/1 1/1/1
f 2/1/1 3/1/1 4/1/1
f 4/1/1 3/1/1 5/1/1
f 4/1/1 5/1/1 6/1/1
f 8/2/3 2/1/2 7/2/2
f 2/1/2 8/2/3 1/1/3
f 9/2/4 2/1/2 4/1/4
f 2/1/2 9/2/4 7/2/2
f 6/1/5 11/2/6 10/2/5
f 11/2/6 6/1/5 5/1/6
f 12/2/7 5/1/6 3/1/7
f 5/1/6 12/2/7 11/2/6
f 10/2/5 4/1/4 6/1/5
f 4/1/4 10/2/5 9/2/4
f 8/2/3 3/1/7 1/1/3
f 3/1/7 8/2/3 12/2/7
f 15/3/8 14/3/8 13/3/8
f 14/3/8 15/3/8 16/3/8
f 16/3/8 15/3/8 17/3/8
f 16/3/8 17/3/8 18/3/8
f 19/2/9 17/3/10 15/3/9
f 17/3/10 19/2/9 20/2/10
f 21/2/11 17/3/10 20/2/10
f 17/3/10 21/2/11 18/3/11
f 21/2/11 16/3/12 18/3/11
f 16/3/12 21/2/11 22/2/12
f 22/2/12 14/3/13 16/3/12
f 14/3/13 22/2/12 23/2/13
f 14/3/13 24/2/14 13/3/14
f 24/2/14 14/3/13 23/2/13
f 24/2/14 15/3/9 13/3/14
f 15/3/9 24/2/14 19/2/9
f 12/2/8 21/2/8 11/2/8
f 11/2/8 21/2/8 10/2/8
f 12/2/8 22/2/8 21/2/8
f 20/2/8 10/2/8 21/2/8
f 12/2/8 23/2/8 22/2/8
f 8/2/8 23/2/8 12/2/8
f 20/2/8 9/2/8 10/2/8
f 19/2/8 9/2/8 20/2/8
f 23/2/8 8/2/8 24/2/8
f 24/2/8 9/2/8 19/2/8
f 7/2/8 24/2/8 8/2/8
f 24/2/8 7/2/8 9/2/8
f 27/5/16 26/4/15 25/4/15
f 26/4/15 27/5/16 28/5/16
f 27/5/16 29/2/8 28/5/16
f 29/2/8 27/5/16 30/2/8
f 30/2/8 31/5/17 29/2/8
f 31/5/17 30/2/8 32/5/17
f 31/5/17 34/4/18 33/4/18
f 34/4/18 31/5/17 32/5/17
f 33/4/18 36/6/19 35/6/19
f 36/6/19 33/4/18 34/4/18
f 39/8/12 38/7/12 37/7/12
f 38/7/12 39/8/12 40/8/12
f 41/9/21 40/8/20 39/8/20
f 40/8/20 41/9/21 42/9/21
f 41/9/21 43/10/1 42/9/21
f 43/10/1 41/9/21 44/10/1
f 44/10/1 45/9/22 43/10/1
f 45/9/22 44/10/1 46/9/22
f 45/9/22 48/8/23 47/8/23
f 48/8/23 45/9/22 46/9/22
f 47/8/9 50/7/9 49/7/9
f 50/7/9 47/8/9 48/8/9
f 50/7/8 38/7/8 49/7/8
f 38/7/8 50/7/8 37/7/8
f 25/4/15 52/6/24 51/6/24
f 52/6/24 25/4/15 26/4/15
f 55/1/25 54/1/26 53/1/25
f 54/1/26 55/1/25 56/1/26
f 56/1/26 57/11/21 54/1/26
f 57/11/21 56/1/26 58/11/21
f 51/6/24 57/11/21 58/11/21
f 57/11/21 51/6/24 52/6/24
f 35/6/19 60/11/22 59/11/22
f 60/11/22 35/6/19 36/6/19
f 60/11/22 53/1/25 59/11/22
f 53/1/25 60/11/22 55/1/25
f 28/5/27 52/6/27 26/4/27
f 52/6/27 28/5/27 57/11/27
f 57/11/27 28/5/27 54/1/27
f 54/1/27 28/5/27 49/7/27
f 54/1/27 49/7/27 53/1/27
f 49/7/27 28/5/27 47/8/27
f 28/5/27 45/9/27 47/8/27
f 45/9/27 28/5/27 29/2/27
f 45/9/27 29/2/27 43/10/27
f 43/10/27 29/2/27 31/5/27
f 43/10/27 31/5/27 42/9/27
f 42/9/27 31/5/27 40/8/27
f 40/8/27 31/5/27 38/7/27
f 53/1/27 49/7/27 38/7/27
f 53/1/27 38/7/27 31/5/27
f 53/1/27 31/5/27 33/4/27
f 53/1/27 33/4/27 59/11/27
f 59/11/27 33/4/27 35/6/27
f 63/1/1 62/1/1 61/1/1
f 62/1/1 63/1/1 64/1/1
f 64/1/1 63/1/1 65/1/1
f 64/1/1 65/1/1 66/1/1
f 67/2/28 65/1/29 63/1/28
f 65/1/29 67/2/28 68/2/29
f 65/1/29 69/2/30 66/1/30
f 69/2/30 65/1/29 68/2/29
f 70/2/31 61/1/32 62/1/31
f 61/1/32 70/2/31 71/2/32
f 71/2/32 63/1/28 61/1/32
f 63/1/28 71/2/32 67/2/28
f 72/2/33 62/1/31 64/1/33
f 62/1/31 72/2/33 70/2/31
f 69/2/30 64/1/33 66/1/30
f 64/1/33 69/2/30 72/2/33
f 72/2/8 71/2/8 70/2/8
f 71/2/8 72/2/8 67/2/8
f 67/2/8 72/2/8 69/2/8
f 67/2/8 69/2/8 68/2/8
f 75/10/1 74/9/22 73/10/1
f 74/9/22 75/10/1 76/9/22
f 74/9/22 78/8/23 77/8/23
f 78/8/23 74/9/22 76/9/22
f 81/5/16 80/4/15 79/4/15
f 80/4/15 81/5/16 82/5/16
f 79/4/15 84/6/24 83/6/24
f 84/6/24 79/4/15 80/4/15
f 87/7/8 86/7/8 85/7/8
f 86/7/8 87/7/8 88/7/8
f 83/6/24 90/11/21 89/11/21
f 90/11/21 83/6/24 84/6/24
f 93/5/17 92/4/18 91/4/18
f 92/4/18 93/5/17 94/5/17
f 96/2/8 93/5/17 95/2/8
f 93/5/17 96/2/8 94/5/17
f 81/5/16 95/2/8 82/5/16
f 95/2/8 81/5/16 96/2/8
f 97/8/12 86/7/12 88/7/12
f 86/7/12 97/8/12 98/8/12
f 101/6/19 100/11/22 99/11/22
f 100/11/22 101/6/19 102/6/19
f 104/1/26 90/11/21 103/1/26
f 90/11/21 104/1/26 89/11/21
f 89/11/34 79/4/34 83/6/34
f 79/4/34 89/11/34 81/5/34
f 81/5/34 89/11/34 104/1/34
f 81/5/34 104/1/34 87/7/34
f 87/7/34 104/1/34 105/1/34
f 78/8/34 81/5/34 87/7/34
f 76/9/34 81/5/34 78/8/34
f 81/5/34 76/9/34 96/2/34
f 96/2/34 76/9/34 75/10/34
f 87/7/34 105/1/34 88/7/34
f 96/2/34 75/10/34 94/5/34
f 94/5/34 75/10/34 106/9/34
f 94/5/34 106/9/34 97/8/34
f 88/7/34 105/1/34 97/8/34
f 97/8/34 105/1/34 94/5/34
f 94/5/34 105/1/34 92/4/34
f 92/4/34 105/1/34 100/11/34
f 92/4/34 100/11/34 102/6/34
f 91/4/18 102/6/19 101/6/19
f 102/6/19 91/4/18 92/4/18
f 100/11/22 107/1/25 99/11/22
f 107/1/25 100/11/22 105/1/25
f 106/9/21 98/8/20 97/8/20
f 98/8/20 106/9/21 108/9/21
f 106/9/21 73/10/1 108/9/21
f 73/10/1 106/9/21 75/10/1
f 77/8/9 87/7/9 85/7/9
f 87/7/9 77/8/9 78/8/9
f 105/1/25 103/1/26 107/1/25
f 103/1/26 105/1/25 104/1/26
f 111/2/35 110/1/36 109/1/35
f 110/1/36 111/2/35 112/2/36
f 115/2/38 114/1/37 113/2/37
f 114/1/37 115/2/38 116/1/38
f 119/2/39 118/1/40 117/1/39
f 118/1/40 119/2/39 120/2/40
f 119/2/39 116/1/38 115/2/38
f 116/1/38 119/2/39 117/1/39
f 113/2/37 110/1/36 112/2/36
f 110/1/36 113/2/37 114/1/37
f 117/1/1 114/1/1 116/1/1
f 114/1/1 117/1/1 110/1/1
f 110/1/1 117/1/1 118/1/1
f 110/1/1 118/1/1 109/1/1
f 112/2/8 115/2/8 113/2/8
f 115/2/8 112/2/8 119/2/8
f 119/2/8 112/2/8 111/2/8
f 119/2/8 111/2/8 120/2/8
f 123/5/42 122/4/41 121/4/41
f 122/4/41 123/5/42 124/5/42
f 123/5/42 125/2/8 124/5/42
f 125/2/8 123/5/42 126/2/8
f 126/2/8 127/5/43 125/2/8
f 127/5/43 126/2/8 128/5/43
f 127/5/43 130/4/44 129/4/44
f 130/4/44 127/5/43 128/5/43
f 133/8/45 132/1/45 131/1/45
f 132/1/45 133/8/45 134/8/45
f 135/9/47 134/8/46 133/8/46
f 134/8/46 135/9/47 136/9/47
f 135/9/47 137/10/1 136/9/47
f 137/10/1 135/9/47 138/10/1
f 138/10/1 139/9/48 137/10/1
f 139/9/48 138/10/1 140/9/48
f 139/9/48 142/8/49 141/8/49
f 142/8/49 139/9/48 140/9/48
f 141/8/50 144/1/50 143/1/50
f 144/1/50 141/8/50 142/8/50
f 129/4/44 146/1/50 145/1/50
f 146/1/50 129/4/44 130/4/44
f 145/1/51 127/5/51 129/4/51
f 132/1/51 127/5/51 145/1/51
f 134/8/51 127/5/51 132/1/51
f 136/9/51 127/5/51 134/8/51
f 137/10/51 127/5/51 136/9/51
f 137/10/51 125/2/51 127/5/51
f 139/9/51 125/2/51 137/10/51
f 139/9/51 124/5/51 125/2/51
f 124/5/51 139/9/51 141/8/51
f 143/1/51 124/5/51 141/8/51
f 147/1/51 124/5/51 143/1/51
f 124/5/51 147/1/51 122/4/51
f 121/4/41 147/1/45 148/1/45
f 147/1/45 121/4/41 122/4/41
f 151/2/8 150/2/8 149/2/8
f 150/2/8 151/2/8 152/2/8
f 152/2/8 151/2/8 153/2/8
f 152/2/8 153/2/8 154/2/8
f 149/2/52 156/1/53 155/1/52
f 156/1/53 149/2/52 150/2/53
f 151/2/54 155/1/52 157/1/54
f 155/1/52 151/2/54 149/2/52
f 152/2/55 159/1/56 158/1/55
f 159/1/56 152/2/55 154/2/56
f 159/1/56 153/2/57 160/1/57
f 153/2/57 159/1/56 154/2/56
f 150/2/53 158/1/55 156/1/53
f 158/1/55 150/2/53 152/2/55
f 153/2/57 157/1/54 160/1/57
f 157/1/54 153/2/57 151/2/54
f 163/12/58 162/1/36 161/1/58
f 162/1/36 163/12/58 164/12/36
f 161/1/1 166/1/1 165/1/1
f 166/1/1 161/1/1 167/1/1
f 167/1/1 161/1/1 162/1/1
f 167/1/1 162/1/1 168/1/1
f 168/1/1 162/1/1 169/1/1
f 168/1/1 169/1/1 170/1/1
f 163/12/58 165/1/59 171/12/59
f 165/1/59 163/12/58 161/1/58
f 174/13/1 173/13/1 172/13/1
f 173/13/1 174/13/1 175/13/1
f 175/13/1 174/13/1 176/13/1
f 175/13/1 176/13/1 177/13/1
f 177/13/1 176/13/1 178/13/1
f 177/13/1 178/13/1 179/13/1
f 181/12/8 171/12/8 180/12/8
f 171/12/8 181/12/8 163/12/8
f 163/12/8 181/12/8 182/12/8
f 163/12/8 182/12/8 164/12/8
f 164/12/8 182/12/8 183/12/8
f 164/12/8 183/12/8 184/12/8
f 169/1/37 183/12/38 170/1/38
f 183/12/38 169/1/37 184/12/37
f 186/2/58 172/13/59 185/2/59
f 172/13/59 186/2/58 174/13/58
f 180/12/61 167/1/60 181/12/60
f 167/1/60 180/12/61 166/1/61
f 188/2/8 185/2/8 187/2/8
f 185/2/8 188/2/8 186/2/8
f 186/2/8 188/2/8 189/2/8
f 186/2/8 189/2/8 190/2/8
f 190/2/8 189/2/8 191/2/8
f 190/2/8 191/2/8 192/2/8
f 182/12/39 167/1/60 168/1/39
f 167/1/60 182/12/39 181/12/60
f 185/2/59 173/13/61 187/2/61
f 173/13/61 185/2/59 172/13/59
f 186/2/58 176/13/36 174/13/58
f 176/13/36 186/2/58 190/2/36
f 189/2/39 175/13/60 177/13/39
f 175/13/60 189/2/39 188/2/60
f 187/2/61 175/13/60 188/2/60
f 175/13/60 187/2/61 173/13/61
f 171/12/59 166/1/61 180/12/61
f 166/1/61 171/12/59 165/1/59
f 164/12/36 169/1/37 162/1/36
f 169/1/37 164/12/36 184/12/37
f 190/2/36 178/13/37 176/13/36
f 178/13/37 190/2/36 192/2/37
f 178/13/37 191/2/38 179/13/38
f 191/2/38 178/13/37 192/2/37
f 191/2/38 177/13/39 179/13/38
f 177/13/39 191/2/38 189/2/39
f 183/12/38 168/1/39 170/1/38
f 168/1/39 183/12/38 182/12/39
f 195/2/12 194/1/60 193/1/12
f 194/1/60 195/2/12 196/2/60
f 199/2/59 198/1/61 197/2/61
f 198/1/61 199/2/59 200/1/59
f 203/2/58 202/1/9 201/1/58
f 202/1/9 203/2/58 204/2/9
f 203/2/58 200/1/59 199/2/59
f 200/1/59 203/2/58 201/1/58
f 197/2/61 194/1/60 196/2/60
f 194/1/60 197/2/61 198/1/61
f 201/1/1 198/1/1 200/1/1
f 198/1/1 201/1/1 194/1/1
f 194/1/1 201/1/1 202/1/1
f 194/1/1 202/1/1 193/1/1
f 196/2/8 199/2/8 197/2/8
f 199/2/8 196/2/8 203/2/8
f 203/2/8 196/2/8 195/2/8
f 203/2/8 195/2/8 204/2/8
f 207/15/64 206/14/63 205/1/62
f 209/2/62 208/16/63 207/15/64
f 205/1/67 206/14/66 207/15/65
f 207/15/65 208/16/66 209/2/67
f 212/2/69 211/1/68 210/2/68
f 211/1/68 212/2/69 213/1/69
f 210/2/71 211/1/71 212/2/70
f 213/1/70 212/2/70 211/1/71
f 214/2/69 207/15/65 209/2/67
f 207/15/65 214/2/69 205/1/67
f 205/1/67 214/2/69 215/1/69
f 215/1/69 214/2/69 216/2/68
f 215/1/69 216/2/68 217/1/68
f 209/2/62 207/15/64 214/2/70
f 205/1/62 214/2/70 207/15/64
f 215/1/70 214/2/70 205/1/62
f 216/2/71 214/2/70 215/1/70
f 217/1/71 216/2/71 215/1/70
f 210/2/68 219/1/72 218/2/72
f 219/1/72 210/2/68 211/1/68
f 218/2/73 219/1/73 210/2/71
f 211/1/71 210/2/71 219/1/73
f 218/2/72 221/1/72 220/2/72
f 221/1/72 218/2/72 219/1/72
f 220/2/73 221/1/73 218/2/73
f 219/1/73 218/2/73 221/1/73
f 220/2/72 217/1/68 216/2/68
f 217/1/68 220/2/72 221/1/72
f 216/2/71 217/1/71 220/2/73
f 221/1/73 220/2/73 217/1/71
f 224/17/9 223/16/9 222/16/9
f 223/16/9 224/17/9 225/17/9
f 228/2/8 227/2/74 226/2/8
f 227/2/74 228/2/8 229/2/74
f 232/3/9 231/1/9 230/1/9
f 231/1/9 232/3/9 233/3/9
f 236/18/9 235/15/9 234/15/9
f 235/15/9 236/18/9 237/18/9
f 223/16/8 238/16/74 222/16/8
f 238/16/74 223/16/8 239/16/74
f 242/19/9 241/17/22 240/17/22
f 241/17/22 242/19/9 243/19/9
f 241/17/22 224/17/1 240/17/22
f 224/17/1 241/17/22 225/17/1
f 246/20/9 245/18/22 244/18/22
f 245/18/22 246/20/9 247/20/9
f 245/18/22 236/18/1 244/18/22
f 236/18/1 245/18/22 237/18/1
f 250/22/9 249/21/22 248/21/22
f 249/21/22 250/22/9 251/22/9
f 249/21/22 252/21/1 248/21/22
f 252/21/1 249/21/22 253/21/1
f 256/23/9 255/3/22 254/3/22
f 255/3/22 256/23/9 257/23/9
f 255/3/22 232/3/1 254/3/22
f 232/3/1 255/3/22 233/3/1
f 252/21/9 259/14/9 258/14/9
f 259/14/9 252/21/9 253/21/9
f 259/14/8 260/14/74 258/14/8
f 260/14/74 259/14/8 261/14/74
f 254/3/27 260/14/27 256/23/27
f 232/3/27 260/14/27 254/3/27
f 260/14/27 232/3/27 258/14/27
f 230/1/27 258/14/27 232/3/27
f 258/14/27 230/1/27 262/1/27
f 260/14/74 257/23/17 256/23/17
f 257/23/17 260/14/74 261/14/74
f 264/15/27 263/21/27 234/15/27
f 263/21/27 264/15/27 252/21/27
f 252/21/27 264/15/27 248/21/27
f 248/21/27 264/15/27 250/22/27
f 227/2/74 243/19/17 242/19/17
f 243/19/17 227/2/74 229/2/74
f 238/16/74 247/20/17 246/20/17
f 247/20/17 238/16/74 239/16/74
f 235/15/8 264/15/74 234/15/8
f 264/15/74 235/15/8 265/15/74
f 264/15/74 251/22/17 250/22/17
f 251/22/17 264/15/74 265/15/74
f 268/15/64 267/14/63 266/1/62
f 270/2/62 269/16/63 268/15/64
f 266/1/67 267/14/66 268/15/65
f 268/15/65 269/16/66 270/2/67
f 273/2/69 272/1/68 271/2/68
f 272/1/68 273/2/69 274/1/69
f 271/2/71 272/1/71 273/2/70
f 274/1/70 273/2/70 272/1/71
f 275/2/69 268/15/65 270/2/67
f 268/15/65 275/2/69 266/1/67
f 266/1/67 275/2/69 276/1/69
f 276/1/69 275/2/69 277/2/68
f 276/1/69 277/2/68 278/1/68
f 270/2/62 268/15/64 275/2/70
f 266/1/62 275/2/70 268/15/64
f 276/1/70 275/2/70 266/1/62
f 277/2/71 275/2/70 276/1/70
f 278/1/71 277/2/71 276/1/70
f 271/2/68 280/1/72 279/2/72
f 280/1/72 271/2/68 272/1/68
f 279/2/73 280/1/73 271/2/71
f 272/1/71 271/2/71 280/1/73
f 279/2/72 282/1/72 281/2/72
f 282/1/72 279/2/72 280/1/72
f 281/2/73 282/1/73 279/2/73
f 280/1/73 279/2/73 282/1/73
f 281/2/72 278/1/68 277/2/68
f 278/1/68 281/2/72 282/1/72
f 277/2/71 278/1/71 281/2/73
f 282/1/73 281/2/73 278/1/71
f 285/15/64 284/14/63 283/1/62
f 287/2/62 286/16/63 285/15/64
f 283/1/67 284/14/66 285/15/65
f 285/15/65 286/16/66 287/2/67
f 290/2/69 289/1/68 288/2/68
f 289/1/68 290/2/69 291/1/69
f 288/2/71 289/1/71 290/2/70
f 291/1/70 290/2/70 289/1/71
f 292/2/69 285/15/65 287/2/67
f 285/15/65 292/2/69 283/1/67
f 283/1/67 292/2/69 293/1/69
f 293/1/69 292/2/69 294/2/68
f 293/1/69 294/2/68 295/1/68
f 287/2/62 285/15/64 292/2/70
f 283/1/62 292/2/70 285/15/64
f 293/1/70 292/2/70 283/1/62
f 294/2/71 292/2/70 293/1/70
f 295/1/71 294/2/71 293/1/70
f 288/2/68 297/1/72 296/2/72
f 297/1/72 288/2/68 289/1/68
f 296/2/73 297/1/73 288/2/71
f 289/1/71 288/2/71 297/1/73
f 296/2/72 299/1/72 298/2/72
f 299/1/72 296/2/72 297/1/72
f 298/2/73 299/1/73 296/2/73
f 297/1/73 296/2/73 299/1/73
f 298/2/72 295/1/68 294/2/68
f 295/1/68 298/2/72 299/1/72
f 294/2/71 295/1/71 298/2/73
f 299/1/73 298/2/73 295/1/71
f 302/25/77 301/15/76 300/24/75
f 303/15/78 301/15/76 302/25/77
f 306/1/80 305/27/27 304/26/79
f 307/28/81 306/1/80 304/26/79
f 308/29/82 306/1/80 307/28/81
f 308/29/82 307/28/84 301/15/83
f 303/15/78 308/29/82 301/15/83
f 311/2/86 310/31/85 309/30/27
f 300/24/87 310/31/85 311/2/86
f 302/25/77 300/24/87 311/2/86
f 314/29/90 313/15/89 312/28/88
f 315/15/91 313/15/89 314/29/90
f 317/25/94 316/24/93 313/15/92
f 315/15/91 317/25/94 313/15/92
f 320/2/96 319/30/34 318/31/95
f 316/24/97 320/2/96 318/31/95
f 317/25/94 320/2/96 316/24/97
f 323/1/99 322/26/98 321/27/34
f 312/28/100 322/26/98 323/1/99
f 314/29/90 312/28/100 323/1/99
f 319/30/101 311/2/86 309/30/101
f 311/2/86 319/30/101 320/2/96
f 321/27/102 304/26/102 305/27/102
f 304/26/102 321/27/102 322/26/102
f 304/26/102 322/26/102 312/28/103
f 304/26/102 312/28/103 307/28/103
f 313/15/12 307/28/103 312/28/103
f 307/28/103 313/15/12 301/15/12
f 313/15/12 300/24/104 301/15/12
f 300/24/104 313/15/12 316/24/104
f 302/25/77 320/2/96 317/25/94
f 320/2/96 302/25/77 311/2/86
f 306/1/80 314/29/90 323/1/99
f 314/29/90 306/1/80 308/29/82
f 302/25/77 315/15/91 303/15/78
f 315/15/91 302/25/77 317/25/94
f 318/31/105 300/24/104 316/24/104
f 300/24/104 318/31/105 310/31/105
f 310/31/105 318/31/105 309/30/105
f 309/30/105 318/31/105 319/30/105
f 306/1/80 321/27/106 305/27/106
f 321/27/106 306/1/80 323/1/99
f 303/15/78 314/29/90 308/29/82
f 314/29/90 303/15/78 315/15/91
f 326/32/109 325/1/108 324/32/107
f 325/1/108 326/32/109 327/33/108
f 327/33/110 328/1/110 325/1/110
f 328/1/110 327/33/110 329/33/110
f 329/33/111 330/32/112 328/1/111
f 330/32/112 329/33/111 331/32/113
f 334/2/116 333/2/115 332/2/114
f 333/2/115 334/2/116 335/2/117
f 334/2/116 331/32/113 335/2/117
f 331/32/113 334/2/116 330/32/112
f 332/2/114 326/32/109 324/32/107
f 326/32/109 332/2/114 333/2/115
f 330/32/12 325/1/12 328/1/12
f 325/1/12 330/32/12 324/32/12
f 324/32/12 330/32/12 334/2/12
f 324/32/12 334/2/12 332/2/12
f 326/32/9 329/33/9 327/33/9
f 329/33/9 326/32/9 331/32/9
f 331/32/9 326/32/9 333/2/9
f 331/32/9 333/2/9 335/2/9
f 338/1/1 337/1/1 336/1/1
f 337/1/1 338/1/1 339/1/1
f 339/1/1 338/1/1 340/1/1
f 339/1/1 340/1/1 341/1/1
f 344/2/8 343/2/8 342/2/8
f 343/2/8 344/2/8 345/2/8
f 345/2/8 344/2/8 346/2/8
f 345/2/8 346/2/8 347/2/8
f 345/2/118 340/1/119 338/1/118
f 340/1/119 345/2/118 347/2/119
f 340/1/119 346/2/120 341/1/120
f 346/2/120 340/1/119 347/2/119
f 342/2/121 336/1/122 337/1/121
f 336/1/122 342/2/121 343/2/122
f 343/2/122 338/1/118 336/1/122
f 338/1/118 343/2/122 345/2/118
f 344/2/123 337/1/121 339/1/123
f 337/1/121 344/2/123 342/2/121
f 346/2/120 339/1/123 341/1/120
f 339/1/123 346/2/120 344/2/123
f 350/12/58 349/1/36 348/1/58
f 349/1/36 350/12/58 351/12/36
f 348/1/1 353/1/1 352/1/1
f 353/1/1 348/1/1 354/1/1
f 354/1/1 348/1/1 349/1/1
f 354/1/1 349/1/1 355/1/1
f 355/1/1 349/1/1 356/1/1
f 355/1/1 356/1/1 357/1/1
f 350/12/58 352/1/59 358/12/59
f 352/1/59 350/12/58 348/1/58
f 361/13/1 360/13/1 359/13/1
f 360/13/1 361/13/1 362/13/1
f 362/13/1 361/13/1 363/13/1
f 362/13/1 363/13/1 364/13/1
f 364/13/1 363/13/1 365/13/1
f 364/13/1 365/13/1 366/13/1
f 368/12/8 358/12/8 367/12/8
f 358/12/8 368/12/8 350/12/8
f 350/12/8 368/12/8 369/12/8
f 350/12/8 369/12/8 351/12/8
f 351/12/8 369/12/8 370/12/8
f 351/12/8 370/12/8 371/12/8
f 356/1/37 370/12/38 357/1/38
f 370/12/38 356/1/37 371/12/37
f 373/2/58 359/13/59 372/2/59
f 359/13/59 373/2/58 361/13/58
f 367/12/61 354/1/60 368/12/60
f 354/1/60 367/12/61 353/1/61
f 375/2/8 372/2/8 374/2/8
f 372/2/8 375/2/8 373/2/8
f 373/2/8 375/2/8 376/2/8
f 373/2/8 376/2/8 377/2/8
f 377/2/8 376/2/8 378/2/8
f 377/2/8 378/2/8 379/2/8
f 369/12/39 354/1/60 355/1/39
f 354/1/60 369/12/39 368/12/60
f 372/2/59 360/13/61 374/2/61
f 360/13/61 372/2/59 359/13/59
f 373/2/58 363/13/36 361/13/58
f 363/13/36 373/2/58 377/2/36
f 376/2/39 362/13/60 364/13/39
f 362/13/60 376/2/39 375/2/60
f 374/2/61 362/13/60 375/2/60
f 362/13/60 374/2/61 360/13/61
f 358/12/59 353/1/61 367/12/61
f 353/1/61 358/12/59 352/1/59
f 351/12/36 356/1/37 349/1/36
f 356/1/37 351/12/36 371/12/37
f 377/2/36 365/13/37 363/13/36
f 365/13/37 377/2/36 379/2/37
f 365/13/37 378/2/38 366/13/38
f 378/2/38 365/13/37 379/2/37
f 378/2/38 364/13/39 366/13/38
f 364/13/39 378/2/38 376/2/39
f 370/12/38 355/1/39 357/1/38
f 355/1/39 370/12/38 369/12/39
f 382/15/126 381/29/125 380/15/124
f 385/15/129 384/34/128 383/15/127
f 381/29/125 386/35/130 380/15/124
f 389/37/133 388/36/132 387/2/131
f 390/34/136 380/15/135 389/37/134
f 393/2/138 392/38/34 391/36/137
f 386/35/141 395/1/140 394/26/139
f 385/15/129 383/15/143 396/29/142
f 384/34/128 393/2/138 397/37/144
f 382/15/126 380/15/135 390/34/136
f 395/1/140 398/27/27 394/26/139
f 397/37/144 393/2/138 391/36/137
f 387/2/131 388/36/132 399/38/27
f 390/34/136 389/37/133 387/2/131
f 402/35/147 401/26/146 400/1/145
f 396/29/142 402/35/147 400/1/145
f 400/1/145 401/26/146 403/27/34
f 384/34/128 397/37/148 383/15/127
f 381/29/125 395/1/140 386/35/141
f 396/29/142 383/15/143 402/35/149
f 390/34/136 393/2/138 384/34/128
f 393/2/138 390/34/136 387/2/131
f 391/36/151 389/37/150 397/37/150
f 389/37/150 391/36/151 388/36/151
f 388/36/151 391/36/151 392/38/151
f 388/36/151 392/38/151 399/38/151
f 382/15/126 396/29/142 381/29/125
f 396/29/142 382/15/126 385/15/129
f 403/27/152 394/26/152 398/27/152
f 394/26/152 403/27/152 401/26/152
f 394/26/152 401/26/152 402/35/153
f 394/26/152 402/35/153 386/35/153
f 395/1/140 403/27/154 398/27/154
f 403/27/154 395/1/140 400/1/145
f 392/38/155 387/2/131 399/38/155
f 387/2/131 392/38/155 393/2/138
f 390/34/136 385/15/129 382/15/126
f 385/15/129 390/34/136 384/34/128
f 383/15/12 389/37/150 380/15/12
f 389/37/150 383/15/12 397/37/150
f 383/15/12 386/35/153 402/35/153
f 386/35/153 383/15/12 380/15/12
f 395/1/140 396/29/142 400/1/145
f 396/29/142 395/1/140 381/29/125
f 447/15/74 446/15/74 433/22/17
f 432/22/17 433/22/17 446/15/74
f 447/15/74 417/15/8 446/15/74
f 416/15/8 446/15/74 417/15/8
f 421/16/74 420/16/74 429/20/17
f 428/20/17 429/20/17 420/16/74
f 411/2/74 409/2/74 425/19/17
f 424/19/17 425/19/17 409/2/74
f 432/22/34 446/15/34 430/21/34
f 430/21/34 446/15/34 434/21/34
f 434/21/34 446/15/34 445/21/34
f 416/15/34 445/21/34 446/15/34
f 443/14/74 442/14/74 439/23/17
f 438/23/17 439/23/17 442/14/74
f 444/1/34 412/1/34 440/14/34
f 414/3/34 440/14/34 412/1/34
f 440/14/34 414/3/34 442/14/34
f 436/3/34 442/14/34 414/3/34
f 438/23/34 442/14/34 436/3/34
f 443/14/74 441/14/8 442/14/74
f 440/14/8 442/14/74 441/14/8
f 435/21/9 434/21/9 441/14/9
f 440/14/9 441/14/9 434/21/9
f 415/3/1 437/3/22 414/3/1
f 436/3/22 414/3/1 437/3/22
f 439/23/9 438/23/9 437/3/22
f 436/3/22 437/3/22 438/23/9
f 435/21/1 431/21/22 434/21/1
f 430/21/22 434/21/1 431/21/22
f 433/22/9 432/22/9 431/21/22
f 430/21/22 431/21/22 432/22/9
f 419/18/1 427/18/22 418/18/1
f 426/18/22 418/18/1 427/18/22
f 429/20/9 428/20/9 427/18/22
f 426/18/22 427/18/22 428/20/9
f 407/17/1 423/17/22 406/17/1
f 422/17/22 406/17/1 423/17/22
f 425/19/9 424/19/9 423/17/22
f 422/17/22 423/17/22 424/19/9
f 421/16/74 405/16/8 420/16/74
f 404/16/8 420/16/74 405/16/8
f 419/18/9 418/18/9 417/15/9
f 416/15/9 417/15/9 418/18/9
f 415/3/9 414/3/9 413/1/9
f 412/1/9 413/1/9 414/3/9
f 411/2/74 410/2/8 409/2/74
f 408/2/8 409/2/74 410/2/8
f 407/17/9 406/17/9 405/16/9
f 404/16/9 405/16/9 406/17/9
f 450/2/8 449/2/8 448/2/8
f 449/2/8 450/2/8 451/2/8
f 451/2/8 450/2/8 452/2/8
f 451/2/8 452/2/8 453/2/8
f 448/2/52 455/1/53 454/1/52
f 455/1/53 448/2/52 449/2/53
f 450/2/54 454/1/52 456/1/54
f 454/1/52 450/2/54 448/2/52
f 451/2/55 458/1/56 457/1/55
f 458/1/56 451/2/55 453/2/56
f 458/1/56 452/2/57 459/1/57
f 452/2/57 458/1/56 453/2/56
f 449/2/53 457/1/55 455/1/53
f 457/1/55 449/2/53 451/2/55
f 452/2/57 456/1/54 459/1/57
f 456/1/54 452/2/57 450/2/54
f 462/39/34 461/15/34 460/1/34
f 461/15/34 462/39/34 463/40/156
f 463/40/156 464/2/157 461/15/34
f 463/40/156 462/39/34 465/41/158
f 465/41/158 462/39/34 466/1/159
f 469/40/161 468/15/27 467/2/160
f 470/39/27 468/15/27 469/40/161
f 468/15/27 470/39/27 471/1/27
f 470/39/27 469/40/161 472/41/162
f 470/39/27 472/41/162 473/1/163
f 462/39/1 471/1/164 470/39/1
f 471/1/164 462/39/1 460/1/164
f 464/2/165 468/15/12 461/15/12
f 468/15/12 464/2/165 467/2/165
f 467/2/160 463/40/156 469/40/161
f 463/40/156 467/2/160 464/2/157
f 469/40/161 465/41/158 472/41/162
f 465/41/158 469/40/161 463/40/156
f 472/41/162 466/1/159 473/1/163
f 466/1/159 472/41/162 465/41/158
f 461/15/12 471/1/166 460/1/166
f 471/1/166 461/15/12 468/15/12
f 466/1/167 470/39/1 473/1/167
f 470/39/1 466/1/167 462/39/1
f 476/12/58 475/1/36 474/1/58
f 475/1/36 476/12/58 477/12/36
f 474/1/1 479/1/1 478/1/1
f 479/1/1 474/1/1 480/1/1
f 480/1/1 474/1/1 475/1/1
f 480/1/1 475/1/1 481/1/1
f 481/1/1 475/1/1 482/1/1
f 481/1/1 482/1/1 483/1/1
f 476/12/58 478/1/59 484/12/59
f 478/1/59 476/12/58 474/1/58
f 487/13/1 486/13/1 485/13/1
f 486/13/1 487/13/1 488/13/1
f 488/13/1 487/13/1 489/13/1
f 488/13/1 489/13/1 490/13/1
f 490/13/1 489/13/1 491/13/1
f 490/13/1 491/13/1 492/13/1
f 494/12/8 484/12/8 493/12/8
f 484/12/8 494/12/8 476/12/8
f 476/12/8 494/12/8 495/12/8
f 476/12/8 495/12/8 477/12/8
f 477/12/8 495/12/8 496/12/8
f 477/12/8 496/12/8 497/12/8
f 482/1/37 496/12/38 483/1/38
f 496/12/38 482/1/37 497/12/37
f 499/2/58 485/13/59 498/2/59
f 485/13/59 499/2/58 487/13/58
f 493/12/61 480/1/60 494/12/60
f 480/1/60 493/12/61 479/1/61
f 501/2/8 498/2/8 500/2/8
f 498/2/8 501/2/8 499/2/8
f 499/2/8 501/2/8 502/2/8
f 499/2/8 502/2/8 503/2/8
f 503/2/8 502/2/8 504/2/8
f 503/2/8 504/2/8 505/2/8
f 495/12/39 480/1/60 481/1/39
f 480/1/60 495/12/39 494/12/60
f 498/2/59 486/13/61 500/2/61
f 486/13/61 498/2/59 485/13/59
f 499/2/58 489/13/36 487/13/58
f 489/13/36 499/2/58 503/2/36
f 502/2/39 488/13/60 490/13/39
f 488/13/60 502/2/39 501/2/60
f 500/2/61 488/13/60 501/2/60
f 488/13/60 500/2/61 486/13/61
f 484/12/59 479/1/61 493/12/61
f 479/1/61 484/12/59 478/1/59
f 477/12/36 482/1/37 475/1/36
f 482/1/37 477/12/36 497/12/37
f 503/2/36 491/13/37 489/13/36
f 491/13/37 503/2/36 505/2/37
f 491/13/37 504/2/38 492/13/38
f 504/2/38 491/13/37 505/2/37
f 504/2/38 490/13/39 492/13/38
f 490/13/39 504/2/38 502/2/39
f 496/12/38 481/1/39 483/1/38
f 481/1/39 496/12/38 495/12/39
f 508/2/9 507/1/9 506/1/9
f 507/1/9 508/2/9 509/2/9
f 512/1/168 511/2/168 510/1/168
f 511/2/168 512/1/168 513/2/168
f 516/2/8 515/2/8 514/2/8
f 515/2/8 516/2/8 517/2/8
f 517/2/8 513/2/8 515/2/8
f 513/2/8 517/2/8 511/2/8
f 517/2/8 516/2/8 518/2/8
f 519/2/8 518/2/8 516/2/8
f 518/2/8 519/2/8 508/2/8
f 508/2/8 519/2/8 509/2/8
f 509/2/8 519/2/8 520/2/8
f 521/2/8 520/2/8 519/2/8
f 520/2/8 521/2/8 522/2/8
f 522/2/8 521/2/8 523/2/8
f 523/2/8 524/2/8 522/2/8
f 524/2/8 523/2/8 525/2/8
f 413/1/34 517/2/34 526/1/34
f 517/2/34 413/1/34 511/2/34
f 511/2/34 413/1/34 510/1/34
f 524/2/168 528/1/168 527/1/168
f 528/1/168 524/2/168 525/2/168
f 524/2/27 529/1/27 522/2/27
f 529/1/27 524/2/27 231/1/27
f 231/1/27 524/2/27 527/1/27
f 508/2/27 530/1/27 518/2/27
f 530/1/27 508/2/27 506/1/27
f 507/1/34 520/2/34 531/1/34
f 520/2/34 507/1/34 509/2/34
f 534/1/1 533/1/1 532/1/1
f 533/1/1 534/1/1 535/1/1
f 535/1/1 534/1/1 536/1/1
f 535/1/1 536/1/1 537/1/1
f 540/2/8 539/2/8 538/2/8
f 539/2/8 540/2/8 541/2/8
f 541/2/8 540/2/8 542/2/8
f 541/2/8 542/2/8 543/2/8
f 541/2/169 536/1/170 534/1/169
f 536/1/170 541/2/169 543/2/170
f 536/1/170 542/2/171 537/1/171
f 542/2/171 536/1/170 543/2/170
f 538/2/172 532/1/173 533/1/172
f 532/1/173 538/2/172 539/2/173
f 539/2/173 534/1/169 532/1/173
f 534/1/169 539/2/173 541/2/169
f 540/2/174 533/1/172 535/1/174
f 533/1/172 540/2/174 538/2/172
f 542/2/171 535/1/174 537/1/171
f 535/1/174 542/2/171 540/2/174
f 546/2/27 545/1/27 544/2/27
f 545/1/27 546/2/27 547/1/27
f 550/1/34 549/2/34 548/1/34
f 549/2/34 550/1/34 551/2/34
f 546/2/17 550/1/22 547/1/22
f 550/1/22 546/2/17 551/2/17
f 550/1/22 545/1/21 547/1/22
f 545/1/21 550/1/22 548/1/21
f 549/2/16 545/1/21 548/1/21
f 545/1/21 549/2/16 544/2/16
f 549/2/16 546/2/17 544/2/16
f 546/2/17 549/2/16 551/2/17
f 554/2/27 553/1/27 552/2/27
f 553/1/27 554/2/27 555/1/27
f 558/1/34 557/2/34 556/1/34
f 557/2/34 558/1/34 559/2/34
f 554/2/17 558/1/22 555/1/22
f 558/1/22 554/2/17 559/2/17
f 558/1/22 553/1/21 555/1/22
f 553/1/21 558/1/22 556/1/21
f 557/2/16 553/1/21 556/1/21
f 553/1/21 557/2/16 552/2/16
f 557/2/16 554/2/17 552/2/16
f 554/2/17 557/2/16 559/2/17
f 562/43/176 561/42/175 560/42/175
f 561/42/175 562/43/176 563/43/176
f 566/43/177 565/42/20 564/42/20
f 565/42/20 566/43/177 567/43/177
f 570/1/178 569/1/179 568/1/178
f 569/1/179 570/1/178 571/1/179
f 574/2/180 573/2/74 572/2/180
f 573/2/74 574/2/180 575/2/74
f 573/2/74 563/43/176 562/43/176
f 563/43/176 573/2/74 575/2/74
f 574/2/180 567/43/177 566/43/177
f 567/43/177 574/2/180 572/2/180
f 560/42/175 570/1/178 568/1/178
f 570/1/178 560/42/175 561/42/175
f 564/42/20 569/1/179 571/1/179
f 569/1/179 564/42/20 565/42/20
f 572/2/27 565/42/27 567/43/27
f 565/42/27 572/2/27 569/1/27
f 569/1/27 572/2/27 573/2/27
f 569/1/27 573/2/27 568/1/27
f 568/1/27 573/2/27 562/43/27
f 568/1/27 562/43/27 560/42/27
f 571/1/34 566/43/34 564/42/34
f 566/43/34 571/1/34 574/2/34
f 574/2/34 571/1/34 570/1/34
f 574/2/34 570/1/34 575/2/34
f 575/2/34 570/1/34 561/42/34
f 575/2/34 561/42/34 563/43/34
f 578/43/176 577/42/175 576/42/175
f 577/42/175 578/43/176 579/43/176
f 582/43/177 581/42/20 580/42/20
f 581/42/20 582/43/177 583/43/177
f 586/1/178 585/1/179 584/1/178
f 585/1/179 586/1/178 587/1/179
f 590/2/180 589/2/74 588/2/180
f 589/2/74 590/2/180 591/2/74
f 589/2/74 579/43/176 578/43/176
f 579/43/176 589/2/74 591/2/74
f 590/2/180 583/43/177 582/43/177
f 583/43/177 590/2/180 588/2/180
f 576/42/175 586/1/178 584/1/178
f 586/1/178 576/42/175 577/42/175
f 580/42/20 585/1/179 587/1/179
f 585/1/179 580/42/20 581/42/20
f 588/2/27 581/42/27 583/43/27
f 581/42/27 588/2/27 585/1/27
f 585/1/27 588/2/27 589/2/27
f 585/1/27 589/2/27 584/1/27
f 584/1/27 589/2/27 578/43/27
f 584/1/27 578/43/27 576/42/27
f 587/1/34 582/43/34 580/42/34
f 582/43/34 587/1/34 590/2/34
f 590/2/34 587/1/34 586/1/34
f 590/2/34 586/1/34 591/2/34
f 591/2/34 586/1/34 577/42/34
f 591/2/34 577/42/34 579/43/34
f 594/43/176 593/42/175 592/42/175
f 593/42/175 594/43/176 595/43/176
f 598/43/177 597/42/20 596/42/20
f 597/42/20 598/43/177 599/43/177
f 602/1/178 601/1/179 600/1/178
f 601/1/179 602/1/178 603/1/179
f 606/2/180 605/2/74 604/2/180
f 605/2/74 606/2/180 607/2/74
f 605/2/74 595/43/176 594/43/176
f 595/43/176 605/2/74 607/2/74
f 606/2/180 599/43/177 598/43/177
f 599/43/177 606/2/180 604/2/180
f 592/42/175 602/1/178 600/1/178
f 602/1/178 592/42/175 593/42/175
f 596/42/20 601/1/179 603/1/179
f 601/1/179 596/42/20 597/42/20
f 604/2/27 597/42/27 599/43/27
f 597/42/27 604/2/27 601/1/27
f 601/1/27 604/2/27 605/2/27
f 601/1/27 605/2/27 600/1/27
f 600/1/27 605/2/27 594/43/27
f 600/1/27 594/43/27 592/42/27
f 603/1/34 598/43/34 596/42/34
f 598/43/34 603/1/34 606/2/34
f 606/2/34 603/1/34 602/1/34
f 606/2/34 602/1/34 607/2/34
f 607/2/34 602/1/34 593/42/34
f 607/2/34 593/42/34 595/43/34
f 610/43/176 609/42/175 608/42/175
f 609/42/175 610/43/176 611/43/176
f 614/43/177 613/42/20 612/42/20
f 613/42/20 614/43/177 615/43/177
f 618/1/178 617/1/179 616/1/178
f 617/1/179 618/1/178 619/1/179
f 622/2/180 621/2/74 620/2/180
f 621/2/74 622/2/180 623/2/74
f 621/2/74 611/43/176 610/43/176
f 611/43/176 621/2/74 623/2/74
f 622/2/180 615/43/177 614/43/177
f 615/43/177 622/2/180 620/2/180
f 608/42/175 618/1/178 616/1/178
f 618/1/178 608/42/175 609/42/175
f 612/42/20 617/1/179 619/1/179
f 617/1/179 612/42/20 613/42/20
f 620/2/27 613/42/27 615/43/27
f 613/42/27 620/2/27 617/1/27
f 617/1/27 620/2/27 621/2/27
f 617/1/27 621/2/27 616/1/27
f 616/1/27 621/2/27 610/43/27
f 616/1/27 610/43/27 608/42/27
f 619/1/34 614/43/34 612/42/34
f 614/43/34 619/1/34 622/2/34
f 622/2/34 619/1/34 618/1/34
f 622/2/34 618/1/34 623/2/34
f 623/2/34 618/1/34 609/42/34
f 623/2/34 609/42/34 611/43/34
f 626/2/27 625/1/27 624/2/27
f 625/1/27 626/2/27 627/1/27
f 630/1/34 629/2/34 628/1/34
f 629/2/34 630/1/34 631/2/34
f 626/2/17 630/1/22 627/1/22
f 630/1/22 626/2/17 631/2/17
f 630/1/22 625/1/21 627/1/22
f 625/1/21 630/1/22 628/1/21
f 629/2/16 625/1/21 628/1/21
f 625/1/21 629/2/16 624/2/16
f 629/2/16 626/2/17 624/2/16
f 626/2/17 629/2/16 631/2/17
f 634/2/27 633/1/27 632/2/27
f 633/1/27 634/2/27 635/1/27
f 638/1/34 637/2/34 636/1/34
f 637/2/34 638/1/34 639/2/34
f 634/2/17 638/1/22 635/1/22
f 638/1/22 634/2/17 639/2/17
f 638/1/22 633/1/21 635/1/22
f 633/1/21 638/1/22 636/1/21
f 637/2/16 633/1/21 636/1/21
f 633/1/21 637/2/16 632/2/16
f 637/2/16 634/2/17 632/2/16
f 634/2/17 637/2/16 639/2/17
f 642/43/176 641/42/175 640/42/175
f 641/42/175 642/43/176 643/43/176
f 646/43/177 645/42/20 644/42/20
f 645/42/20 646/43/177 647/43/177
f 650/1/178 649/1/179 648/1/178
f 649/1/179 650/1/178 651/1/179
f 654/2/180 653/2/74 652/2/180
f 653/2/74 654/2/180 655/2/74
f 653/2/74 643/43/176 642/43/176
f 643/43/176 653/2/74 655/2/74
f 654/2/180 647/43/177 646/43/177
f 647/43/177 654/2/180 652/2/180
f 640/42/175 650/1/178 648/1/178
f 650/1/178 640/42/175 641/42/175
f 644/42/20 649/1/179 651/1/179
f 649/1/179 644/42/20 645/42/20
f 652/2/27 645/42/27 647/43/27
f 645/42/27 652/2/27 649/1/27
f 649/1/27 652/2/27 653/2/27
f 649/1/27 653/2/27 648/1/27
f 648/1/27 653/2/27 642/43/27
f 648/1/27 642/43/27 640/42/27
f 651/1/34 646/43/34 644/42/34
f 646/43/34 651/1/34 654/2/34
f 654/2/34 651/1/34 650/1/34
f 654/2/34 650/1/34 655/2/34
f 655/2/34 650/1/34 641/42/34
f 655/2/34 641/42/34 643/43/34
f 658/43/176 657/42/175 656/42/175
f 657/42/175 658/43/176 659/43/176
f 662/43/177 661/42/20 660/42/20
f 661/42/20 662/43/177 663/43/177
f 666/1/178 665/1/179 664/1/178
f 665/1/179 666/1/178 667/1/179
f 670/2/180 669/2/74 668/2/180
f 669/2/74 670/2/180 671/2/74
f 669/2/74 659/43/176 658/43/176
f 659/43/176 669/2/74 671/2/74
f 670/2/180 663/43/177 662/43/177
f 663/43/177 670/2/180 668/2/180
f 656/42/175 666/1/178 664/1/178
f 666/1/178 656/42/175 657/42/175
f 660/42/20 665/1/179 667/1/179
f 665/1/179 660/42/20 661/42/20
f 668/2/27 661/42/27 663/43/27
f 661/42/27 668/2/27 665/1/27
f 665/1/27 668/2/27 669/2/27
f 665/1/27 669/2/27 664/1/27
f 664/1/27 669/2/27 658/43/27
f 664/1/27 658/43/27 656/42/27
f 667/1/34 662/43/34 660/42/34
f 662/43/34 667/1/34 670/2/34
f 670/2/34 667/1/34 666/1/34
f 670/2/34 666/1/34 671/2/34
f 671/2/34 666/1/34 657/42/34
f 671/2/34 657/42/34 659/43/34
f 674/43/176 673/42/175 672/42/175
f 673/42/175 674/43/176 675/43/176
f 678/43/177 677/42/20 676/42/20
f 677/42/20 678/43/177 679/43/177
f 682/1/178 681/1/179 680/1/178
f 681/1/179 682/1/178 683/1/179
f 686/2/180 685/2/74 684/2/180
f 685/2/74 686/2/180 687/2/74
f 685/2/74 675/43/176 674/43/176
f 675/43/176 685/2/74 687/2/74
f 686/2/180 679/43/177 678/43/177
f 679/43/177 686/2/180 684/2/180
f 672/42/175 682/1/178 680/1/178
f 682/1/178 672/42/175 673/42/175
f 676/42/20 681/1/179 683/1/179
f 681/1/179 676/42/20 677/42/20
f 684/2/27 677/42/27 679/43/27
f 677/42/27 684/2/27 681/1/27
f 681/1/27 684/2/27 685/2/27
f 681/1/27 685/2/27 680/1/27
f 680/1/27 685/2/27 674/43/27
f 680/1/27 674/43/27 672/42/27
f 683/1/34 678/43/34 676/42/34
f 678/43/34 683/1/34 686/2/34
f 686/2/34 683/1/34 682/1/34
f 686/2/34 682/1/34 687/2/34
f 687/2/34 682/1/34 673/42/34
f 687/2/34 673/42/34 675/43/34
f 690/43/176 689/42/175 688/42/175
f 689/42/175 690/43/176 691/43/176
f 694/43/177 693/42/20 692/42/20
f 693/42/20 694/43/177 695/43/177
f 698/1/178 697/1/179 696/1/178
f 697/1/179 698/1/178 699/1/179
f 702/2/180 701/2/74 700/2/180
f 701/2/74 702/2/180 703/2/74
f 701/2/74 691/43/176 690/43/176
f 691/43/176 701/2/74 703/2/74
f 702/2/180 695/43/177 694/43/177
f 695/43/177 702/2/180 700/2/180
f 688/42/175 698/1/178 696/1/178
f 698/1/178 688/42/175 689/42/175
f 692/42/20 697/1/179 699/1/179
f 697/1/179 692/42/20 693/42/20
f 700/2/27 693/42/27 695/43/27
f 693/42/27 700/2/27 697/1/27
f 697/1/27 700/2/27 701/2/27
f 697/1/27 701/2/27 696/1/27
f 696/1/27 701/2/27 690/43/27
f 696/1/27 690/43/27 688/42/27
f 699/1/34 694/43/34 692/42/34
f 694/43/34 699/1/34 702/2/34
f 702/2/34 699/1/34 698/1/34
f 702/2/34 698/1/34 703/2/34
f 703/2/34 698/1/34 689/42/34
f 703/2/34 689/42/34 691/43/34
f 706/44/36 705/2/37 704/44/37
f 705/2/37 706/44/36 707/2/36
f 704/44/37 709/2/38 708/44/38
f 709/2/38 704/44/37 705/2/37
f 708/44/38 711/2/39 710/44/39
f 711/2/39 708/44/38 709/2/38
f 713/2/58 706/44/36 712/44/58
f 706/44/36 713/2/58 707/2/36
f 716/2/8 715/2/8 714/2/8
f 715/2/8 716/2/8 713/2/8
f 713/2/8 716/2/8 717/2/8
f 717/2/8 716/2/8 711/2/8
f 718/2/8 713/2/8 717/2/8
f 717/2/8 711/2/8 719/2/8
f 713/2/8 718/2/8 707/2/8
f 719/2/8 711/2/8 720/2/8
f 707/2/8 718/2/8 720/2/8
f 707/2/8 720/2/8 711/2/8
f 707/2/8 711/2/8 709/2/8
f 707/2/8 709/2/8 705/2/8
f 714/2/61 721/44/60 716/2/60
f 721/44/60 714/2/61 722/44/61
f 711/2/39 721/44/60 710/44/39
f 721/44/60 711/2/39 716/2/60
f 715/2/59 722/44/61 714/2/61
f 722/44/61 715/2/59 723/44/59
f 713/2/58 723/44/59 715/2/59
f 723/44/59 713/2/58 712/44/58
f 724/44/8 723/44/8 712/44/8
f 724/44/8 712/44/8 706/44/8
f 725/44/8 723/44/8 724/44/8
f 724/44/8 706/44/8 726/44/8
f 723/44/8 725/44/8 722/44/8
f 726/44/8 706/44/8 727/44/8
f 728/44/8 722/44/8 725/44/8
f 727/44/8 706/44/8 704/44/8
f 722/44/8 728/44/8 721/44/8
f 727/44/8 704/44/8 729/44/8
f 721/44/8 728/44/8 729/44/8
f 708/44/8 729/44/8 704/44/8
f 721/44/8 729/44/8 710/44/8
f 710/44/8 729/44/8 708/44/8
f 732/46/183 731/2/182 730/45/181
f 730/45/181 733/47/184 732/46/183
f 736/45/187 735/46/186 734/47/185
f 736/45/187 737/2/188 735/46/186
f 740/47/190 739/46/189 738/46/189
f 739/46/189 740/47/190 741/47/190
f 739/46/192 743/2/191 742/2/191
f 743/2/191 739/46/192 744/46/193
f 735/46/193 743/2/191 744/46/193
f 743/2/191 735/46/193 737/2/191
f 746/47/195 745/48/34 740/47/194
f 745/48/34 746/47/195 747/1/34
f 748/1/34 745/48/34 747/1/34
f 745/48/34 748/1/34 749/49/34
f 747/1/34 746/47/195 750/1/34
f 750/1/34 746/47/195 751/48/34
f 733/47/195 751/48/34 746/47/195
f 751/48/34 733/47/195 727/48/34
f 752/47/197 739/46/192 741/47/196
f 739/46/192 752/47/197 744/46/193
f 734/47/197 744/46/193 752/47/197
f 744/46/193 734/47/197 735/46/193
f 738/46/189 742/2/12 753/2/12
f 742/2/12 738/46/189 739/46/189
f 736/45/198 731/2/198 737/2/198
f 731/2/198 736/45/198 730/45/198
f 724/48/9 730/45/9 736/45/9
f 730/45/9 724/48/9 726/48/9
f 730/45/181 727/48/199 733/47/184
f 727/48/199 730/45/181 726/48/199
f 748/1/12 754/49/200 749/49/200
f 754/49/200 748/1/12 755/1/12
f 755/1/12 748/1/12 756/1/12
f 755/1/12 756/1/12 757/1/12
f 749/49/200 758/48/201 745/48/201
f 758/48/201 749/49/200 754/49/200
f 745/48/12 741/47/190 740/47/190
f 741/47/190 745/48/12 758/48/12
f 724/48/202 734/47/185 725/48/202
f 734/47/185 724/48/202 736/45/187
f 759/1/27 754/49/27 755/1/27
f 754/49/27 759/1/27 758/48/27
f 758/48/27 759/1/27 741/47/196
f 741/47/196 759/1/27 752/47/197
f 752/47/197 759/1/27 760/1/27
f 752/47/197 760/1/27 761/48/27
f 725/48/27 752/47/197 761/48/27
f 752/47/197 725/48/27 734/47/197
f 753/2/205 762/46/204 738/46/203
f 762/46/204 753/2/205 763/2/205
f 731/2/205 762/46/204 763/2/205
f 762/46/204 731/2/205 732/46/204
f 742/2/1 763/2/1 753/2/1
f 763/2/1 742/2/1 743/2/1
f 737/2/1 763/2/1 743/2/1
f 763/2/1 737/2/1 731/2/1
f 738/46/203 746/47/195 740/47/194
f 746/47/195 738/46/203 762/46/204
f 732/46/204 746/47/195 762/46/204
f 746/47/195 732/46/204 733/47/195
f 766/50/12 765/14/12 764/14/12
f 765/14/12 766/50/12 767/50/12
f 768/50/12 767/50/12 766/50/12
f 769/50/12 767/50/12 768/50/12
f 769/50/12 770/51/12 767/50/12
f 769/50/12 768/50/12 771/14/12
f 771/14/12 768/50/12 772/14/12
f 773/51/12 770/51/12 769/50/12
f 773/51/12 774/16/12 770/51/12
f 774/16/12 773/51/12 775/16/12
f 776/14/27 769/50/197 771/14/27
f 769/50/197 776/14/27 777/50/197
f 778/50/195 765/14/34 767/50/195
f 765/14/34 778/50/195 779/14/34
f 780/51/204 767/50/195 770/51/204
f 767/50/195 780/51/204 778/50/195
f 780/51/204 774/16/206 781/16/206
f 774/16/206 780/51/204 770/51/204
f 781/16/206 775/16/207 782/16/207
f 775/16/207 781/16/206 774/16/206
f 782/16/207 773/51/193 783/51/193
f 773/51/193 782/16/207 775/16/207
f 777/50/197 773/51/193 769/50/197
f 773/51/193 777/50/197 783/51/193
f 785/50/9 776/14/9 784/14/9
f 776/14/9 785/50/9 777/50/9
f 778/50/9 777/50/9 785/50/9
f 778/50/9 785/50/9 786/50/9
f 778/50/9 786/50/9 787/14/9
f 778/50/9 787/14/9 779/14/9
f 780/51/9 777/50/9 778/50/9
f 780/51/9 783/51/9 777/50/9
f 781/16/9 783/51/9 780/51/9
f 783/51/9 781/16/9 782/16/9
f 790/53/27 789/14/27 788/52/27
f 789/14/27 790/53/27 791/14/27
f 791/14/27 790/53/27 792/16/27
f 791/14/27 792/16/27 793/16/27
f 796/14/34 795/52/34 794/14/34
f 795/52/34 796/14/34 797/53/34
f 797/53/34 796/14/34 798/16/34
f 798/16/34 796/14/34 799/16/34
f 797/53/16 800/52/208 795/52/208
f 800/52/208 797/53/16 801/53/16
f 801/53/27 802/14/27 800/52/27
f 802/14/27 801/53/27 803/14/209
f 803/14/209 801/53/27 804/16/27
f 803/14/209 804/16/27 805/16/209
f 808/16/210 807/14/211 806/14/210
f 807/14/211 808/16/210 809/16/211
f 795/52/208 802/14/12 794/14/12
f 802/14/12 795/52/208 800/52/208
f 808/16/210 803/14/209 805/16/209
f 803/14/209 808/16/210 806/14/210
f 797/53/16 804/16/212 801/53/16
f 804/16/212 797/53/16 798/16/212
f 812/14/214 811/16/213 810/14/213
f 811/16/213 812/14/214 813/16/214
f 815/16/215 812/14/214 814/14/215
f 812/14/214 815/16/215 813/16/214
f 816/53/16 792/16/212 790/53/16
f 792/16/212 816/53/16 817/16/212
f 816/53/16 788/52/208 818/52/208
f 788/52/208 816/53/16 790/53/16
f 810/14/213 818/52/34 819/14/34
f 818/52/34 810/14/213 816/53/34
f 816/53/34 810/14/213 817/16/34
f 817/16/34 810/14/213 811/16/213
f 809/16/211 820/14/9 807/14/211
f 820/14/9 809/16/211 821/14/9
f 815/16/215 821/14/9 809/16/211
f 821/14/9 815/16/215 814/14/215
f 822/14/9 820/14/9 821/14/9
f 822/14/9 823/14/9 820/14/9
f 824/14/9 823/14/9 822/14/9
f 824/14/9 825/14/9 823/14/9
f 826/14/9 825/14/9 824/14/9
f 825/14/9 826/14/9 827/14/9
f 818/52/208 789/14/12 819/14/12
f 789/14/12 818/52/208 788/52/208
f 817/16/212 793/16/8 792/16/212
f 793/16/8 817/16/212 815/16/8
f 815/16/8 799/16/8 793/16/8
f 815/16/8 817/16/212 813/16/8
f 813/16/8 817/16/212 811/16/8
f 809/16/8 799/16/8 815/16/8
f 809/16/8 798/16/212 799/16/8
f 808/16/8 798/16/212 809/16/8
f 805/16/8 798/16/212 808/16/8
f 798/16/212 805/16/8 804/16/212
f 819/14/1 812/14/1 810/14/1
f 819/14/1 814/14/1 812/14/1
f 819/14/1 821/14/1 814/14/1
f 789/14/1 821/14/1 819/14/1
f 791/14/1 821/14/1 789/14/1
f 791/14/1 820/14/1 821/14/1
f 796/14/1 820/14/1 791/14/1
f 820/14/1 796/14/1 807/14/1
f 794/14/1 807/14/1 796/14/1
f 794/14/1 806/14/1 807/14/1
f 802/14/1 806/14/1 794/14/1
f 806/14/1 802/14/1 803/14/1
f 793/16/12 796/14/12 791/14/12
f 796/14/12 793/16/12 799/16/12
f 830/14/34 829/54/34 828/14/34
f 829/54/34 830/14/34 831/15/34
f 831/15/34 830/14/34 832/15/34
f 832/15/34 830/14/34 833/14/34
f 832/15/34 833/14/34 834/14/34
f 832/15/34 834/14/34 835/14/34
f 835/14/34 834/14/34 836/14/34
f 830/14/34 837/14/34 833/14/34
f 833/14/34 837/14/34 838/14/34
f 839/14/34 838/14/34 837/14/34
f 840/14/34 837/14/34 830/14/34
f 840/14/34 841/14/34 837/14/34
f 841/14/34 840/14/34 842/14/34
f 834/14/34 843/14/34 836/14/34
f 836/14/34 843/14/34 844/14/34
f 834/14/34 845/14/34 843/14/34
f 846/14/34 845/14/34 834/14/34
f 845/14/34 846/14/34 847/14/34
f 829/54/177 848/14/12 828/14/12
f 848/14/12 829/54/177 849/54/177
f 850/15/27 848/14/27 849/54/27
f 848/14/27 850/15/27 851/14/27
f 851/14/27 850/15/27 852/15/27
f 831/15/180 849/54/177 829/54/177
f 849/54/177 831/15/180 850/15/180
f 855/14/1 854/14/1 853/14/1
f 854/14/1 855/14/1 856/14/1
f 856/14/1 855/14/1 857/14/1
f 858/14/1 857/14/1 855/14/1
f 857/14/1 858/14/1 859/14/1
f 858/14/1 855/14/1 860/14/1
f 860/14/1 855/14/1 861/14/1
f 860/14/1 861/14/1 862/14/1
f 862/14/1 861/14/1 863/14/1
f 862/14/1 863/14/1 864/14/1
f 862/14/1 864/14/1 865/14/1
f 862/14/1 865/14/1 866/14/1
f 862/14/1 866/14/1 867/14/1
f 862/14/1 867/14/1 868/14/1
f 868/14/1 867/14/1 851/14/1
f 851/14/1 867/14/1 835/14/1
f 851/14/1 835/14/1 828/14/1
f 828/14/1 848/14/1 851/14/1
f 828/14/1 835/14/1 830/14/1
f 830/14/1 835/14/1 834/14/1
f 830/14/1 834/14/1 833/14/1
f 869/54/177 859/14/12 858/14/12
f 859/14/12 869/54/177 870/54/177
f 871/15/180 870/54/177 869/54/177
f 870/54/177 871/15/180 872/15/180
f 860/14/34 869/54/34 858/14/34
f 869/54/34 860/14/34 871/15/34
f 871/15/34 860/14/34 873/55/34
f 871/15/34 873/55/34 874/15/34
f 873/55/34 860/14/34 875/15/34
f 875/15/34 860/14/34 876/15/34
f 872/15/27 859/14/27 870/54/27
f 859/14/27 872/15/27 857/14/27
f 857/14/27 872/15/27 877/15/27
f 857/14/27 877/15/27 856/14/27
f 856/14/27 877/15/27 878/55/27
f 856/14/27 879/14/27 857/14/27
f 879/14/27 856/14/27 880/14/27
f 880/14/27 881/14/27 879/14/27
f 880/14/27 856/14/27 882/14/27
f 882/14/27 856/14/27 883/14/27
f 882/14/27 883/14/27 884/14/27
f 856/14/27 878/55/27 854/14/27
f 854/14/27 878/55/27 885/15/27
f 854/14/27 885/15/27 853/14/27
f 853/14/27 885/15/27 886/15/27
f 853/14/27 886/15/27 855/14/27
f 887/14/27 854/14/27 853/14/27
f 887/14/27 888/14/27 854/14/27
f 888/14/27 887/14/27 889/14/27
f 887/14/27 853/14/27 890/14/27
f 890/14/27 891/14/27 887/14/27
f 891/14/27 890/14/27 892/14/27
f 871/15/180 877/15/8 872/15/180
f 877/15/8 871/15/180 874/15/8
f 893/15/202 855/14/202 886/15/202
f 855/14/202 893/15/202 861/14/202
f 861/14/202 893/15/202 894/16/202
f 861/14/202 894/16/202 895/16/202
f 861/14/202 895/16/202 896/56/202
f 861/14/202 896/56/202 863/14/202
f 863/14/202 896/56/202 897/16/202
f 863/14/202 897/16/202 864/14/202
f 898/14/202 861/14/202 863/14/202
f 864/14/202 897/16/202 899/16/216
f 900/14/202 861/14/202 898/14/202
f 901/14/202 900/14/202 898/14/202
f 900/14/202 902/14/202 861/14/202
f 903/14/202 902/14/202 900/14/202
f 902/14/202 903/14/202 904/14/202
f 864/14/202 899/16/216 865/14/202
f 865/14/202 899/16/216 866/14/216
f 905/14/202 864/14/202 865/14/202
f 906/14/202 864/14/202 905/14/202
f 907/14/202 906/14/202 905/14/202
f 906/14/202 908/14/202 864/14/202
f 909/14/202 908/14/202 906/14/202
f 908/14/202 909/14/202 910/14/202
f 862/14/217 876/15/217 860/14/217
f 876/15/217 862/14/217 911/15/217
f 911/15/217 862/14/217 912/16/217
f 912/16/217 862/14/217 913/16/217
f 913/16/217 862/14/217 914/56/217
f 914/56/217 862/14/217 915/16/217
f 915/16/217 862/14/217 916/16/217
f 917/16/12 862/14/12 868/14/12
f 862/14/12 917/16/12 916/16/12
f 918/15/218 851/14/218 852/15/218
f 851/14/218 918/15/218 868/14/218
f 868/14/218 918/15/218 919/16/218
f 868/14/218 919/16/218 917/16/218
f 899/16/216 867/14/219 866/14/216
f 867/14/219 899/16/216 920/16/219
f 867/14/219 832/15/199 835/14/199
f 832/15/199 867/14/219 921/15/199
f 921/15/199 867/14/219 922/16/199
f 922/16/199 867/14/219 920/16/219
f 918/15/220 922/16/220 919/16/220
f 922/16/220 918/15/220 921/15/220
f 831/15/180 852/15/8 850/15/180
f 832/15/8 852/15/8 831/15/180
f 921/15/220 852/15/8 832/15/8
f 852/15/8 921/15/220 918/15/220
f 912/16/221 895/16/8 894/16/221
f 895/16/8 912/16/221 913/16/8
f 911/15/221 894/16/221 893/15/221
f 894/16/221 911/15/221 912/16/221
f 873/55/8 885/15/222 878/55/8
f 885/15/222 873/55/8 875/15/222
f 874/15/223 878/55/8 877/15/223
f 878/55/8 874/15/223 873/55/8
f 875/15/8 886/15/8 885/15/8
f 886/15/8 875/15/8 876/15/8
f 886/15/8 876/15/8 893/15/221
f 893/15/221 876/15/8 911/15/221
f 914/56/8 897/16/224 896/56/8
f 897/16/224 914/56/8 915/16/224
f 913/16/225 896/56/8 895/16/225
f 896/56/8 913/16/225 914/56/8
f 915/16/8 899/16/8 897/16/8
f 899/16/8 915/16/8 916/16/8
f 899/16/8 916/16/8 920/16/8
f 920/16/8 916/16/8 917/16/8
f 920/16/8 917/16/8 919/16/220
f 920/16/8 919/16/220 922/16/220
f 925/57/227 924/16/226 923/57/226
f 924/16/226 925/57/227 926/16/227
f 929/59/228 928/58/168 927/58/168
f 928/58/168 929/59/228 930/59/228
f 933/16/229 932/57/230 931/57/229
f 932/57/230 933/16/229 934/16/230
f 937/58/74 936/60/176 935/58/74
f 936/60/176 937/58/74 938/60/176
f 941/59/228 940/58/168 939/58/168
f 940/58/168 941/59/228 942/59/228
f 943/16/231 932/57/230 934/16/230
f 932/57/230 943/16/231 944/57/231
f 946/61/232 941/59/228 945/61/232
f 941/59/228 946/61/232 942/59/228
f 936/60/176 948/14/9 947/14/9
f 948/14/9 936/60/176 938/60/176
f 928/58/8 935/58/74 927/58/8
f 935/58/74 928/58/8 937/58/74
f 950/61/232 929/59/228 949/61/232
f 929/59/228 950/61/232 930/59/228
f 951/61/8 946/61/232 945/61/232
f 946/61/232 951/61/8 952/61/8
f 924/16/226 953/57/233 923/57/226
f 953/57/233 924/16/226 954/16/233
f 957/60/176 956/14/9 955/14/9
f 956/14/9 957/60/176 958/60/176
f 940/58/8 959/58/74 939/58/8
f 959/58/74 940/58/8 960/58/74
f 960/58/74 957/60/176 959/58/74
f 957/60/176 960/58/74 958/60/176
f 963/61/9 962/16/9 961/16/9
f 963/61/9 964/57/9 962/16/9
f 964/57/9 963/61/9 965/57/9
f 966/61/9 965/57/9 963/61/9
f 965/57/9 966/61/9 967/16/9
f 967/16/9 966/61/9 968/16/9
f 969/16/27 965/57/27 967/16/27
f 965/57/27 969/16/27 970/57/27
f 970/57/27 969/16/27 971/61/27
f 970/57/27 971/61/27 972/57/27
f 972/57/27 971/61/27 949/61/27
f 972/57/27 949/61/27 973/14/27
f 973/14/27 949/61/27 929/59/27
f 973/14/27 929/59/27 927/58/27
f 973/14/27 927/58/27 947/14/27
f 947/14/27 927/58/27 935/58/27
f 947/14/27 935/58/27 936/60/27
f 956/14/1 974/14/1 955/14/1
f 974/14/1 956/14/1 975/14/1
f 976/57/234 974/14/234 975/14/234
f 974/14/234 976/57/234 977/57/234
f 978/57/1 970/57/1 972/57/1
f 970/57/1 978/57/1 965/57/1
f 965/57/1 978/57/1 923/57/1
f 953/57/1 965/57/1 923/57/1
f 931/57/1 965/57/1 953/57/1
f 931/57/1 964/57/1 965/57/1
f 923/57/1 978/57/1 925/57/1
f 925/57/1 978/57/1 979/57/1
f 925/57/1 979/57/1 980/57/1
f 925/57/1 980/57/1 981/57/1
f 932/57/1 964/57/1 931/57/1
f 932/57/1 982/57/1 964/57/1
f 932/57/1 976/57/1 982/57/1
f 944/57/1 976/57/1 932/57/1
f 983/57/1 976/57/1 944/57/1
f 984/57/1 976/57/1 983/57/1
f 985/57/1 976/57/1 984/57/1
f 986/57/1 976/57/1 985/57/1
f 976/57/1 986/57/1 977/57/1
f 948/14/1 973/14/1 947/14/1
f 973/14/1 948/14/1 987/14/1
f 978/57/234 973/14/234 987/14/234
f 973/14/234 978/57/234 972/57/234
f 989/61/8 963/61/8 988/61/8
f 963/61/8 989/61/8 966/61/8
f 961/16/8 933/16/8 990/16/8
f 962/16/8 933/16/8 961/16/8
f 933/16/8 962/16/8 934/16/8
f 991/16/8 934/16/8 962/16/8
f 992/16/8 934/16/8 991/16/8
f 934/16/8 992/16/8 943/16/8
f 994/61/9 991/16/9 993/61/9
f 991/16/9 994/61/9 992/16/9
f 963/61/34 990/16/34 988/61/34
f 990/16/34 963/61/34 961/16/34
f 995/61/8 949/61/232 971/61/8
f 949/61/232 995/61/8 950/61/232
f 954/16/8 968/16/8 996/16/8
f 968/16/8 954/16/8 967/16/8
f 967/16/8 954/16/8 924/16/8
f 967/16/8 924/16/8 969/16/8
f 969/16/8 924/16/8 997/16/8
f 997/16/8 924/16/8 926/16/8
f 969/16/9 995/61/9 971/61/9
f 995/61/9 969/16/9 997/16/9
f 937/58/34 948/14/34 938/60/34
f 928/58/34 948/14/34 937/58/34
f 928/58/34 987/14/34 948/14/34
f 930/59/34 987/14/34 928/58/34
f 950/61/34 987/14/34 930/59/34
f 950/61/34 978/57/34 987/14/34
f 950/61/34 979/57/34 978/57/34
f 950/61/34 980/57/34 979/57/34
f 979/57/34 980/57/34 998/62/34
f 995/61/34 980/57/34 950/61/34
f 980/57/34 999/63/34 998/62/34
f 998/62/34 999/63/34 1000/64/34
f 980/57/34 1001/63/34 999/63/34
f 1002/62/34 1001/63/34 980/57/34
f 1001/63/34 1002/62/34 1003/64/34
f 980/57/34 995/61/34 981/57/34
f 997/16/34 981/57/34 995/61/34
f 926/16/227 981/57/34 997/16/34
f 981/57/34 926/16/227 925/57/227
f 925/57/34 1004/65/34 981/57/34
f 981/57/34 1004/65/34 1005/66/34
f 1006/67/34 1005/66/34 1004/65/34
f 1007/66/34 1004/65/34 925/57/34
f 1007/66/34 1008/65/34 1004/65/34
f 1008/65/34 1007/66/34 1009/67/34
f 968/16/27 989/61/27 996/16/27
f 989/61/27 968/16/27 966/61/27
f 989/61/12 954/16/233 996/16/12
f 989/61/12 953/57/233 954/16/233
f 953/57/233 989/61/12 931/57/229
f 988/61/12 931/57/229 989/61/12
f 931/57/229 988/61/12 933/16/229
f 933/16/229 988/61/12 990/16/12
f 1012/61/223 1011/68/8 1010/61/223
f 1011/68/8 1012/61/223 1013/68/8
f 1013/68/8 951/61/222 1011/68/8
f 951/61/222 1013/68/8 952/61/222
f 992/16/27 944/57/231 943/16/231
f 944/57/231 992/16/27 994/61/27
f 944/57/231 994/61/27 983/57/27
f 983/57/27 994/61/27 1011/68/27
f 1011/68/27 994/61/27 1010/61/27
f 983/57/27 1011/68/27 951/61/27
f 983/57/27 951/61/27 945/61/27
f 983/57/27 945/61/27 984/57/27
f 984/57/27 1014/66/27 983/57/27
f 1014/66/27 984/57/27 1015/65/27
f 1015/65/27 1016/67/27 1014/66/27
f 1015/65/27 984/57/27 1017/65/27
f 1017/65/27 984/57/27 1018/66/27
f 1017/65/27 1018/66/27 1019/67/27
f 984/57/27 945/61/27 985/57/27
f 985/57/27 945/61/27 986/57/27
f 986/57/27 945/61/27 977/57/27
f 977/57/27 945/61/27 974/14/27
f 974/14/27 945/61/27 941/59/27
f 974/14/27 941/59/27 939/58/27
f 974/14/27 939/58/27 955/14/27
f 955/14/27 939/58/27 959/58/27
f 955/14/27 959/58/27 957/60/27
f 1020/63/27 985/57/27 986/57/27
f 1020/63/27 1021/62/27 985/57/27
f 1021/62/27 1020/63/27 1022/64/27
f 1020/63/27 986/57/27 1023/62/27
f 1023/62/27 1024/63/27 1020/63/27
f 1024/63/27 1023/62/27 1025/64/27
f 993/61/8 1010/61/8 994/61/8
f 1010/61/8 993/61/8 1012/61/8
f 993/61/34 1013/68/34 1012/61/34
f 982/57/34 1013/68/34 993/61/34
f 991/16/34 982/57/34 993/61/34
f 962/16/34 982/57/34 991/16/34
f 982/57/34 962/16/34 964/57/34
f 1013/68/34 982/57/34 976/57/34
f 1013/68/34 976/57/34 952/61/34
f 952/61/34 976/57/34 946/61/34
f 946/61/34 976/57/34 975/14/34
f 946/61/34 975/14/34 942/59/34
f 942/59/34 975/14/34 940/58/34
f 940/58/34 975/14/34 956/14/34
f 940/58/34 956/14/34 960/58/34
f 960/58/34 956/14/34 958/60/34
f 1028/14/36 1027/16/37 1026/14/37
f 1027/16/37 1028/14/36 1029/16/36
f 1028/14/1 1031/14/1 1030/14/1
f 1032/14/1 1031/14/1 1028/14/1
f 1032/14/1 1028/14/1 1026/14/1
f 1032/14/1 1026/14/1 1033/14/1
f 1032/14/1 1034/14/1 1031/14/1
f 1035/14/1 1034/14/1 1032/14/1
f 1035/14/1 1036/14/1 1034/14/1
f 1035/14/1 1037/14/1 1036/14/1
f 1038/14/1 1037/14/1 1035/14/1
f 1037/14/1 1038/14/1 1039/14/1
f 1042/16/8 1041/16/8 1040/16/8
f 1041/16/8 1042/16/8 1043/16/8
f 1043/16/8 1042/16/8 1044/16/8
f 1045/16/8 1043/16/8 1044/16/8
f 1044/16/8 1042/16/8 1046/16/8
f 1044/16/8 1046/16/8 1047/16/8
f 1047/16/8 1046/16/8 1048/16/8
f 1048/16/8 1046/16/8 1029/16/8
f 1029/16/8 1046/16/8 1049/16/8
f 1029/16/8 1049/16/8 1027/16/8
f 1026/14/37 1049/16/38 1033/14/38
f 1049/16/38 1026/14/37 1027/16/37
f 1043/16/58 1036/14/9 1037/14/58
f 1036/14/9 1043/16/58 1045/16/9
f 1043/16/58 1039/14/59 1041/16/59
f 1039/14/59 1043/16/58 1037/14/58
f 1040/16/61 1035/14/60 1042/16/60
f 1035/14/60 1040/16/61 1038/14/61
f 1041/16/59 1038/14/61 1040/16/61
f 1038/14/61 1041/16/59 1039/14/59
f 1032/14/39 1042/16/60 1035/14/60
f 1042/16/60 1032/14/39 1046/16/39
f 1033/14/38 1046/16/39 1032/14/39
f 1046/16/39 1033/14/38 1049/16/38
f 1048/16/9 1028/14/36 1030/14/9
f 1028/14/36 1048/16/9 1029/16/36
f 46/71/27 50/70/27 48/69/27
f 50/70/27 46/71/27 37/70/27
f 37/70/27 46/71/27 44/72/27
f 37/70/27 44/72/27 41/71/27
f 37/70/27 41/71/27 39/69/27
f 86/70/34 77/69/34 85/70/34
f 77/69/34 86/70/34 74/71/34
f 74/71/34 86/70/34 73/72/34
f 73/72/34 86/70/34 108/71/34
f 108/71/34 86/70/34 98/69/34
f 140/71/51 144/73/51 142/69/51
f 144/73/51 140/71/51 131/73/51
f 131/73/51 140/71/51 138/72/51
f 131/73/51 138/72/51 135/71/51
f 131/73/51 135/71/51 133/69/51
f 1051/74/34 717/75/34 1050/74/34
f 717/75/34 1051/74/34 718/75/34
f 720/75/27 1052/74/27 719/75/27
f 1052/74/27 720/75/27 1053/74/27
f 1052/74/8 1051/74/8 1050/74/8
f 1051/74/8 1052/74/8 1053/74/8
f 720/75/12 1051/74/12 1053/74/12
f 1051/74/12 720/75/12 718/75/12
f 717/75/9 1052/74/9 1050/74/9
f 1052/74/9 717/75/9 719/75/9

g ship-small-ghost




usemtl colormap

f 3/1/1 2/1/1 1/1/1
f 2/1/1 3/1/1 4/1/1
f 4/1/1 3/1/1 5/1/1
f 4/1/1 5/1/1 6/1/1
f 8/2/3 2/1/2 7/2/2
f 2/1/2 8/2/3 1/1/3
f 9/2/4 2/1/2 4/1/4
f 2/1/2 9/2/4 7/2/2
f 6/1/5 11/2/6 10/2/5
f 11/2/6 6/1/5 5/1/6
f 12/2/7 5/1/6 3/1/7
f 5/1/6 12/2/7 11/2/6
f 10/2/5 4/1/4 6/1/5
f 4/1/4 10/2/5 9/2/4
f 8/2/3 3/1/7 1/1/3
f 3/1/7 8/2/3 12/2/7
f 15/3/8 14/3/8 13/3/8
f 14/3/8 15/3/8 16/3/8
f 16/3/8 15/3/8 17/3/8
f 16/3/8 17/3/8 18/3/8
f 19/2/9 17/3/10 15/3/9
f 17/3/10 19/2/9 20/2/10
f 21/2/11 17/3/10 20/2/10
f 17/3/10 21/2/11 18/3/11
f 21/2/11 16/3/12 18/3/11
f 16/3/12 21/2/11 22/2/12
f 22/2/12 14/3/13 16/3/12
f 14/3/13 22/2/12 23/2/13
f 14/3/13 24/2/14 13/3/14
f 24/2/14 14/3/13 23/2/13
f 24/2/14 15/3/9 13/3/14
f 15/3/9 24/2/14 19/2/9
f 12/2/8 21/2/8 11/2/8
f 11/2/8 21/2/8 10/2/8
f 12/2/8 22/2/8 21/2/8
f 20/2/8 10/2/8 21/2/8
f 12/2/8 23/2/8 22/2/8
f 8/2/8 23/2/8 12/2/8
f 20/2/8 9/2/8 10/2/8
f 19/2/8 9/2/8 20/2/8
f 23/2/8 8/2/8 24/2/8
f 24/2/8 9/2/8 19/2/8
f 7/2/8 24/2/8 8/2/8
f 24/2/8 7/2/8 9/2/8
f 27/5/16 26/4/15 25/4/15
f 26/4/15 27/5/16 28/5/16
f 27/5/16 29/2/8 28/5/16
f 29/2/8 27/5/16 30/2/8
f 30/2/8 31/5/17 29/2/8
f 31/5/17 30/2/8 32/5/17
f 31/5/17 34/4/18 33/4/18
f 34/4/18 31/5/17 32/5/17
f 33/4/18 36/6/19 35/6/19
f 36/6/19 33/4/18 34/4/18
f 39/8/12 38/7/12 37/7/12
f 38/7/12 39/8/12 40/8/12
f 41/9/21 40/8/20 39/8/20
f 40/8/20 41/9/21 42/9/21
f 41/9/21 43/10/1 42/9/21
f 43/10/1 41/9/21 44/10/1
f 44/10/1 45/9/22 43/10/1
f 45/9/22 44/10/1 46/9/22
f 45/9/22 48/8/23 47/8/23
f 48/8/23 45/9/22 46/9/22
f 47/8/9 50/7/9 49/7/9
f 50/7/9 47/8/9 48/8/9
f 50/7/8 38/7/8 49/7/8
f 38/7/8 50/7/8 37/7/8
f 25/4/15 52/6/24 51/6/24
f 52/6/24 25/4/15 26/4/15
f 55/1/25 54/1/26 53/1/25
f 54/1/26 55/1/25 56/1/26
f 56/1/26 57/11/21 54/1/26
f 57/11/21 56/1/26 58/11/21
f 51/6/24 57/11/21 58/11/21
f 57/11/21 51/6/24 52/6/24
f 35/6/19 60/11/22 59/11/22
f 60/11/22 35/6/19 36/6/19
f 60/11/22 53/1/25 59/11/22
f 53/1/25 60/11/22 55/1/25
f 28/5/27 52/6/27 26/4/27
f 52/6/27 28/5/27 57/11/27
f 57/11/27 28/5/27 54/1/27
f 54/1/27 28/5/27 49/7/27
f 54/1/27 49/7/27 53/1/27
f 49/7/27 28/5/27 47/8/27
f 28/5/27 45/9/27 47/8/27
f 45/9/27 28/5/27 29/2/27
f 45/9/27 29/2/27 43/10/27
f 43/10/27 29/2/27 31/5/27
f 43/10/27 31/5/27 42/9/27
f 42/9/27 31/5/27 40/8/27
f 40/8/27 31/5/27 38/7/27
f 53/1/27 49/7/27 38/7/27
f 53/1/27 38/7/27 31/5/27
f 53/1/27 31/5/27 33/4/27
f 53/1/27 33/4/27 59/11/27
f 59/11/27 33/4/27 35/6/27
f 63/1/1 62/1/1 61/1/1
f 62/1/1 63/1/1 64/1/1
f 64/1/1 63/1/1 65/1/1
f 64/1/1 65/1/1 66/1/1
f 67/2/28 65/1/29 63/1/28
f 65/1/29 67/2/28 68/2/29
f 65/1/29 69/2/30 66/1/30
f 69/2/30 65/1/29 68/2/29
f 70/2/31 61/1/32 62/1/31
f 61/1/32 70/2/31 71/2/32
f 71/2/32 63/1/28 61/1/32
f 63/1/28 71/2/32 67/2/28
f 72/2/33 62/1/31 64/1/33
f 62/1/31 72/2/33 70/2/31
f 69/2/30 64/1/33 66/1/30
f 64/1/33 69/2/30 72/2/33
f 72/2/8 71/2/8 70/2/8
f 71/2/8 72/2/8 67/2/8
f 67/2/8 72/2/8 69/2/8
f 67/2/8 69/2/8 68/2/8
f 75/10/1 74/9/22 73/10/1
f 74/9/22 75/10/1 76/9/22
f 74/9/22 78/8/23 77/8/23
f 78/8/23 74/9/22 76/9/22
f 81/5/16 80/4/15 79/4/15
f 80/4/15 81/5/16 82/5/16
f 79/4/15 84/6/24 83/6/24
f 84/6/24 79/4/15 80/4/15
f 87/7/8 86/7/8 85/7/8
f 86/7/8 87/7/8 88/7/8
f 83/6/24 90/11/21 89/11/21
f 90/11/21 83/6/24 84/6/24
f 93/5/17 92/4/18 91/4/18
f 92/4/18 93/5/17 94/5/17
f 96/2/8 93/5/17 95/2/8
f 93/5/17 96/2/8 94/5/17
f 81/5/16 95/2/8 82/5/16
f 95/2/8 81/5/16 96/2/8
f 97/8/12 86/7/12 88/7/12
f 86/7/12 97/8/12 98/8/12
f 101/6/19 100/11/22 99/11/22
f 100/11/22 101/6/19 102/6/19
f 104/1/26 90/11/21 103/1/26
f 90/11/21 104/1/26 89/11/21
f 89/11/34 79/4/34 83/6/34
f 79/4/34 89/11/34 81/5/34
f 81/5/34 89/11/34 104/1/34
f 81/5/34 104/1/34 87/7/34
f 87/7/34 104/1/34 105/1/34
f 78/8/34 81/5/34 87/7/34
f 76/9/34 81/5/34 78/8/34
f 81/5/34 76/9/34 96/2/34
f 96/2/34 76/9/34 75/10/34
f 87/7/34 105/1/34 88/7/34
f 96/2/34 75/10/34 94/5/34
f 94/5/34 75/10/34 106/9/34
f 94/5/34 106/9/34 97/8/34
f 88/7/34 105/1/34 97/8/34
f 97/8/34 105/1/34 94/5/34
f 94/5/34 105/1/34 92/4/34
f 92/4/34 105/1/34 100/11/34
f 92/4/34 100/11/34 102/6/34
f 91/4/18 102/6/19 101/6/19
f 102/6/19 91/4/18 92/4/18
f 100/11/22 107/1/25 99/11/22
f 107/1/25 100/11/22 105/1/25
f 106/9/21 98/8/20 97/8/20
f 98/8/20 106/9/21 108/9/21
f 106/9/21 73/10/1 108/9/21
f 73/10/1 106/9/21 75/10/1
f 77/8/9 87/7/9 85/7/9
f 87/7/9 77/8/9 78/8/9
f 105/1/25 103/1/26 107/1/25
f 103/1/26 105/1/25 104/1/26
f 111/2/35 110/1/36 109/1/35
f 110/1/36 111/2/35 112/2/36
f 115/2/38 114/1/37 113/2/37
f 114/1/37 115/2/38 116/1/38
f 119/2/39 118/1/40 117/1/39
f 118/1/40 119/2/39 120/2/40
f 119/2/39 116/1/38 115/2/38
f 116/1/38 119/2/39 117/1/39
f 113/2/37 110/1/36 112/2/36
f 110/1/36 113/2/37 114/1/37
f 117/1/1 114/1/1 116/1/1
f 114/1/1 117/1/1 110/1/1
f 110/1/1 117/1/1 118/1/1
f 110/1/1 118/1/1 109/1/1
f 112/2/8 115/2/8 113/2/8
f 115/2/8 112/2/8 119/2/8
f 119/2/8 112/2/8 111/2/8
f 119/2/8 111/2/8 120/2/8
f 123/5/42 122/4/41 121/4/41
f 122/4/41 123/5/42 124/5/42
f 123/5/42 125/2/8 124/5/42
f 125/2/8 123/5/42 126/2/8
f 126/2/8 127/5/43 125/2/8
f 127/5/43 126/2/8 128/5/43
f 127/5/43 130/4/44 129/4/44
f 130/4/44 127/5/43 128/5/43
f 133/8/45 132/1/45 131/1/45
f 132/1/45 133/8/45 134/8/45
f 135/9/47 134/8/46 133/8/46
f 134/8/46 135/9/47 136/9/47
f 135/9/47 137/10/1 136/9/47
f 137/10/1 135/9/47 138/10/1
f 138/10/1 139/9/48 137/10/1
f 139/9/48 138/10/1 140/9/48
f 139/9/48 142/8/49 141/8/49
f 142/8/49 139/9/48 140/9/48
f 141/8/50 144/1/50 143/1/50
f 144/1/50 141/8/50 142/8/50
f 129/4/44 146/1/50 145/1/50
f 146/1/50 129/4/44 130/4/44
f 145/1/51 127/5/51 129/4/51
f 132/1/51 127/5/51 145/1/51
f 134/8/51 127/5/51 132/1/51
f 136/9/51 127/5/51 134/8/51
f 137/10/51 127/5/51 136/9/51
f 137/10/51 125/2/51 127/5/51
f 139/9/51 125/2/51 137/10/51
f 139/9/51 124/5/51 125/2/51
f 124/5/51 139/9/51 141/8/51
f 143/1/51 124/5/51 141/8/51
f 147/1/51 124/5/51 143/1/51
f 124/5/51 147/1/51 122/4/51
f 121/4/41 147/1/45 148/1/45
f 147/1/45 121/4/41 122/4/41
f 151/2/8 150/2/8 149/2/8
f 150/2/8 151/2/8 152/2/8
f 152/2/8 151/2/8 153/2/8
f 152/2/8 153/2/8 154/2/8
f 149/2/52 156/1/53 155/1/52
f 156/1/53 149/2/52 150/2/53
f 151/2/54 155/1/52 157/1/54
f 155/1/52 151/2/54 149/2/52
f 152/2/55 159/1/56 158/1/55
f 159/1/56 152/2/55 154/2/56
f 159/1/56 153/2/57 160/1/57
f 153/2/57 159/1/56 154/2/56
f 150/2/53 158/1/55 156/1/53
f 158/1/55 150/2/53 152/2/55
f 153/2/57 157/1/54 160/1/57
f 157/1/54 153/2/57 151/2/54
f 163/12/58 162/1/36 161/1/58
f 162/1/36 163/12/58 164/12/36
f 161/1/1 166/1/1 165/1/1
f 166/1/1 161/1/1 167/1/1
f 167/1/1 161/1/1 162/1/1
f 167/1/1 162/1/1 168/1/1
f 168/1/1 162/1/1 169/1/1
f 168/1/1 169/1/1 170/1/1
f 163/12/58 165/1/59 171/12/59
f 165/1/59 163/12/58 161/1/58
f 174/13/1 173/13/1 172/13/1
f 173/13/1 174/13/1 175/13/1
f 175/13/1 174/13/1 176/13/1
f 175/13/1 176/13/1 177/13/1
f 177/13/1 176/13/1 178/13/1
f 177/13/1 178/13/1 179/13/1
f 181/12/8 171/12/8 180/12/8
f 171/12/8 181/12/8 163/12/8
f 163/12/8 181/12/8 182/12/8
f 163/12/8 182/12/8 164/12/8
f 164/12/8 182/12/8 183/12/8
f 164/12/8 183/12/8 184/12/8
f 169/1/37 183/12/38 170/1/38
f 183/12/38 169/1/37 184/12/37
f 186/2/58 172/13/59 185/2/59
f 172/13/59 186/2/58 174/13/58
f 180/12/61 167/1/60 181/12/60
f 167/1/60 180/12/61 166/1/61
f 188/2/8 185/2/8 187/2/8
f 185/2/8 188/2/8 186/2/8
f 186/2/8 188/2/8 189/2/8
f 186/2/8 189/2/8 190/2/8
f 190/2/8 189/2/8 191/2/8
f 190/2/8 191/2/8 192/2/8
f 182/12/39 167/1/60 168/1/39
f 167/1/60 182/12/39 181/12/60
f 185/2/59 173/13/61 187/2/61
f 173/13/61 185/2/59 172/13/59
f 186/2/58 176/13/36 174/13/58
f 176/13/36 186/2/58 190/2/36
f 189/2/39 175/13/60 177/13/39
f 175/13/60 189/2/39 188/2/60
f 187/2/61 175/13/60 188/2/60
f 175/13/60 187/2/61 173/13/61
f 171/12/59 166/1/61 180/12/61
f 166/1/61 171/12/59 165/1/59
f 164/12/36 169/1/37 162/1/36
f 169/1/37 164/12/36 184/12/37
f 190/2/36 178/13/37 176/13/36
f 178/13/37 190/2/36 192/2/37
f 178/13/37 191/2/38 179/13/38
f 191/2/38 178/13/37 192/2/37
f 191/2/38 177/13/39 179/13/38
f 177/13/39 191/2/38 189/2/39
f 183/12/38 168/1/39 170/1/38
f 168/1/39 183/12/38 182/12/39
f 195/2/12 194/1/60 193/1/12
f 194/1/60 195/2/12 196/2/60
f 199/2/59 198/1/61 197/2/61
f 198/1/61 199/2/59 200/1/59
f 203/2/58 202/1/9 201/1/58
f 202/1/9 203/2/58 204/2/9
f 203/2/58 200/1/59 199/2/59
f 200/1/59 203/2/58 201/1/58
f 197/2/61 194/1/60 196/2/60
f 194/1/60 197/2/61 198/1/61
f 201/1/1 198/1/1 200/1/1
f 198/1/1 201/1/1 194/1/1
f 194/1/1 201/1/1 202/1/1
f 194/1/1 202/1/1 193/1/1
f 196/2/8 199/2/8 197/2/8
f 199/2/8 196/2/8 203/2/8
f 203/2/8 196/2/8 195/2/8
f 203/2/8 195/2/8 204/2/8
f 207/15/64 206/14/63 205/1/62
f 209/2/62 208/16/63 207/15/64
f 205/1/67 206/14/66 207/15/65
f 207/15/65 208/16/66 209/2/67
f 212/2/69 211/1/68 210/2/68
f 211/1/68 212/2/69 213/1/69
f 210/2/71 211/1/71 212/2/70
f 213/1/70 212/2/70 211/1/71
f 214/2/69 207/15/65 209/2/67
f 207/15/65 214/2/69 205/1/67
f 205/1/67 214/2/69 215/1/69
f 215/1/69 214/2/69 216/2/68
f 215/1/69 216/2/68 217/1/68
f 209/2/62 207/15/64 214/2/70
f 205/1/62 214/2/70 207/15/64
f 215/1/70 214/2/70 205/1/62
f 216/2/71 214/2/70 215/1/70
f 217/1/71 216/2/71 215/1/70
f 210/2/68 219/1/72 218/2/72
f 219/1/72 210/2/68 211/1/68
f 218/2/73 219/1/73 210/2/71
f 211/1/71 210/2/71 219/1/73
f 218/2/72 221/1/72 220/2/72
f 221/1/72 218/2/72 219/1/72
f 220/2/73 221/1/73 218/2/73
f 219/1/73 218/2/73 221/1/73
f 220/2/72 217/1/68 216/2/68
f 217/1/68 220/2/72 221/1/72
f 216/2/71 217/1/71 220/2/73
f 221/1/73 220/2/73 217/1/71
f 224/17/9 223/16/9 222/16/9
f 223/16/9 224/17/9 225/17/9
f 228/2/8 227/2/74 226/2/8
f 227/2/74 228/2/8 229/2/74
f 232/3/9 231/1/9 230/1/9
f 231/1/9 232/3/9 233/3/9
f 236/18/9 235/15/9 234/15/9
f 235/15/9 236/18/9 237/18/9
f 223/16/8 238/16/74 222/16/8
f 238/16/74 223/16/8 239/16/74
f 242/19/9 241/17/22 240/17/22
f 241/17/22 242/19/9 243/19/9
f 241/17/22 224/17/1 240/17/22
f 224/17/1 241/17/22 225/17/1
f 246/20/9 245/18/22 244/18/22
f 245/18/22 246/20/9 247/20/9
f 245/18/22 236/18/1 244/18/22
f 236/18/1 245/18/22 237/18/1
f 250/22/9 249/21/22 248/21/22
f 249/21/22 250/22/9 251/22/9
f 249/21/22 252/21/1 248/21/22
f 252/21/1 249/21/22 253/21/1
f 256/23/9 255/3/22 254/3/22
f 255/3/22 256/23/9 257/23/9
f 255/3/22 232/3/1 254/3/22
f 232/3/1 255/3/22 233/3/1
f 252/21/9 259/14/9 258/14/9
f 259/14/9 252/21/9 253/21/9
f 259/14/8 260/14/74 258/14/8
f 260/14/74 259/14/8 261/14/74
f 254/3/27 260/14/27 256/23/27
f 232/3/27 260/14/27 254/3/27
f 260/14/27 232/3/27 258/14/27
f 230/1/27 258/14/27 232/3/27
f 258/14/27 230/1/27 262/1/27
f 260/14/74 257/23/17 256/23/17
f 257/23/17 260/14/74 261/14/74
f 264/15/27 263/21/27 234/15/27
f 263/21/27 264/15/27 252/21/27
f 252/21/27 264/15/27 248/21/27
f 248/21/27 264/15/27 250/22/27
f 227/2/74 243/19/17 242/19/17
f 243/19/17 227/2/74 229/2/74
f 238/16/74 247/20/17 246/20/17
f 247/20/17 238/16/74 239/16/74
f 235/15/8 264/15/74 234/15/8
f 264/15/74 235/15/8 265/15/74
f 264/15/74 251/22/17 250/22/17
f 251/22/17 264/15/74 265/15/74
f 268/15/64 267/14/63 266/1/62
f 270/2/62 269/16/63 268/15/64
f 266/1/67 267/14/66 268/15/65
f 268/15/65 269/16/66 270/2/67
f 273/2/69 272/1/68 271/2/68
f 272/1/68 273/2/69 274/1/69
f 271/2/71 272/1/71 273/2/70
f 274/1/70 273/2/70 272/1/71
f 275/2/69 268/15/65 270/2/67
f 268/15/65 275/2/69 266/1/67
f 266/1/67 275/2/69 276/1/69
f 276/1/69 275/2/69 277/2/68
f 276/1/69 277/2/68 278/1/68
f 270/2/62 268/15/64 275/2/70
f 266/1/62 275/2/70 268/15/64
f 276/1/70 275/2/70 266/1/62
f 277/2/71 275/2/70 276/1/70
f 278/1/71 277/2/71 276/1/70
f 271/2/68 280/1/72 279/2/72
f 280/1/72 271/2/68 272/1/68
f 279/2/73 280/1/73 271/2/71
f 272/1/71 271/2/71 280/1/73
f 279/2/72 282/1/72 281/2/72
f 282/1/72 279/2/72 280/1/72
f 281/2/73 282/1/73 279/2/73
f 280/1/73 279/2/73 282/1/73
f 281/2/72 278/1/68 277/2/68
f 278/1/68 281/2/72 282/1/72
f 277/2/71 278/1/71 281/2/73
f 282/1/73 281/2/73 278/1/71
f 285/15/64 284/14/63 283/1/62
f 287/2/62 286/16/63 285/15/64
f 283/1/67 284/14/66 285/15/65
f 285/15/65 286/16/66 287/2/67
f 290/2/69 289/1/68 288/2/68
f 289/1/68 290/2/69 291/1/69
f 288/2/71 289/1/71 290/2/70
f 291/1/70 290/2/70 289/1/71
f 292/2/69 285/15/65 287/2/67
f 285/15/65 292/2/69 283/1/67
f 283/1/67 292/2/69 293/1/69
f 293/1/69 292/2/69 294/2/68
f 293/1/69 294/2/68 295/1/68
f 287/2/62 285/15/64 292/2/70
f 283/1/62 292/2/70 285/15/64
f 293/1/70 292/2/70 283/1/62
f 294/2/71 292/2/70 293/1/70
f 295/1/71 294/2/71 293/1/70
f 288/2/68 297/1/72 296/2/72
f 297/1/72 288/2/68 289/1/68
f 296/2/73 297/1/73 288/2/71
f 289/1/71 288/2/71 297/1/73
f 296/2/72 299/1/72 298/2/72
f 299/1/72 296/2/72 297/1/72
f 298/2/73 299/1/73 296/2/73
f 297/1/73 296/2/73 299/1/73
f 298/2/72 295/1/68 294/2/68
f 295/1/68 298/2/72 299/1/72
f 294/2/71 295/1/71 298/2/73
f 299/1/73 298/2/73 295/1/71
f 302/25/77 301/15/76 300/24/75
f 303/15/78 301/15/76 302/25/77
f 306/1/80 305/27/27 304/26/79
f 307/28/81 306/1/80 304/26/79
f 308/29/82 306/1/80 307/28/81
f 308/29/82 307/28/84 301/15/83
f 303/15/78 308/29/82 301/15/83
f 311/2/86 310/31/85 309/30/27
f 300/24/87 310/31/85 311/2/86
f 302/25/77 300/24/87 311/2/86
f 314/29/90 313/15/89 312/28/88
f 315/15/91 313/15/89 314/29/90
f 317/25/94 316/24/93 313/15/92
f 315/15/91 317/25/94 313/15/92
f 320/2/96 319/30/34 318/31/95
f 316/24/97 320/2/96 318/31/95
f 317/25/94 320/2/96 316/24/97
f 323/1/99 322/26/98 321/27/34
f 312/28/100 322/26/98 323/1/99
f 314/29/90 312/28/100 323/1/99
f 319/30/101 311/2/86 309/30/101
f 311/2/86 319/30/101 320/2/96
f 321/27/102 304/26/102 305/27/102
f 304/26/102 321/27/102 322/26/102
f 304/26/102 322/26/102 312/28/103
f 304/26/102 312/28/103 307/28/103
f 313/15/12 307/28/103 312/28/103
f 307/28/103 313/15/12 301/15/12
f 313/15/12 300/24/104 301/15/12
f 300/24/104 313/15/12 316/24/104
f 302/25/77 320/2/96 317/25/94
f 320/2/96 302/25/77 311/2/86
f 306/1/80 314/29/90 323/1/99
f 314/29/90 306/1/80 308/29/82
f 302/25/77 315/15/91 303/15/78
f 315/15/91 302/25/77 317/25/94
f 318/31/105 300/24/104 316/24/104
f 300/24/104 318/31/105 310/31/105
f 310/31/105 318/31/105 309/30/105
f 309/30/105 318/31/105 319/30/105
f 306/1/80 321/27/106 305/27/106
f 321/27/106 306/1/80 323/1/99
f 303/15/78 314/29/90 308/29/82
f 314/29/90 303/15/78 315/15/91
f 326/32/109 325/1/108 324/32/107
f 325/1/108 326/32/109 327/33/108
f 327/33/110 328/1/110 325/1/110
f 328/1/110 327/33/110 329/33/110
f 329/33/111 330/32/112 328/1/111
f 330/32/112 329/33/111 331/32/113
f 334/2/116 333/2/115 332/2/114
f 333/2/115 334/2/116 335/2/117
f 334/2/116 331/32/113 335/2/117
f 331/32/113 334/2/116 330/32/112
f 332/2/114 326/32/109 324/32/107
f 326/32/109 332/2/114 333/2/115
f 330/32/12 325/1/12 328/1/12
f 325/1/12 330/32/12 324/32/12
f 324/32/12 330/32/12 334/2/12
f 324/32/12 334/2/12 332/2/12
f 326/32/9 329/33/9 327/33/9
f 329/33/9 326/32/9 331/32/9
f 331/32/9 326/32/9 333/2/9
f 331/32/9 333/2/9 335/2/9
f 338/1/1 337/1/1 336/1/1
f 337/1/1 338/1/1 339/1/1
f 339/1/1 338/1/1 340/1/1
f 339/1/1 340/1/1 341/1/1
f 344/2/8 343/2/8 342/2/8
f 343/2/8 344/2/8 345/2/8
f 345/2/8 344/2/8 346/2/8
f 345/2/8 346/2/8 347/2/8
f 345/2/118 340/1/119 338/1/118
f 340/1/119 345/2/118 347/2/119
f 340/1/119 346/2/120 341/1/120
f 346/2/120 340/1/119 347/2/119
f 342/2/121 336/1/122 337/1/121
f 336/1/122 342/2/121 343/2/122
f 343/2/122 338/1/118 336/1/122
f 338/1/118 343/2/122 345/2/118
f 344/2/123 337/1/121 339/1/123
f 337/1/121 344/2/123 342/2/121
f 346/2/120 339/1/123 341/1/120
f 339/1/123 346/2/120 344/2/123
f 350/12/58 349/1/36 348/1/58
f 349/1/36 350/12/58 351/12/36
f 348/1/1 353/1/1 352/1/1
f 353/1/1 348/1/1 354/1/1
f 354/1/1 348/1/1 349/1/1
f 354/1/1 349/1/1 355/1/1
f 355/1/1 349/1/1 356/1/1
f 355/1/1 356/1/1 357/1/1
f 350/12/58 352/1/59 358/12/59
f 352/1/59 350/12/58 348/1/58
f 361/13/1 360/13/1 359/13/1
f 360/13/1 361/13/1 362/13/1
f 362/13/1 361/13/1 363/13/1
f 362/13/1 363/13/1 364/13/1
f 364/13/1 363/13/1 365/13/1
f 364/13/1 365/13/1 366/13/1
f 368/12/8 358/12/8 367/12/8
f 358/12/8 368/12/8 350/12/8
f 350/12/8 368/12/8 369/12/8
f 350/12/8 369/12/8 351/12/8
f 351/12/8 369/12/8 370/12/8
f 351/12/8 370/12/8 371/12/8
f 356/1/37 370/12/38 357/1/38
f 370/12/38 356/1/37 371/12/37
f 373/2/58 359/13/59 372/2/59
f 359/13/59 373/2/58 361/13/58
f 367/12/61 354/1/60 368/12/60
f 354/1/60 367/12/61 353/1/61
f 375/2/8 372/2/8 374/2/8
f 372/2/8 375/2/8 373/2/8
f 373/2/8 375/2/8 376/2/8
f 373/2/8 376/2/8 377/2/8
f 377/2/8 376/2/8 378/2/8
f 377/2/8 378/2/8 379/2/8
f 369/12/39 354/1/60 355/1/39
f 354/1/60 369/12/39 368/12/60
f 372/2/59 360/13/61 374/2/61
f 360/13/61 372/2/59 359/13/59
f 373/2/58 363/13/36 361/13/58
f 363/13/36 373/2/58 377/2/36
f 376/2/39 362/13/60 364/13/39
f 362/13/60 376/2/39 375/2/60
f 374/2/61 362/13/60 375/2/60
f 362/13/60 374/2/61 360/13/61
f 358/12/59 353/1/61 367/12/61
f 353/1/61 358/12/59 352/1/59
f 351/12/36 356/1/37 349/1/36
f 356/1/37 351/12/36 371/12/37
f 377/2/36 365/13/37 363/13/36
f 365/13/37 377/2/36 379/2/37
f 365/13/37 378/2/38 366/13/38
f 378/2/38 365/13/37 379/2/37
f 378/2/38 364/13/39 366/13/38
f 364/13/39 378/2/38 376/2/39
f 370/12/38 355/1/39 357/1/38
f 355/1/39 370/12/38 369/12/39
f 382/15/126 381/29/125 380/15/124
f 385/15/129 384/34/128 383/15/127
f 381/29/125 386/35/130 380/15/124
f 389/37/133 388/36/132 387/2/131
f 390/34/136 380/15/135 389/37/134
f 393/2/138 392/38/34 391/36/137
f 386/35/141 395/1/140 394/26/139
f 385/15/129 383/15/143 396/29/142
f 384/34/128 393/2/138 397/37/144
f 382/15/126 380/15/135 390/34/136
f 395/1/140 398/27/27 394/26/139
f 397/37/144 393/2/138 391/36/137
f 387/2/131 388/36/132 399/38/27
f 390/34/136 389/37/133 387/2/131
f 402/35/147 401/26/146 400/1/145
f 396/29/142 402/35/147 400/1/145
f 400/1/145 401/26/146 403/27/34
f 384/34/128 397/37/148 383/15/127
f 381/29/125 395/1/140 386/35/141
f 396/29/142 383/15/143 402/35/149
f 390/34/136 393/2/138 384/34/128
f 393/2/138 390/34/136 387/2/131
f 391/36/151 389/37/150 397/37/150
f 389/37/150 391/36/151 388/36/151
f 388/36/151 391/36/151 392/38/151
f 388/36/151 392/38/151 399/38/151
f 382/15/126 396/29/142 381/29/125
f 396/29/142 382/15/126 385/15/129
f 403/27/152 394/26/152 398/27/152
f 394/26/152 403/27/152 401/26/152
f 394/26/152 401/26/152 402/35/153
f 394/26/152 402/35/153 386/35/153
f 395/1/140 403/27/154 398/27/154
f 403/27/154 395/1/140 400/1/145
f 392/38/155 387/2/131 399/38/155
f 387/2/131 392/38/155 393/2/138
f 390/34/136 385/15/129 382/15/126
f 385/15/129 390/34/136 384/34/128
f 383/15/12 389/37/150 380/15/12
f 389/37/150 383/15/12 397/37/150
f 383/15/12 386/35/153 402/35/153
f 386/35/153 383/15/12 380/15/12
f 395/1/140 396/29/142 400/1/145
f 396/29/142 395/1/140 381/29/125
f 447/15/74 446/15/74 433/22/17
f 432/22/17 433/22/17 446/15/74
f 447/15/74 417/15/8 446/15/74
f 416/15/8 446/15/74 417/15/8
f 421/16/74 420/16/74 429/20/17
f 428/20/17 429/20/17 420/16/74
f 411/2/74 409/2/74 425/19/17
f 424/19/17 425/19/17 409/2/74
f 432/22/34 446/15/34 430/21/34
f 430/21/34 446/15/34 434/21/34
f 434/21/34 446/15/34 445/21/34
f 416/15/34 445/21/34 446/15/34
f 443/14/74 442/14/74 439/23/17
f 438/23/17 439/23/17 442/14/74
f 444/1/34 412/1/34 440/14/34
f 414/3/34 440/14/34 412/1/34
f 440/14/34 414/3/34 442/14/34
f 436/3/34 442/14/34 414/3/34
f 438/23/34 442/14/34 436/3/34
f 443/14/74 441/14/8 442/14/74
f 440/14/8 442/14/74 441/14/8
f 435/21/9 434/21/9 441/14/9
f 440/14/9 441/14/9 434/21/9
f 415/3/1 437/3/22 414/3/1
f 436/3/22 414/3/1 437/3/22
f 439/23/9 438/23/9 437/3/22
f 436/3/22 437/3/22 438/23/9
f 435/21/1 431/21/22 434/21/1
f 430/21/22 434/21/1 431/21/22
f 433/22/9 432/22/9 431/21/22
f 430/21/22 431/21/22 432/22/9
f 419/18/1 427/18/22 418/18/1
f 426/18/22 418/18/1 427/18/22
f 429/20/9 428/20/9 427/18/22
f 426/18/22 427/18/22 428/20/9
f 407/17/1 423/17/22 406/17/1
f 422/17/22 406/17/1 423/17/22
f 425/19/9 424/19/9 423/17/22
f 422/17/22 423/17/22 424/19/9
f 421/16/74 405/16/8 420/16/74
f 404/16/8 420/16/74 405/16/8
f 419/18/9 418/18/9 417/15/9
f 416/15/9 417/15/9 418/18/9
f 415/3/9 414/3/9 413/1/9
f 412/1/9 413/1/9 414/3/9
f 411/2/74 410/2/8 409/2/74
f 408/2/8 409/2/74 410/2/8
f 407/17/9 406/17/9 405/16/9
f 404/16/9 405/16/9 406/17/9
f 450/2/8 449/2/8 448/2/8
f 449/2/8 450/2/8 451/2/8
f 451/2/8 450/2/8 452/2/8
f 451/2/8 452/2/8 453/2/8
f 448/2/52 455/1/53 454/1/52
f 455/1/53 448/2/52 449/2/53
f 450/2/54 454/1/52 456/1/54
f 454/1/52 450/2/54 448/2/52
f 451/2/55 458/1/56 457/1/55
f 458/1/56 451/2/55 453/2/56
f 458/1/56 452/2/57 459/1/57
f 452/2/57 458/1/56 453/2/56
f 449/2/53 457/1/55 455/1/53
f 457/1/55 449/2/53 451/2/55
f 452/2/57 456/1/54 459/1/57
f 456/1/54 452/2/57 450/2/54
f 462/39/34 461/15/34 460/1/34
f 461/15/34 462/39/34 463/40/156
f 463/40/156 464/2/157 461/15/34
f 463/40/156 462/39/34 465/41/158
f 465/41/158 462/39/34 466/1/159
f 469/40/161 468/15/27 467/2/160
f 470/39/27 468/15/27 469/40/161
f 468/15/27 470/39/27 471/1/27
f 470/39/27 469/40/161 472/41/162
f 470/39/27 472/41/162 473/1/163
f 462/39/1 471/1/164 470/39/1
f 471/1/164 462/39/1 460/1/164
f 464/2/165 468/15/12 461/15/12
f 468/15/12 464/2/165 467/2/165
f 467/2/160 463/40/156 469/40/161
f 463/40/156 467/2/160 464/2/157
f 469/40/161 465/41/158 472/41/162
f 465/41/158 469/40/161 463/40/156
f 472/41/162 466/1/159 473/1/163
f 466/1/159 472/41/162 465/41/158
f 461/15/12 471/1/166 460/1/166
f 471/1/166 461/15/12 468/15/12
f 466/1/167 470/39/1 473/1/167
f 470/39/1 466/1/167 462/39/1
f 476/12/58 475/1/36 474/1/58
f 475/1/36 476/12/58 477/12/36
f 474/1/1 479/1/1 478/1/1
f 479/1/1 474/1/1 480/1/1
f 480/1/1 474/1/1 475/1/1
f 480/1/1 475/1/1 481/1/1
f 481/1/1 475/1/1 482/1/1
f 481/1/1 482/1/1 483/1/1
f 476/12/58 478/1/59 484/12/59
f 478/1/59 476/12/58 474/1/58
f 487/13/1 486/13/1 485/13/1
f 486/13/1 487/13/1 488/13/1
f 488/13/1 487/13/1 489/13/1
f 488/13/1 489/13/1 490/13/1
f 490/13/1 489/13/1 491/13/1
f 490/13/1 491/13/1 492/13/1
f 494/12/8 484/12/8 493/12/8
f 484/12/8 494/12/8 476/12/8
f 476/12/8 494/12/8 495/12/8
f 476/12/8 495/12/8 477/12/8
f 477/12/8 495/12/8 496/12/8
f 477/12/8 496/12/8 497/12/8
f 482/1/37 496/12/38 483/1/38
f 496/12/38 482/1/37 497/12/37
f 499/2/58 485/13/59 498/2/59
f 485/13/59 499/2/58 487/13/58
f 493/12/61 480/1/60 494/12/60
f 480/1/60 493/12/61 479/1/61
f 501/2/8 498/2/8 500/2/8
f 498/2/8 501/2/8 499/2/8
f 499/2/8 501/2/8 502/2/8
f 499/2/8 502/2/8 503/2/8
f 503/2/8 502/2/8 504/2/8
f 503/2/8 504/2/8 505/2/8
f 495/12/39 480/1/60 481/1/39
f 480/1/60 495/12/39 494/12/60
f 498/2/59 486/13/61 500/2/61
f 486/13/61 498/2/59 485/13/59
f 499/2/58 489/13/36 487/13/58
f 489/13/36 499/2/58 503/2/36
f 502/2/39 488/13/60 490/13/39
f 488/13/60 502/2/39 501/2/60
f 500/2/61 488/13/60 501/2/60
f 488/13/60 500/2/61 486/13/61
f 484/12/59 479/1/61 493/12/61
f 479/1/61 484/12/59 478/1/59
f 477/12/36 482/1/37 475/1/36
f 482/1/37 477/12/36 497/12/37
f 503/2/36 491/13/37 489/13/36
f 491/13/37 503/2/36 505/2/37
f 491/13/37 504/2/38 492/13/38
f 504/2/38 491/13/37 505/2/37
f 504/2/38 490/13/39 492/13/38
f 490/13/39 504/2/38 502/2/39
f 496/12/38 481/1/39 483/1/38
f 481/1/39 496/12/38 495/12/39
f 508/2/9 507/1/9 506/1/9
f 507/1/9 508/2/9 509/2/9
f 512/1/168 511/2/168 510/1/168
f 511/2/168 512/1/168 513/2/168
f 516/2/8 515/2/8 514/2/8
f 515/2/8 516/2/8 517/2/8
f 517/2/8 513/2/8 515/2/8
f 513/2/8 517/2/8 511/2/8
f 517/2/8 516/2/8 518/2/8
f 519/2/8 518/2/8 516/2/8
f 518/2/8 519/2/8 508/2/8
f 508/2/8 519/2/8 509/2/8
f 509/2/8 519/2/8 520/2/8
f 521/2/8 520/2/8 519/2/8
f 520/2/8 521/2/8 522/2/8
f 522/2/8 521/2/8 523/2/8
f 523/2/8 524/2/8 522/2/8
f 524/2/8 523/2/8 525/2/8
f 413/1/34 517/2/34 526/1/34
f 517/2/34 413/1/34 511/2/34
f 511/2/34 413/1/34 510/1/34
f 524/2/168 528/1/168 527/1/168
f 528/1/168 524/2/168 525/2/168
f 524/2/27 529/1/27 522/2/27
f 529/1/27 524/2/27 231/1/27
f 231/1/27 524/2/27 527/1/27
f 508/2/27 530/1/27 518/2/27
f 530/1/27 508/2/27 506/1/27
f 507/1/34 520/2/34 531/1/34
f 520/2/34 507/1/34 509/2/34
f 534/1/1 533/1/1 532/1/1
f 533/1/1 534/1/1 535/1/1
f 535/1/1 534/1/1 536/1/1
f 535/1/1 536/1/1 537/1/1
f 540/2/8 539/2/8 538/2/8
f 539/2/8 540/2/8 541/2/8
f 541/2/8 540/2/8 542/2/8
f 541/2/8 542/2/8 543/2/8
f 541/2/169 536/1/170 534/1/169
f 536/1/170 541/2/169 543/2/170
f 536/1/170 542/2/171 537/1/171
f 542/2/171 536/1/170 543/2/170
f 538/2/172 532/1/173 533/1/172
f 532/1/173 538/2/172 539/2/173
f 539/2/173 534/1/169 532/1/173
f 534/1/169 539/2/173 541/2/169
f 540/2/174 533/1/172 535/1/174
f 533/1/172 540/2/174 538/2/172
f 542/2/171 535/1/174 537/1/171
f 535/1/174 542/2/171 540/2/174
f 546/2/27 545/1/27 544/2/27
f 545/1/27 546/2/27 547/1/27
f 550/1/34 549/2/34 548/1/34
f 549/2/34 550/1/34 551/2/34
f 546/2/17 550/1/22 547/1/22
f 550/1/22 546/2/17 551/2/17
f 550/1/22 545/1/21 547/1/22
f 545/1/21 550/1/22 548/1/21
f 549/2/16 545/1/21 548/1/21
f 545/1/21 549/2/16 544/2/16
f 549/2/16 546/2/17 544/2/16
f 546/2/17 549/2/16 551/2/17
f 554/2/27 553/1/27 552/2/27
f 553/1/27 554/2/27 555/1/27
f 558/1/34 557/2/34 556/1/34
f 557/2/34 558/1/34 559/2/34
f 554/2/17 558/1/22 555/1/22
f 558/1/22 554/2/17 559/2/17
f 558/1/22 553/1/21 555/1/22
f 553/1/21 558/1/22 556/1/21
f 557/2/16 553/1/21 556/1/21
f 553/1/21 557/2/16 552/2/16
f 557/2/16 554/2/17 552/2/16
f 554/2/17 557/2/16 559/2/17
f 562/43/176 561/42/175 560/42/175
f 561/42/175 562/43/176 563/43/176
f 566/43/177 565/42/20 564/42/20
f 565/42/20 566/43/177 567/43/177
f 570/1/178 569/1/179 568/1/178
f 569/1/179 570/1/178 571/1/179
f 574/2/180 573/2/74 572/2/180
f 573/2/74 574/2/180 575/2/74
f 573/2/74 563/43/176 562/43/176
f 563/43/176 573/2/74 575/2/74
f 574/2/180 567/43/177 566/43/177
f 567/43/177 574/2/180 572/2/180
f 560/42/175 570/1/178 568/1/178
f 570/1/178 560/42/175 561/42/175
f 564/42/20 569/1/179 571/1/179
f 569/1/179 564/42/20 565/42/20
f 572/2/27 565/42/27 567/43/27
f 565/42/27 572/2/27 569/1/27
f 569/1/27 572/2/27 573/2/27
f 569/1/27 573/2/27 568/1/27
f 568/1/27 573/2/27 562/43/27
f 568/1/27 562/43/27 560/42/27
f 571/1/34 566/43/34 564/42/34
f 566/43/34 571/1/34 574/2/34
f 574/2/34 571/1/34 570/1/34
f 574/2/34 570/1/34 575/2/34
f 575/2/34 570/1/34 561/42/34
f 575/2/34 561/42/34 563/43/34
f 578/43/176 577/42/175 576/42/175
f 577/42/175 578/43/176 579/43/176
f 582/43/177 581/42/20 580/42/20
f 581/42/20 582/43/177 583/43/177
f 586/1/178 585/1/179 584/1/178
f 585/1/179 586/1/178 587/1/179
f 590/2/180 589/2/74 588/2/180
f 589/2/74 590/2/180 591/2/74
f 589/2/74 579/43/176 578/43/176
f 579/43/176 589/2/74 591/2/74
f 590/2/180 583/43/177 582/43/177
f 583/43/177 590/2/180 588/2/180
f 576/42/175 586/1/178 584/1/178
f 586/1/178 576/42/175 577/42/175
f 580/42/20 585/1/179 587/1/179
f 585/1/179 580/42/20 581/42/20
f 588/2/27 581/42/27 583/43/27
f 581/42/27 588/2/27 585/1/27
f 585/1/27 588/2/27 589/2/27
f 585/1/27 589/2/27 584/1/27
f 584/1/27 589/2/27 578/43/27
f 584/1/27 578/43/27 576/42/27
f 587/1/34 582/43/34 580/42/34
f 582/43/34 587/1/34 590/2/34
f 590/2/34 587/1/34 586/1/34
f 590/2/34 586/1/34 591/2/34
f 591/2/34 586/1/34 577/42/34
f 591/2/34 577/42/34 579/43/34
f 594/43/176 593/42/175 592/42/175
f 593/42/175 594/43/176 595/43/176
f 598/43/177 597/42/20 596/42/20
f 597/42/20 598/43/177 599/43/177
f 602/1/178 601/1/179 600/1/178
f 601/1/179 602/1/178 603/1/179
f 606/2/180 605/2/74 604/2/180
f 605/2/74 606/2/180 607/2/74
f 605/2/74 595/43/176 594/43/176
f 595/43/176 605/2/74 607/2/74
f 606/2/180 599/43/177 598/43/177
f 599/43/177 606/2/180 604/2/180
f 592/42/175 602/1/178 600/1/178
f 602/1/178 592/42/175 593/42/175
f 596/42/20 601/1/179 603/1/179
f 601/1/179 596/42/20 597/42/20
f 604/2/27 597/42/27 599/43/27
f 597/42/27 604/2/27 601/1/27
f 601/1/27 604/2/27 605/2/27
f 601/1/27 605/2/27 600/1/27
f 600/1/27 605/2/27 594/43/27
f 600/1/27 594/43/27 592/42/27
f 603/1/34 598/43/34 596/42/34
f 598/43/34 603/1/34 606/2/34
f 606/2/34 603/1/34 602/1/34
f 606/2/34 602/1/34 607/2/34
f 607/2/34 602/1/34 593/42/34
f 607/2/34 593/42/34 595/43/34
f 610/43/176 609/42/175 608/42/175
f 609/42/175 610/43/176 611/43/176
f 614/43/177 613/42/20 612/42/20
f 613/42/20 614/43/177 615/43/177
f 618/1/178 617/1/179 616/1/178
f 617/1/179 618/1/178 619/1/179
f 622/2/180 621/2/74 620/2/180
f 621/2/74 622/2/180 623/2/74
f 621/2/74 611/43/176 610/43/176
f 611/43/176 621/2/74 623/2/74
f 622/2/180 615/43/177 614/43/177
f 615/43/177 622/2/180 620/2/180
f 608/42/175 618/1/178 616/1/178
f 618/1/178 608/42/175 609/42/175
f 612/42/20 617/1/179 619/1/179
f 617/1/179 612/42/20 613/42/20
f 620/2/27 613/42/27 615/43/27
f 613/42/27 620/2/27 617/1/27
f 617/1/27 620/2/27 621/2/27
f 617/1/27 621/2/27 616/1/27
f 616/1/27 621/2/27 610/43/27
f 616/1/27 610/43/27 608/42/27
f 619/1/34 614/43/34 612/42/34
f 614/43/34 619/1/34 622/2/34
f 622/2/34 619/1/34 618/1/34
f 622/2/34 618/1/34 623/2/34
f 623/2/34 618/1/34 609/42/34
f 623/2/34 609/42/34 611/43/34
f 626/2/27 625/1/27 624/2/27
f 625/1/27 626/2/27 627/1/27
f 630/1/34 629/2/34 628/1/34
f 629/2/34 630/1/34 631/2/34
f 626/2/17 630/1/22 627/1/22
f 630/1/22 626/2/17 631/2/17
f 630/1/22 625/1/21 627/1/22
f 625/1/21 630/1/22 628/1/21
f 629/2/16 625/1/21 628/1/21
f 625/1/21 629/2/16 624/2/16
f 629/2/16 626/2/17 624/2/16
f 626/2/17 629/2/16 631/2/17
f 634/2/27 633/1/27 632/2/27
f 633/1/27 634/2/27 635/1/27
f 638/1/34 637/2/34 636/1/34
f 637/2/34 638/1/34 639/2/34
f 634/2/17 638/1/22 635/1/22
f 638/1/22 634/2/17 639/2/17
f 638/1/22 633/1/21 635/1/22
f 633/1/21 638/1/22 636/1/21
f 637/2/16 633/1/21 636/1/21
f 633/1/21 637/2/16 632/2/16
f 637/2/16 634/2/17 632/2/16
f 634/2/17 637/2/16 639/2/17
f 642/43/176 641/42/175 640/42/175
f 641/42/175 642/43/176 643/43/176
f 646/43/177 645/42/20 644/42/20
f 645/42/20 646/43/177 647/43/177
f 650/1/178 649/1/179 648/1/178
f 649/1/179 650/1/178 651/1/179
f 654/2/180 653/2/74 652/2/180
f 653/2/74 654/2/180 655/2/74
f 653/2/74 643/43/176 642/43/176
f 643/43/176 653/2/74 655/2/74
f 654/2/180 647/43/177 646/43/177
f 647/43/177 654/2/180 652/2/180
f 640/42/175 650/1/178 648/1/178
f 650/1/178 640/42/175 641/42/175
f 644/42/20 649/1/179 651/1/179
f 649/1/179 644/42/20 645/42/20
f 652/2/27 645/42/27 647/43/27
f 645/42/27 652/2/27 649/1/27
f 649/1/27 652/2/27 653/2/27
f 649/1/27 653/2/27 648/1/27
f 648/1/27 653/2/27 642/43/27
f 648/1/27 642/43/27 640/42/27
f 651/1/34 646/43/34 644/42/34
f 646/43/34 651/1/34 654/2/34
f 654/2/34 651/1/34 650/1/34
f 654/2/34 650/1/34 655/2/34
f 655/2/34 650/1/34 641/42/34
f 655/2/34 641/42/34 643/43/34
f 658/43/176 657/42/175 656/42/175
f 657/42/175 658/43/176 659/43/176
f 662/43/177 661/42/20 660/42/20
f 661/42/20 662/43/177 663/43/177
f 666/1/178 665/1/179 664/1/178
f 665/1/179 666/1/178 667/1/179
f 670/2/180 669/2/74 668/2/180
f 669/2/74 670/2/180 671/2/74
f 669/2/74 659/43/176 658/43/176
f 659/43/176 669/2/74 671/2/74
f 670/2/180 663/43/177 662/43/177
f 663/43/177 670/2/180 668/2/180
f 656/42/175 666/1/178 664/1/178
f 666/1/178 656/42/175 657/42/175
f 660/42/20 665/1/179 667/1/179
f 665/1/179 660/42/20 661/42/20
f 668/2/27 661/42/27 663/43/27
f 661/42/27 668/2/27 665/1/27
f 665/1/27 668/2/27 669/2/27
f 665/1/27 669/2/27 664/1/27
f 664/1/27 669/2/27 658/43/27
f 664/1/27 658/43/27 656/42/27
f 667/1/34 662/43/34 660/42/34
f 662/43/34 667/1/34 670/2/34
f 670/2/34 667/1/34 666/1/34
f 670/2/34 666/1/34 671/2/34
f 671/2/34 666/1/34 657/42/34
f 671/2/34 657/42/34 659/43/34
f 674/43/176 673/42/175 672/42/175
f 673/42/175 674/43/176 675/43/176
f 678/43/177 677/42/20 676/42/20
f 677/42/20 678/43/177 679/43/177
f 682/1/178 681/1/179 680/1/178
f 681/1/179 682/1/178 683/1/179
f 686/2/180 685/2/74 684/2/180
f 685/2/74 686/2/180 687/2/74
f 685/2/74 675/43/176 674/43/176
f 675/43/176 685/2/74 687/2/74
f 686/2/180 679/43/177 678/43/177
f 679/43/177 686/2/180 684/2/180
f 672/42/175 682/1/178 680/1/178
f 682/1/178 672/42/175 673/42/175
f 676/42/20 681/1/179 683/1/179
f 681/1/179 676/42/20 677/42/20
f 684/2/27 677/42/27 679/43/27
f 677/42/27 684/2/27 681/1/27
f 681/1/27 684/2/27 685/2/27
f 681/1/27 685/2/27 680/1/27
f 680/1/27 685/2/27 674/43/27
f 680/1/27 674/43/27 672/42/27
f 683/1/34 678/43/34 676/42/34
f 678/43/34 683/1/34 686/2/34
f 686/2/34 683/1/34 682/1/34
f 686/2/34 682/1/34 687/2/34
f 687/2/34 682/1/34 673/42/34
f 687/2/34 673/42/34 675/43/34
f 690/43/176 689/42/175 688/42/175
f 689/42/175 690/43/176 691/43/176
f 694/43/177 693/42/20 692/42/20
f 693/42/20 694/43/177 695/43/177
f 698/1/178 697/1/179 696/1/178
f 697/1/179 698/1/178 699/1/179
f 702/2/180 701/2/74 700/2/180
f 701/2/74 702/2/180 703/2/74
f 701/2/74 691/43/176 690/43/176
f 691/43/176 701/2/74 703/2/74
f 702/2/180 695/43/177 694/43/177
f 695/43/177 702/2/180 700/2/180
f 688/42/175 698/1/178 696/1/178
f 698/1/178 688/42/175 689/42/175
f 692/42/20 697/1/179 699/1/179
f 697/1/179 692/42/20 693/42/20
f 700/2/27 693/42/27 695/43/27
f 693/42/27 700/2/27 697/1/27
f 697/1/27 700/2/27 701/2/27
f 697/1/27 701/2/27 696/1/27
f 696/1/27 701/2/27 690/43/27
f 696/1/27 690/43/27 688/42/27
f 699/1/34 694/43/34 692/42/34
f 694/43/34 699/1/34 702/2/34
f 702/2/34 699/1/34 698/1/34
f 702/2/34 698/1/34 703/2/34
f 703/2/34 698/1/34 689/42/34
f 703/2/34 689/42/34 691/43/34
f 706/44/36 705/2/37 704/44/37
f 705/2/37 706/44/36 707/2/36
f 704/44/37 709/2/38 708/44/38
f 709/2/38 704/44/37 705/2/37
f 708/44/38 711/2/39 710/44/39
f 711/2/39 708/44/38 709/2/38
f 713/2/58 706/44/36 712/44/58
f 706/44/36 713/2/58 707/2/36
f 716/2/8 715/2/8 714/2/8
f 715/2/8 716/2/8 713/2/8
f 713/2/8 716/2/8 717/2/8
f 717/2/8 716/2/8 711/2/8
f 718/2/8 713/2/8 717/2/8
f 717/2/8 711/2/8 719/2/8
f 713/2/8 718/2/8 707/2/8
f 719/2/8 711/2/8 720/2/8
f 707/2/8 718/2/8 720/2/8
f 707/2/8 720/2/8 711/2/8
f 707/2/8 711/2/8 709/2/8
f 707/2/8 709/2/8 705/2/8
f 714/2/61 721/44/60 716/2/60
f 721/44/60 714/2/61 722/44/61
f 711/2/39 721/44/60 710/44/39
f 721/44/60 711/2/39 716/2/60
f 715/2/59 722/44/61 714/2/61
f 722/44/61 715/2/59 723/44/59
f 713/2/58 723/44/59 715/2/59
f 723/44/59 713/2/58 712/44/58
f 724/44/8 723/44/8 712/44/8
f 724/44/8 712/44/8 706/44/8
f 725/44/8 723/44/8 724/44/8
f 724/44/8 706/44/8 726/44/8
f 723/44/8 725/44/8 722/44/8
f 726/44/8 706/44/8 727/44/8
f 728/44/8 722/44/8 725/44/8
f 727/44/8 706/44/8 704/44/8
f 722/44/8 728/44/8 721/44/8
f 727/44/8 704/44/8 729/44/8
f 721/44/8 728/44/8 729/44/8
f 708/44/8 729/44/8 704/44/8
f 721/44/8 729/44/8 710/44/8
f 710/44/8 729/44/8 708/44/8
f 732/46/183 731/2/182 730/45/181
f 730/45/181 733/47/184 732/46/183
f 736/45/187 735/46/186 734/47/185
f 736/45/187 737/2/188 735/46/186
f 740/47/190 739/46/189 738/46/189
f 739/46/189 740/47/190 741/47/190
f 739/46/192 743/2/191 742/2/191
f 743/2/191 739/46/192 744/46/193
f 735/46/193 743/2/191 744/46/193
f 743/2/191 735/46/193 737/2/191
f 746/47/195 745/48/34 740/47/194
f 745/48/34 746/47/195 747/1/34
f 748/1/34 745/48/34 747/1/34
f 745/48/34 748/1/34 749/49/34
f 747/1/34 746/47/195 750/1/34
f 750/1/34 746/47/195 751/48/34
f 733/47/195 751/48/34 746/47/195
f 751/48/34 733/47/195 727/48/34
f 752/47/197 739/46/192 741/47/196
f 739/46/192 752/47/197 744/46/193
f 734/47/197 744/46/193 752/47/197
f 744/46/193 734/47/197 735/46/193
f 738/46/189 742/2/12 753/2/12
f 742/2/12 738/46/189 739/46/189
f 736/45/198 731/2/198 737/2/198
f 731/2/198 736/45/198 730/45/198
f 724/48/9 730/45/9 736/45/9
f 730/45/9 724/48/9 726/48/9
f 730/45/181 727/48/199 733/47/184
f 727/48/199 730/45/181 726/48/199
f 748/1/12 754/49/200 749/49/200
f 754/49/200 748/1/12 755/1/12
f 755/1/12 748/1/12 756/1/12
f 755/1/12 756/1/12 757/1/12
f 749/49/200 758/48/201 745/48/201
f 758/48/201 749/49/200 754/49/200
f 745/48/12 741/47/190 740/47/190
f 741/47/190 745/48/12 758/48/12
f 724/48/202 734/47/185 725/48/202
f 734/47/185 724/48/202 736/45/187
f 759/1/27 754/49/27 755/1/27
f 754/49/27 759/1/27 758/48/27
f 758/48/27 759/1/27 741/47/196
f 741/47/196 759/1/27 752/47/197
f 752/47/197 759/1/27 760/1/27
f 752/47/197 760/1/27 761/48/27
f 725/48/27 752/47/197 761/48/27
f 752/47/197 725/48/27 734/47/197
f 753/2/205 762/46/204 738/46/203
f 762/46/204 753/2/205 763/2/205
f 731/2/205 762/46/204 763/2/205
f 762/46/204 731/2/205 732/46/204
f 742/2/1 763/2/1 753/2/1
f 763/2/1 742/2/1 743/2/1
f 737/2/1 763/2/1 743/2/1
f 763/2/1 737/2/1 731/2/1
f 738/46/203 746/47/195 740/47/194
f 746/47/195 738/46/203 762/46/204
f 732/46/204 746/47/195 762/46/204
f 746/47/195 732/46/204 733/47/195
f 766/50/12 765/14/12 764/14/12
f 765/14/12 766/50/12 767/50/12
f 768/50/12 767/50/12 766/50/12
f 769/50/12 767/50/12 768/50/12
f 769/50/12 770/51/12 767/50/12
f 769/50/12 768/50/12 771/14/12
f 771/14/12 768/50/12 772/14/12
f 773/51/12 770/51/12 769/50/12
f 773/51/12 774/16/12 770/51/12
f 774/16/12 773/51/12 775/16/12
f 776/14/27 769/50/197 771/14/27
f 769/50/197 776/14/27 777/50/197
f 778/50/195 765/14/34 767/50/195
f 765/14/34 778/50/195 779/14/34
f 780/51/204 767/50/195 770/51/204
f 767/50/195 780/51/204 778/50/195
f 780/51/204 774/16/206 781/16/206
f 774/16/206 780/51/204 770/51/204
f 781/16/206 775/16/207 782/16/207
f 775/16/207 781/16/206 774/16/206
f 782/16/207 773/51/193 783/51/193
f 773/51/193 782/16/207 775/16/207
f 777/50/197 773/51/193 769/50/197
f 773/51/193 777/50/197 783/51/193
f 785/50/9 776/14/9 784/14/9
f 776/14/9 785/50/9 777/50/9
f 778/50/9 777/50/9 785/50/9
f 778/50/9 785/50/9 786/50/9
f 778/50/9 786/50/9 787/14/9
f 778/50/9 787/14/9 779/14/9
f 780/51/9 777/50/9 778/50/9
f 780/51/9 783/51/9 777/50/9
f 781/16/9 783/51/9 780/51/9
f 783/51/9 781/16/9 782/16/9
f 790/53/27 789/14/27 788/52/27
f 789/14/27 790/53/27 791/14/27
f 791/14/27 790/53/27 792/16/27
f 791/14/27 792/16/27 793/16/27
f 796/14/34 795/52/34 794/14/34
f 795/52/34 796/14/34 797/53/34
f 797/53/34 796/14/34 798/16/34
f 798/16/34 796/14/34 799/16/34
f 797/53/16 800/52/208 795/52/208
f 800/52/208 797/53/16 801/53/16
f 801/53/27 802/14/27 800/52/27
f 802/14/27 801/53/27 803/14/209
f 803/14/209 801/53/27 804/16/27
f 803/14/209 804/16/27 805/16/209
f 808/16/210 807/14/211 806/14/210
f 807/14/211 808/16/210 809/16/211
f 795/52/208 802/14/12 794/14/12
f 802/14/12 795/52/208 800/52/208
f 808/16/210 803/14/209 805/16/209
f 803/14/209 808/16/210 806/14/210
f 797/53/16 804/16/212 801/53/16
f 804/16/212 797/53/16 798/16/212
f 812/14/214 811/16/213 810/14/213
f 811/16/213 812/14/214 813/16/214
f 815/16/215 812/14/214 814/14/215
f 812/14/214 815/16/215 813/16/214
f 816/53/16 792/16/212 790/53/16
f 792/16/212 816/53/16 817/16/212
f 816/53/16 788/52/208 818/52/208
f 788/52/208 816/53/16 790/53/16
f 810/14/213 818/52/34 819/14/34
f 818/52/34 810/14/213 816/53/34
f 816/53/34 810/14/213 817/16/34
f 817/16/34 810/14/213 811/16/213
f 809/16/211 820/14/9 807/14/211
f 820/14/9 809/16/211 821/14/9
f 815/16/215 821/14/9 809/16/211
f 821/14/9 815/16/215 814/14/215
f 822/14/9 820/14/9 821/14/9
f 822/14/9 823/14/9 820/14/9
f 824/14/9 823/14/9 822/14/9
f 824/14/9 825/14/9 823/14/9
f 826/14/9 825/14/9 824/14/9
f 825/14/9 826/14/9 827/14/9
f 818/52/208 789/14/12 819/14/12
f 789/14/12 818/52/208 788/52/208
f 817/16/212 793/16/8 792/16/212
f 793/16/8 817/16/212 815/16/8
f 815/16/8 799/16/8 793/16/8
f 815/16/8 817/16/212 813/16/8
f 813/16/8 817/16/212 811/16/8
f 809/16/8 799/16/8 815/16/8
f 809/16/8 798/16/212 799/16/8
f 808/16/8 798/16/212 809/16/8
f 805/16/8 798/16/212 808/16/8
f 798/16/212 805/16/8 804/16/212
f 819/14/1 812/14/1 810/14/1
f 819/14/1 814/14/1 812/14/1
f 819/14/1 821/14/1 814/14/1
f 789/14/1 821/14/1 819/14/1
f 791/14/1 821/14/1 789/14/1
f 791/14/1 820/14/1 821/14/1
f 796/14/1 820/14/1 791/14/1
f 820/14/1 796/14/1 807/14/1
f 794/14/1 807/14/1 796/14/1
f 794/14/1 806/14/1 807/14/1
f 802/14/1 806/14/1 794/14/1
f 806/14/1 802/14/1 803/14/1
f 793/16/12 796/14/12 791/14/12
f 796/14/12 793/16/12 799/16/12
f 830/14/34 829/54/34 828/14/34
f 829/54/34 830/14/34 831/15/34
f 831/15/34 830/14/34 832/15/34
f 832/15/34 830/14/34 833/14/34
f 832/15/34 833/14/34 834/14/34
f 832/15/34 834/14/34 835/14/34
f 835/14/34 834/14/34 836/14/34
f 830/14/34 837/14/34 833/14/34
f 833/14/34 837/14/34 838/14/34
f 839/14/34 838/14/34 837/14/34
f 840/14/34 837/14/34 830/14/34
f 840/14/34 841/14/34 837/14/34
f 841/14/34 840/14/34 842/14/34
f 834/14/34 843/14/34 836/14/34
f 836/14/34 843/14/34 844/14/34
f 834/14/34 845/14/34 843/14/34
f 846/14/34 845/14/34 834/14/34
f 845/14/34 846/14/34 847/14/34
f 829/54/177 848/14/12 828/14/12
f 848/14/12 829/54/177 849/54/177
f 850/15/27 848/14/27 849/54/27
f 848/14/27 850/15/27 851/14/27
f 851/14/27 850/15/27 852/15/27
f 831/15/180 849/54/177 829/54/177
f 849/54/177 831/15/180 850/15/180
f 855/14/1 854/14/1 853/14/1
f 854/14/1 855/14/1 856/14/1
f 856/14/1 855/14/1 857/14/1
f 858/14/1 857/14/1 855/14/1
f 857/14/1 858/14/1 859/14/1
f 858/14/1 855/14/1 860/14/1
f 860/14/1 855/14/1 861/14/1
f 860/14/1 861/14/1 862/14/1
f 862/14/1 861/14/1 863/14/1
f 862/14/1 863/14/1 864/14/1
f 862/14/1 864/14/1 865/14/1
f 862/14/1 865/14/1 866/14/1
f 862/14/1 866/14/1 867/14/1
f 862/14/1 867/14/1 868/14/1
f 868/14/1 867/14/1 851/14/1
f 851/14/1 867/14/1 835/14/1
f 851/14/1 835/14/1 828/14/1
f 828/14/1 848/14/1 851/14/1
f 828/14/1 835/14/1 830/14/1
f 830/14/1 835/14/1 834/14/1
f 830/14/1 834/14/1 833/14/1
f 869/54/177 859/14/12 858/14/12
f 859/14/12 869/54/177 870/54/177
f 871/15/180 870/54/177 869/54/177
f 870/54/177 871/15/180 872/15/180
f 860/14/34 869/54/34 858/14/34
f 869/54/34 860/14/34 871/15/34
f 871/15/34 860/14/34 873/55/34
f 871/15/34 873/55/34 874/15/34
f 873/55/34 860/14/34 875/15/34
f 875/15/34 860/14/34 876/15/34
f 872/15/27 859/14/27 870/54/27
f 859/14/27 872/15/27 857/14/27
f 857/14/27 872/15/27 877/15/27
f 857/14/27 877/15/27 856/14/27
f 856/14/27 877/15/27 878/55/27
f 856/14/27 879/14/27 857/14/27
f 879/14/27 856/14/27 880/14/27
f 880/14/27 881/14/27 879/14/27
f 880/14/27 856/14/27 882/14/27
f 882/14/27 856/14/27 883/14/27
f 882/14/27 883/14/27 884/14/27
f 856/14/27 878/55/27 854/14/27
f 854/14/27 878/55/27 885/15/27
f 854/14/27 885/15/27 853/14/27
f 853/14/27 885/15/27 886/15/27
f 853/14/27 886/15/27 855/14/27
f 887/14/27 854/14/27 853/14/27
f 887/14/27 888/14/27 854/14/27
f 888/14/27 887/14/27 889/14/27
f 887/14/27 853/14/27 890/14/27
f 890/14/27 891/14/27 887/14/27
f 891/14/27 890/14/27 892/14/27
f 871/15/180 877/15/8 872/15/180
f 877/15/8 871/15/180 874/15/8
f 893/15/202 855/14/202 886/15/202
f 855/14/202 893/15/202 861/14/202
f 861/14/202 893/15/202 894/16/202
f 861/14/202 894/16/202 895/16/202
f 861/14/202 895/16/202 896/56/202
f 861/14/202 896/56/202 863/14/202
f 863/14/202 896/56/202 897/16/202
f 863/14/202 897/16/202 864/14/202
f 898/14/202 861/14/202 863/14/202
f 864/14/202 897/16/202 899/16/216
f 900/14/202 861/14/202 898/14/202
f 901/14/202 900/14/202 898/14/202
f 900/14/202 902/14/202 861/14/202
f 903/14/202 902/14/202 900/14/202
f 902/14/202 903/14/202 904/14/202
f 864/14/202 899/16/216 865/14/202
f 865/14/202 899/16/216 866/14/216
f 905/14/202 864/14/202 865/14/202
f 906/14/202 864/14/202 905/14/202
f 907/14/202 906/14/202 905/14/202
f 906/14/202 908/14/202 864/14/202
f 909/14/202 908/14/202 906/14/202
f 908/14/202 909/14/202 910/14/202
f 862/14/217 876/15/217 860/14/217
f 876/15/217 862/14/217 911/15/217
f 911/15/217 862/14/217 912/16/217
f 912/16/217 862/14/217 913/16/217
f 913/16/217 862/14/217 914/56/217
f 914/56/217 862/14/217 915/16/217
f 915/16/217 862/14/217 916/16/217
f 917/16/12 862/14/12 868/14/12
f 862/14/12 917/16/12 916/16/12
f 918/15/218 851/14/218 852/15/218
f 851/14/218 918/15/218 868/14/218
f 868/14/218 918/15/218 919/16/218
f 868/14/218 919/16/218 917/16/218
f 899/16/216 867/14/219 866/14/216
f 867/14/219 899/16/216 920/16/219
f 867/14/219 832/15/199 835/14/199
f 832/15/199 867/14/219 921/15/199
f 921/15/199 867/14/219 922/16/199
f 922/16/199 867/14/219 920/16/219
f 918/15/220 922/16/220 919/16/220
f 922/16/220 918/15/220 921/15/220
f 831/15/180 852/15/8 850/15/180
f 832/15/8 852/15/8 831/15/180
f 921/15/220 852/15/8 832/15/8
f 852/15/8 921/15/220 918/15/220
f 912/16/221 895/16/8 894/16/221
f 895/16/8 912/16/221 913/16/8
f 911/15/221 894/16/221 893/15/221
f 894/16/221 911/15/221 912/16/221
f 873/55/8 885/15/222 878/55/8
f 885/15/222 873/55/8 875/15/222
f 874/15/223 878/55/8 877/15/223
f 878/55/8 874/15/223 873/55/8
f 875/15/8 886/15/8 885/15/8
f 886/15/8 875/15/8 876/15/8
f 886/15/8 876/15/8 893/15/221
f 893/15/221 876/15/8 911/15/221
f 914/56/8 897/16/224 896/56/8
f 897/16/224 914/56/8 915/16/224
f 913/16/225 896/56/8 895/16/225
f 896/56/8 913/16/225 914/56/8
f 915/16/8 899/16/8 897/16/8
f 899/16/8 915/16/8 916/16/8
f 899/16/8 916/16/8 920/16/8
f 920/16/8 916/16/8 917/16/8
f 920/16/8 917/16/8 919/16/220
f 920/16/8 919/16/220 922/16/220
f 925/57/227 924/16/226 923/57/226
f 924/16/226 925/57/227 926/16/227
f 929/59/228 928/58/168 927/58/168
f 928/58/168 929/59/228 930/59/228
f 933/16/229 932/57/230 931/57/229
f 932/57/230 933/16/229 934/16/230
f 937/58/74 936/60/176 935/58/74
f 936/60/176 937/58/74 938/60/176
f 941/59/228 940/58/168 939/58/168
f 940/58/168 941/59/228 942/59/228
f 943/16/231 932/57/230 934/16/230
f 932/57/230 943/16/231 944/57/231
f 946/61/232 941/59/228 945/61/232
f 941/59/228 946/61/232 942/59/228
f 936/60/176 948/14/9 947/14/9
f 948/14/9 936/60/176 938/60/176
f 928/58/8 935/58/74 927/58/8
f 935/58/74 928/58/8 937/58/74
f 950/61/232 929/59/228 949/61/232
f 929/59/228 950/61/232 930/59/228
f 951/61/8 946/61/232 945/61/232
f 946/61/232 951/61/8 952/61/8
f 924/16/226 953/57/233 923/57/226
f 953/57/233 924/16/226 954/16/233
f 957/60/176 956/14/9 955/14/9
f 956/14/9 957/60/176 958/60/176
f 940/58/8 959/58/74 939/58/8
f 959/58/74 940/58/8 960/58/74
f 960/58/74 957/60/176 959/58/74
f 957/60/176 960/58/74 958/60/176
f 963/61/9 962/16/9 961/16/9
f 963/61/9 964/57/9 962/16/9
f 964/57/9 963/61/9 965/57/9
f 966/61/9 965/57/9 963/61/9
f 965/57/9 966/61/9 967/16/9
f 967/16/9 966/61/9 968/16/9
f 969/16/27 965/57/27 967/16/27
f 965/57/27 969/16/27 970/57/27
f 970/57/27 969/16/27 971/61/27
f 970/57/27 971/61/27 972/57/27
f 972/57/27 971/61/27 949/61/27
f 972/57/27 949/61/27 973/14/27
f 973/14/27 949/61/27 929/59/27
f 973/14/27 929/59/27 927/58/27
f 973/14/27 927/58/27 947/14/27
f 947/14/27 927/58/27 935/58/27
f 947/14/27 935/58/27 936/60/27
f 956/14/1 974/14/1 955/14/1
f 974/14/1 956/14/1 975/14/1
f 976/57/234 974/14/234 975/14/234
f 974/14/234 976/57/234 977/57/234
f 978/57/1 970/57/1 972/57/1
f 970/57/1 978/57/1 965/57/1
f 965/57/1 978/57/1 923/57/1
f 953/57/1 965/57/1 923/57/1
f 931/57/1 965/57/1 953/57/1
f 931/57/1 964/57/1 965/57/1
f 923/57/1 978/57/1 925/57/1
f 925/57/1 978/57/1 979/57/1
f 925/57/1 979/57/1 980/57/1
f 925/57/1 980/57/1 981/57/1
f 932/57/1 964/57/1 931/57/1
f 932/57/1 982/57/1 964/57/1
f 932/57/1 976/57/1 982/57/1
f 944/57/1 976/57/1 932/57/1
f 983/57/1 976/57/1 944/57/1
f 984/57/1 976/57/1 983/57/1
f 985/57/1 976/57/1 984/57/1
f 986/57/1 976/57/1 985/57/1
f 976/57/1 986/57/1 977/57/1
f 948/14/1 973/14/1 947/14/1
f 973/14/1 948/14/1 987/14/1
f 978/57/234 973/14/234 987/14/234
f 973/14/234 978/57/234 972/57/234
f 989/61/8 963/61/8 988/61/8
f 963/61/8 989/61/8 966/61/8
f 961/16/8 933/16/8 990/16/8
f 962/16/8 933/16/8 961/16/8
f 933/16/8 962/16/8 934/16/8
f 991/16/8 934/16/8 962/16/8
f 992/16/8 934/16/8 991/16/8
f 934/16/8 992/16/8 943/16/8
f 994/61/9 991/16/9 993/61/9
f 991/16/9 994/61/9 992/16/9
f 963/61/34 990/16/34 988/61/34
f 990/16/34 963/61/34 961/16/34
f 995/61/8 949/61/232 971/61/8
f 949/61/232 995/61/8 950/61/232
f 954/16/8 968/16/8 996/16/8
f 968/16/8 954/16/8 967/16/8
f 967/16/8 954/16/8 924/16/8
f 967/16/8 924/16/8 969/16/8
f 969/16/8 924/16/8 997/16/8
f 997/16/8 924/16/8 926/16/8
f 969/16/9 995/61/9 971/61/9
f 995/61/9 969/16/9 997/16/9
f 937/58/34 948/14/34 938/60/34
f 928/58/34 948/14/34 937/58/34
f 928/58/34 987/14/34 948/14/34
f 930/59/34 987/14/34 928/58/34
f 950/61/34 987/14/34 930/59/34
f 950/61/34 978/57/34 987/14/34
f 950/61/34 979/57/34 978/57/34
f 950/61/34 980/57/34 979/57/34
f 979/57/34 980/57/34 998/62/34
f 995/61/34 980/57/34 950/61/34
f 980/57/34 999/63/34 998/62/34
f 998/62/34 999/63/34 1000/64/34
f 980/57/34 1001/63/34 999/63/34
f 1002/62/34 1001/63/34 980/57/34
f 1001/63/34 1002/62/34 1003/64/34
f 980/57/34 995/61/34 981/57/34
f 997/16/34 981/57/34 995/61/34
f 926/16/227 981/57/34 997/16/34
f 981/57/34 926/16/227 925/57/227
f 925/57/34 1004/65/34 981/57/34
f 981/57/34 1004/65/34 1005/66/34
f 1006/67/34 1005/66/34 1004/65/34
f 1007/66/34 1004/65/34 925/57/34
f 1007/66/34 1008/65/34 1004/65/34
f 1008/65/34 1007/66/34 1009/67/34
f 968/16/27 989/61/27 996/16/27
f 989/61/27 968/16/27 966/61/27
f 989/61/12 954/16/233 996/16/12
f 989/61/12 953/57/233 954/16/233
f 953/57/233 989/61/12 931/57/229
f 988/61/12 931/57/229 989/61/12
f 931/57/229 988/61/12 933/16/229
f 933/16/229 988/61/12 990/16/12
f 1012/61/223 1011/68/8 1010/61/223
f 1011/68/8 1012/61/223 1013/68/8
f 1013/68/8 951/61/222 1011/68/8
f 951/61/222 1013/68/8 952/61/222
f 992/16/27 944/57/231 943/16/231
f 944/57/231 992/16/27 994/61/27
f 944/57/231 994/61/27 983/57/27
f 983/57/27 994/61/27 1011/68/27
f 1011/68/27 994/61/27 1010/61/27
f 983/57/27 1011/68/27 951/61/27
f 983/57/27 951/61/27 945/61/27
f 983/57/27 945/61/27 984/57/27
f 984/57/27 1014/66/27 983/57/27
f 1014/66/27 984/57/27 1015/65/27
f 1015/65/27 1016/67/27 1014/66/27
f 1015/65/27 984/57/27 1017/65/27
f 1017/65/27 984/57/27 1018/66/27
f 1017/65/27 1018/66/27 1019/67/27
f 984/57/27 945/61/27 985/57/27
f 985/57/27 945/61/27 986/57/27
f 986/57/27 945/61/27 977/57/27
f 977/57/27 945/61/27 974/14/27
f 974/14/27 945/61/27 941/59/27
f 974/14/27 941/59/27 939/58/27
f 974/14/27 939/58/27 955/14/27
f 955/14/27 939/58/27 959/58/27
f 955/14/27 959/58/27 957/60/27
f 1020/63/27 985/57/27 986/57/27
f 1020/63/27 1021/62/27 985/57/27
f 1021/62/27 1020/63/27 1022/64/27
f 1020/63/27 986/57/27 1023/62/27
f 1023/62/27 1024/63/27 1020/63/27
f 1024/63/27 1023/62/27 1025/64/27
f 993/61/8 1010/61/8 994/61/8
f 1010/61/8 993/61/8 1012/61/8
f 993/61/34 1013/68/34 1012/61/34
f 982/57/34 1013/68/34 993/61/34
f 991/16/34 982/57/34 993/61/34
f 962/16/34 982/57/34 991/16/34
f 982/57/34 962/16/34 964/57/34
f 1013/68/34 982/57/34 976/57/34
f 1013/68/34 976/57/34 952/61/34
f 952/61/34 976/57/34 946/61/34
f 946/61/34 976/57/34 975/14/34
f 946/61/34 975/14/34 942/59/34
f 942/59/34 975/14/34 940/58/34
f 940/58/34 975/14/34 956/14/34
f 940/58/34 956/14/34 960/58/34
f 960/58/34 956/14/34 958/60/34
f 1028/14/36 1027/16/37 1026/14/37
f 1027/16/37 1028/14/36 1029/16/36
f 1028/14/1 1031/14/1 1030/14/1
f 1032/14/1 1031/14/1 1028/14/1
f 1032/14/1 1028/14/1 1026/14/1
f 1032/14/1 1026/14/1 1033/14/1
f 1032/14/1 1034/14/1 1031/14/1
f 1035/14/1 1034/14/1 1032/14/1
f 1035/14/1 1036/14/1 1034/14/1
f 1035/14/1 1037/14/1 1036/14/1
f 1038/14/1 1037/14/1 1035/14/1
f 1037/14/1 1038/14/1 1039/14/1
f 1042/16/8 1041/16/8 1040/16/8
f 1041/16/8 1042/16/8 1043/16/8
f 1043/16/8 1042/16/8 1044/16/8
f 1045/16/8 1043/16/8 1044/16/8
f 1044/16/8 1042/16/8 1046/16/8
f 1044/16/8 1046/16/8 1047/16/8
f 1047/16/8 1046/16/8 1048/16/8
f 1048/16/8 1046/16/8 1029/16/8
f 1029/16/8 1046/16/8 1049/16/8
f 1029/16/8 1049/16/8 1027/16/8
f 1026/14/37 1049/16/38 1033/14/38
f 1049/16/38 1026/14/37 1027/16/37
f 1043/16/58 1036/14/9 1037/14/58
f 1036/14/9 1043/16/58 1045/16/9
f 1043/16/58 1039/14/59 1041/16/59
f 1039/14/59 1043/16/58 1037/14/58
f 1040/16/61 1035/14/60 1042/16/60
f 1035/14/60 1040/16/61 1038/14/61
f 1041/16/59 1038/14/61 1040/16/61
f 1038/14/61 1041/16/59 1039/14/59
f 1032/14/39 1042/16/60 1035/14/60
f 1042/16/60 1032/14/39 1046/16/39
f 1033/14/38 1046/16/39 1032/14/39
f 1046/16/39 1033/14/38 1049/16/38
f 1048/16/9 1028/14/36 1030/14/9
f 1028/14/36 1048/16/9 1029/16/36
f 46/71/27 50/70/27 48/69/27
f 50/70/27 46/71/27 37/70/27
f 37/70/27 46/71/27 44/72/27
f 37/70/27 44/72/27 41/71/27
f 37/70/27 41/71/27 39/69/27
f 86/70/34 77/69/34 85/70/34
f 77/69/34 86/70/34 74/71/34
f 74/71/34 86/70/34 73/72/34
f 73/72/34 86/70/34 108/71/34
f 108/71/34 86/70/34 98/69/34
f 140/71/51 144/73/51 142/69/51
f 144/73/51 140/71/51 131/73/51
f 131/73/51 140/71/51 138/72/51
f 131/73/51 138/72/51 135/71/51
f 131/73/51 135/71/51 133/69/51
f 1051/74/34 717/75/34 1050/74/34
f 717/75/34 1051/74/34 718/75/34
f 720/75/27 1052/74/27 719/75/27
f 1052/74/27 720/75/27 1053/74/27
f 1052/74/8 1051/74/8 1050/74/8
f 1051/74/8 1052/74/8 1053/74/8
f 720/75/12 1051/74/12 1053/74/12
f 1051/74/12 720/75/12 718/75/12
f 717/75/9 1052/74/9 1050/74/9
f 1052/74/9 717/75/9 719/75/9

