# Created by Kenney (www.kenney.nl)

mtllib ship-small.mtl

g ship-small

v 0.2964644 7.7 0.7663224 1 1 1
v 0.2964644 7.7 0.3663224 1 1 1
v -0.04994581 7.7 0.9663224 1 1 1
v -0.04994581 7.7 0.1663224 1 1 1
v -0.396356 7.7 0.7663224 1 1 1
v -0.396356 7.7 0.3663224 1 1 1
v 0.4350284 8.5 0.2863224 1 1 1
v 0.4350284 8.5 0.8463224 1 1 1
v -0.04994581 8.5 0.006322384 1 1 1
v -0.53492 8.5 0.2863224 1 1 1
v -0.53492 8.5 0.8463224 1 1 1
v -0.04994581 8.5 1.126322 1 1 1
v 0.272577 7.8 0.3801138 1 1 1
v 0.272577 7.8 0.752531 1 1 1
v -0.04994581 7.8 0.1939051 1 1 1
v -0.04994581 7.8 0.9387397 1 1 1
v -0.3724686 7.8 0.3801138 1 1 1
v -0.3724686 7.8 0.752531 1 1 1
v -0.04994581 8.5 0.1939051 1 1 1
v -0.3724686 8.5 0.3801138 1 1 1
v -0.3724686 8.5 0.752531 1 1 1
v -0.04994581 8.5 0.9387397 1 1 1
v 0.272577 8.5 0.752531 1 1 1
v 0.272577 8.5 0.3801138 1 1 1
v 0.07995801 9.96352 0.4903224 1 1 1
v 0.07995801 9.96352 0.6403224 1 1 1
v -0.04994581 9.96352 0.4153224 1 1 1
v -0.04994581 9.96352 0.7153224 1 1 1
v -0.1798496 9.96352 0.4903224 1 1 1
v -0.1798496 9.96352 0.6403224 1 1 1
v -2 1.9 0.08749998 1 1 1
v -2.3 1.9 0.08749998 1 1 1
v -2 2.1 0.08749998 1 1 1
v -2.3 2.1 0.08749998 1 1 1
v -2.4 2.1 -0.01250005 1 1 1
v -2.4 1.9 -0.01250005 1 1 1
v -2.4 2.1 -1.0875 1 1 1
v -2.4 1.9 -1.0875 1 1 1
v -2.3 1.9 -1.1875 1 1 1
v -2 1.9 -1.1875 1 1 1
v -2.3 2.1 -1.1875 1 1 1
v -2 2.1 -1.1875 1 1 1
v 0.1980784 2.9 0.4221256 1 1 1
v 0.1980784 2.9 0.7085192 1 1 1
v -0.04994581 2.9 0.2789288 1 1 1
v -0.04994581 2.9 0.851716 1 1 1
v -0.29797 2.9 0.4221256 1 1 1
v -0.29797 2.9 0.7085192 1 1 1
v 0.2901717 2.1 0.3689555 1 1 1
v 0.2901717 2.1 0.7616893 1 1 1
v -0.04994581 2.1 0.1725885 1 1 1
v -0.04994581 2.1 0.9580563 1 1 1
v -0.3900633 2.1 0.7616893 1 1 1
v -0.3900633 2.1 0.3689555 1 1 1
v 2 1.9 -1.1875 1 1 1
v 2.3 1.9 -1.1875 1 1 1
v 2 2.1 -1.1875 1 1 1
v 2.3 2.1 -1.1875 1 1 1
v 2.4 2.1 -1.0875 1 1 1
v 2.4 1.9 -1.0875 1 1 1
v 2.4 2.1 -0.01250005 1 1 1
v 2.4 1.9 -0.01250005 1 1 1
v 2.3 1.9 0.08749998 1 1 1
v 2 1.9 0.08749998 1 1 1
v 2.3 2.1 0.08749998 1 1 1
v 2 2.1 0.08749998 1 1 1
v -0.8299999 3.15 -3.002 1 1 1
v -1.8 3.15 -3.002 1 1 1
v -0.8299999 3.325 -3.002 1 1 1
v -1.8 3.325 -3.002 1 1 1
v -0.8299999 2.1 -1.949 1 1 1
v -1.8 2.1 -1.949 1 1 1
v -0.8299999 2.275 -1.949 1 1 1
v -1.8 2.275 -1.949 1 1 1
v -0.8299999 2.8 -2.651 1 1 1
v -1.8 2.8 -2.651 1 1 1
v -0.8299999 2.975 -2.651 1 1 1
v -1.8 2.975 -2.651 1 1 1
v -0.8299999 2.45 -2.3 1 1 1
v -1.8 2.45 -2.3 1 1 1
v -0.8299999 2.625 -2.3 1 1 1
v -1.8 2.625 -2.3 1 1 1
v -0.8299999 2.40625 -1.849 1 1 1
v -0.8299999 2.45 -1.89275 1 1 1
v -0.8299999 2.275 -1.849 1 1 1
v -0.8299999 2.1 -2.3 1 1 1
v -0.8299999 2.625 -2.651 1 1 1
v -0.8299999 2.8 -2.24375 1 1 1
v -0.8299999 2.625 -2.2 1 1 1
v -0.8299999 2.75625 -2.2 1 1 1
v 0.28 3.002534 4.1 1 1 1
v 0.28 2.6 4.1 1 1 1
v 0.21 3.002534 5.3 1 1 1
v 0.21 2.826741 5.3 1 1 1
v -0.28 2.6 4.1 1 1 1
v -0.21 2.826741 5.3 1 1 1
v -0.28 3.002534 4.1 1 1 1
v -0.21 3.002534 5.3 1 1 1
v 0.1798751 3.1 4.1 1 1 1
v 0.1098751 3.1 5.3 1 1 1
v -0.1798751 3.1 4.1 1 1 1
v -0.1098751 3.1 5.3 1 1 1
v 0.1299038 6.643 2.890322 1 1 1
v 0.1299038 6.643 3.040323 1 1 1
v 7.941025E-15 6.643 2.815322 1 1 1
v 7.941025E-15 6.643 3.115323 1 1 1
v -0.1299038 6.643 2.890322 1 1 1
v -0.1299038 6.643 3.040323 1 1 1
v 0.2643659 4.103146 -2.58468 1 1 1
v 0.34048 3.91939 -2.58468 1 1 1
v 0.2643659 4.103146 -2.46156 1 1 1
v 0.34048 3.91939 -2.46156 1 1 1
v 1.840874E-13 4.25987 -2.58468 1 1 1
v 1.840874E-13 4.25987 -2.46156 1 1 1
v -0.1837557 4.183756 -2.58468 1 1 1
v -0.1837557 4.183756 -2.46156 1 1 1
v -0.2145024 3.91939 -2.58468 1 1 1
v -0.1752863 3.824714 -2.58468 1 1 1
v -0.2145024 3.91939 -2.46156 1 1 1
v -0.1752863 3.824714 -2.46156 1 1 1
v 1.032333E-13 4.133893 -2.46156 1 1 1
v 1.032333E-13 4.133893 -2.58468 1 1 1
v -0.0946761 4.094676 -2.46156 1 1 1
v -0.0946761 4.094676 -2.58468 1 1 1
v 0.1837557 4.183756 -2.58468 1 1 1
v 0.0946761 4.094676 -2.58468 1 1 1
v -0.2643659 4.103146 -2.58468 1 1 1
v -0.2643659 4.103146 -2.46156 1 1 1
v -0.34048 3.91939 -2.58468 1 1 1
v -0.34048 3.91939 -2.46156 1 1 1
v 0.0946761 3.744104 -2.58468 1 1 1
v 0.0946761 3.744104 -2.46156 1 1 1
v -1.508795E-13 3.704888 -2.58468 1 1 1
v -1.508795E-13 3.704888 -2.46156 1 1 1
v 0.0946761 4.094676 -2.46156 1 1 1
v -0.2643659 3.735634 -2.46156 1 1 1
v -0.1752863 4.014066 -2.46156 1 1 1
v 0.2643659 3.735634 -2.58468 1 1 1
v 0.1752863 3.824714 -2.58468 1 1 1
v 0.2145024 3.91939 -2.58468 1 1 1
v 0.1752863 4.014066 -2.58468 1 1 1
v -0.1837557 3.655024 -2.58468 1 1 1
v -0.0946761 3.744104 -2.58468 1 1 1
v 0.1837557 3.655024 -2.58468 1 1 1
v -2.20183E-13 3.57891 -2.58468 1 1 1
v 0.1752863 4.014066 -2.46156 1 1 1
v 0.2145024 3.91939 -2.46156 1 1 1
v -0.2643659 3.735634 -2.58468 1 1 1
v -0.1752863 4.014066 -2.58468 1 1 1
v 0.1837557 4.183756 -2.46156 1 1 1
v -0.1837557 3.655024 -2.46156 1 1 1
v -0.0946761 3.744104 -2.46156 1 1 1
v 0.1837557 3.655024 -2.46156 1 1 1
v -2.20183E-13 3.57891 -2.46156 1 1 1
v 0.1752863 3.824714 -2.46156 1 1 1
v 0.2643659 3.735634 -2.46156 1 1 1
v 0.8299999 3.15 -3.002 1 1 1
v 1.8 3.15 -3.002 1 1 1
v 0.8299999 3.325 -3.002 1 1 1
v 1.8 3.325 -3.002 1 1 1
v 0.8299999 2.1 -1.949 1 1 1
v 1.8 2.1 -1.949 1 1 1
v 0.8299999 2.275 -1.949 1 1 1
v 1.8 2.275 -1.949 1 1 1
v 0.8299999 2.8 -2.651 1 1 1
v 1.8 2.8 -2.651 1 1 1
v 0.8299999 2.975 -2.651 1 1 1
v 1.8 2.975 -2.651 1 1 1
v 0.8299999 2.45 -2.3 1 1 1
v 1.8 2.45 -2.3 1 1 1
v 0.8299999 2.625 -2.3 1 1 1
v 1.8 2.625 -2.3 1 1 1
v 0.8299999 2.40625 -1.849 1 1 1
v 0.8299999 2.45 -1.89275 1 1 1
v 0.8299999 2.275 -1.849 1 1 1
v 0.8299999 2.1 -2.3 1 1 1
v 0.8299999 2.625 -2.651 1 1 1
v 0.8299999 2.8 -2.24375 1 1 1
v 0.8299999 2.625 -2.2 1 1 1
v 0.8299999 2.75625 -2.2 1 1 1
v 0.2480242 4.3 -4.250463 1 1 1
v 0.2480242 4.3 -3.964069 1 1 1
v -8.179256E-15 4.3 -4.39366 1 1 1
v -8.179256E-15 4.3 -3.820872 1 1 1
v -0.2480242 4.3 -4.250463 1 1 1
v -0.2480242 4.3 -3.964069 1 1 1
v 0.3401175 3.5 -4.303633 1 1 1
v 0.3401175 3.5 -3.910899 1 1 1
v -9.457038E-16 3.5 -4.5 1 1 1
v -9.457038E-16 3.5 -3.714532 1 1 1
v -0.3401175 3.5 -3.910899 1 1 1
v -0.3401175 3.5 -4.303633 1 1 1
v 0.83 2.1 -2.3 1 1 1
v -0.83 2.1 -2.3 1 1 1
v 0.83 3.5 -2.3 1 1 1
v -0.83 3.5 -2.3 1 1 1
v 1.8 2.1 -1.638982 1 1 1
v 1.8 3.5 -2.568241 1 1 1
v 2 2.1 -1.638982 1 1 1
v 2 3.5 -2.568241 1 1 1
v 2 3.5 -5.1 1 1 1
v 2 3.5 -3.353 1 1 1
v 0.83 3.5 -5.1 1 1 1
v 1.8 3.5 -3.353 1 1 1
v 0.83 3.5 -3.353 1 1 1
v -0.83 3.5 -5.1 1 1 1
v -0.83 3.5 -3.353 1 1 1
v -2 3.5 -5.1 1 1 1
v -1.8 3.5 -3.353 1 1 1
v -2 3.5 -3.353 1 1 1
v -1.8 3.5 -2.568241 1 1 1
v -2 3.5 -2.568241 1 1 1
v 1.8 2.1 -3.353 1 1 1
v -1.8 2.1 -1.638982 1 1 1
v -2 2.1 -1.638982 1 1 1
v -1.8 2.1 -3.353 1 1 1
v 0.83 2.1 -3.353 1 1 1
v -0.83 2.1 -3.353 1 1 1
v 0.1299038 9.4 -4.182266 1 1 1
v 0.1299038 9.4 -4.032266 1 1 1
v -1.516014E-14 9.4 -4.257266 1 1 1
v -1.516014E-14 9.4 -3.957266 1 1 1
v -0.1299038 9.4 -4.182266 1 1 1
v -0.1299038 9.4 -4.032266 1 1 1
v 2.150054 3.23852 0.7767161 1 1 1
v -2.249946 3.23852 0.7767161 1 1 1
v 2.150054 3.46352 0.7767161 1 1 1
v -2.249946 3.46352 0.7767161 1 1 1
v 2.150054 3.23852 0.5517161 1 1 1
v -2.249946 3.23852 0.5517161 1 1 1
v -2.249946 3.46352 0.5517161 1 1 1
v 2.150054 3.46352 0.5517161 1 1 1
v 2.150054 7.538519 0.7767161 1 1 1
v -2.249946 7.538519 0.7767161 1 1 1
v 2.150054 7.763519 0.7767161 1 1 1
v -2.249946 7.763519 0.7767161 1 1 1
v 2.150054 7.538519 0.5517161 1 1 1
v -2.249946 7.538519 0.5517161 1 1 1
v -2.249946 7.763519 0.5517161 1 1 1
v 2.150054 7.763519 0.5517161 1 1 1
v 2.150054 4.63852 -3.923284 1 1 1
v -2.249946 4.63852 -3.923284 1 1 1
v 2.150054 4.86352 -3.923284 1 1 1
v -2.249946 4.86352 -3.923284 1 1 1
v 2.150054 4.63852 -4.148284 1 1 1
v -2.249946 4.63852 -4.148284 1 1 1
v -2.249946 4.86352 -4.148284 1 1 1
v 2.150054 4.86352 -4.148284 1 1 1
v 2.150054 7.83852 -3.923284 1 1 1
v -2.249946 7.83852 -3.923284 1 1 1
v 2.150054 8.06352 -3.923284 1 1 1
v -2.249946 8.06352 -3.923284 1 1 1
v 2.150054 7.83852 -4.148284 1 1 1
v -2.249946 7.83852 -4.148284 1 1 1
v -2.249946 8.06352 -4.148284 1 1 1
v 2.150054 8.06352 -4.148284 1 1 1
v 0.65 2.1 -0.01249999 1 1 1
v 0.75 2.1 -0.1125 1 1 1
v 0.28 2.1 3.9 1 1 1
v -0.65 2.1 -0.01249999 1 1 1
v 2 2.1 1.2 1 1 1
v -0.28 2.1 3.9 1 1 1
v 0.75 2.1 -1.4125 1 1 1
v -2 2.1 1.2 1 1 1
v 2 2.1 -2.3 1 1 1
v -0.75 2.1 -0.1125 1 1 1
v 0.65 2.1 -1.5125 1 1 1
v -2 2.1 -2.3 1 1 1
v -0.75 2.1 -1.4125 1 1 1
v -0.65 2.1 -1.5125 1 1 1
v -0.28 1.089 3.9 1 1 1
v -1.1 0.2 1.2 1 1 1
v -1.7 0.7 1.2 1 1 1
v -2 1.5 1.2 1 1 1
v 2 1.5 1.2 1 1 1
v 1.7 0.7 1.2 1 1 1
v 0.28 1.089 3.9 1 1 1
v 1.1 0.2 1.2 1 1 1
v -1.7 0.7 -4.1 1 1 1
v 1.7 0.7 -4.1 1 1 1
v -2 1.5 -4.6 1 1 1
v 2 1.5 -4.6 1 1 1
v 1.1 0.2 -4.1 1 1 1
v 1.1 0.2 -1.638982 1 1 1
v 1.7 0.7 -1.638982 1 1 1
v -2 2.1 -4.6 1 1 1
v -2 1.5 -1.638982 1 1 1
v -2 3.5 -3.353 1 1 1
v -2 3.5 -5.1 1 1 1
v -2 2.8 -5.1 1 1 1
v -2 3.5 -2.568241 1 1 1
v -2 2.1 -1.638982 1 1 1
v 2 1.5 -1.638982 1 1 1
v -1.1 0.2 -4.1 1 1 1
v 2 2.8 -5.1 1 1 1
v 2 3.5 -5.1 1 1 1
v -0.83 3.5 -5.1 1 1 1
v 0.83 3.5 -5.1 1 1 1
v 2 2.1 -4.6 1 1 1
v 2 3.5 -3.353 1 1 1
v 2 3.5 -2.568241 1 1 1
v 2 2.1 -1.638982 1 1 1
v -1.7 0.7 -1.638982 1 1 1
v -1.1 0.2 -1.638982 1 1 1
v -2.2 1.5 -2.668241 1 1 1
v -2.2 1.9 -2.668241 1 1 1
v -2.1 1.5 -2.568241 1 1 1
v -2.1 1.9 -2.568241 1 1 1
v -2 1.5 -2.568241 1 1 1
v -2 1.5 -4.6 1 1 1
v -2.1 1.5 -4.8 1 1 1
v -2.2 1.5 -4.7 1 1 1
v 2 1.5 -4.6 1 1 1
v 2.1 1.5 -4.8 1 1 1
v 2 1.5 -2.568241 1 1 1
v 2.1 1.5 -2.568241 1 1 1
v 2.2 1.5 -4.7 1 1 1
v 2.2 1.5 -2.668241 1 1 1
v 2.2 1.9 -4.7 1 1 1
v 2.2 1.9 -2.668241 1 1 1
v 2.1 1.9 -4.8 1 1 1
v 2.1 1.9 -2.568241 1 1 1
v 2 1.9 -4.6 1 1 1
v 2 1.9 -2.568241 1 1 1
v -2.1 1.9 -4.8 1 1 1
v -2 1.9 -4.6 1 1 1
v -2 1.9 -2.568241 1 1 1
v -2.2 1.9 -4.7 1 1 1
v 2 2.939782 -3.8 1 1 1
v 2.1 2.939782 -3.8 1 1 1
v 2 3.194495 -3.694495 1 1 1
v 2.1 3.194495 -3.694495 1 1 1
v 2.1 3.316478 -3.4 1 1 1
v 2 3.316478 -3.4 1 1 1
v 2.1 3.194495 -3.105505 1 1 1
v 2 3.194495 -3.105505 1 1 1
v 2.1 2.939782 -3 1 1 1
v 2 2.939782 -3 1 1 1
v 2.1 2.2 -3 1 1 1
v 2 2.2 -3 1 1 1
v 2.05 2.3 -3.2 1 1 1
v 2.1 2.3 -3.2 1 1 1
v 2.05 2.9 -3.2 1 1 1
v 2.1 2.9 -3.2 1 1 1
v 2.05 3.041421 -3.258579 1 1 1
v 2.1 3.041421 -3.258579 1 1 1
v 2.1 3.1 -3.4 1 1 1
v 2.05 3.1 -3.4 1 1 1
v 2.1 3.041421 -3.541421 1 1 1
v 2.05 3.041421 -3.541421 1 1 1
v 2.1 2.9 -3.6 1 1 1
v 2.05 2.9 -3.6 1 1 1
v 2.1 2.3 -3.6 1 1 1
v 2.05 2.3 -3.6 1 1 1
v 2 2.2 -3.8 1 1 1
v 2.1 2.2 -3.8 1 1 1
v 2.1 2.1 -3.1 1 1 1
v 2.1 2.1 -3.7 1 1 1
v 2 2.1 -3.1 1 1 1
v 2 2.1 -3.7 1 1 1
v 2.1 2.129289 -3.77071 1 1 1
v 2 2.129289 -3.77071 1 1 1
v 2.1 2.129289 -3.029289 1 1 1
v 2 2.129289 -3.029289 1 1 1
v 0.1241253 2.1 0.6658224 1 1 1
v 0.1241253 2.1 0.4648224 1 1 1
v -0.04994581 2.1 0.7663224 1 1 1
v -0.04994581 2.1 0.3643224 1 1 1
v -0.2240169 2.1 0.6658224 1 1 1
v -0.2240169 2.1 0.4648224 1 1 1
v 0.4000001 2.939782 -2.3 1 1 1
v 0.4000001 2.939782 -2.1 1 1 1
v 0.2944948 3.194495 -2.3 1 1 1
v 0.2944948 3.194495 -2.1 1 1 1
v -8.817923E-09 3.316478 -2.1 1 1 1
v 1.502394E-08 3.316478 -2.3 1 1 1
v -0.2944947 3.194495 -2.1 1 1 1
v -0.2944947 3.194495 -2.3 1 1 1
v -0.4000001 2.939782 -2.1 1 1 1
v -0.4000001 2.939782 -2.3 1 1 1
v -0.2 2.1 -2.25 1 1 1
v -0.2 2.1 -2.1 1 1 1
v -0.2 2.9 -2.25 1 1 1
v -0.2 2.9 -2.1 1 1 1
v -0.1414214 3.041421 -2.25 1 1 1
v -0.1414214 3.041421 -2.1 1 1 1
v -1.043081E-08 3.1 -2.1 1 1 1
v 7.450581E-09 3.1 -2.25 1 1 1
v 0.1414214 3.041421 -2.1 1 1 1
v 0.1414214 3.041421 -2.25 1 1 1
v 0.2 2.9 -2.1 1 1 1
v 0.2 2.9 -2.25 1 1 1
v 0.2 2.1 -2.1 1 1 1
v 0.2 2.1 -2.25 1 1 1
v -0.4000001 2.1 -2.1 1 1 1
v -0.4000001 2.1 -2.3 1 1 1
v 0.4000001 2.1 -2.1 1 1 1
v 0.4000001 2.1 -2.3 1 1 1
v -0.8299999 3.5 -3.353 1 1 1
v -0.8299999 3.5 -2.94575 1 1 1
v -1.8 3.5 -3.353 1 1 1
v -1.8 3.5 -2.94575 1 1 1
v -0.8299999 3.15 -2.59475 1 1 1
v -1.8 3.15 -2.59475 1 1 1
v -0.8299999 3.325 -2.902 1 1 1
v -1.8 3.325 -2.902 1 1 1
v -0.8299999 3.45625 -2.902 1 1 1
v -1.8 3.45625 -2.902 1 1 1
v -0.8299999 2.975 -2.551 1 1 1
v -1.8 2.975 -2.551 1 1 1
v -0.8299999 3.10625 -2.551 1 1 1
v -1.8 3.10625 -2.551 1 1 1
v -1.8 2.625 -2.2 1 1 1
v -1.8 2.75625 -2.2 1 1 1
v -1.8 2.275 -1.849 1 1 1
v -1.8 2.40625 -1.849 1 1 1
v -1.8 2.45 -1.89275 1 1 1
v -1.8 2.8 -2.24375 1 1 1
v -2.05 3.1 -3.4 1 1 1
v -2.05 3.041421 -3.541421 1 1 1
v -2.1 3.1 -3.4 1 1 1
v -2.1 3.041421 -3.541421 1 1 1
v -2.05 2.9 -3.6 1 1 1
v -2.1 2.9 -3.6 1 1 1
v -2.1 2.939782 -3.8 1 1 1
v -2 2.939782 -3.8 1 1 1
v -2.1 3.194495 -3.694495 1 1 1
v -2 3.194495 -3.694495 1 1 1
v -2.1 2.2 -3.8 1 1 1
v -2 2.2 -3.8 1 1 1
v -2.05 2.3 -3.6 1 1 1
v -2.05 2.3 -3.2 1 1 1
v -2.1 2.3 -3.6 1 1 1
v -2.1 2.3 -3.2 1 1 1
v -2.1 2.129289 -3.77071 1 1 1
v -2 2.129289 -3.77071 1 1 1
v -2 2.939782 -3 1 1 1
v -2.1 2.939782 -3 1 1 1
v -2 3.194495 -3.105505 1 1 1
v -2.1 3.194495 -3.105505 1 1 1
v -2 3.316478 -3.4 1 1 1
v -2.1 3.316478 -3.4 1 1 1
v -2.1 2.9 -3.2 1 1 1
v -2.05 2.9 -3.2 1 1 1
v -2 2.129289 -3.029289 1 1 1
v -2.1 2.129289 -3.029289 1 1 1
v -2 2.2 -3 1 1 1
v -2.1 2.2 -3 1 1 1
v -2 2.1 -3.7 1 1 1
v -2.1 2.1 -3.7 1 1 1
v -2.1 2.1 -3.1 1 1 1
v -2.1 3.041421 -3.258579 1 1 1
v -2 2.1 -3.1 1 1 1
v -2.05 3.041421 -3.258579 1 1 1
v 0.1740711 2.1 3.065823 1 1 1
v 0.1740711 2.1 2.864822 1 1 1
v 1.082867E-14 2.1 3.166322 1 1 1
v 1.082867E-14 2.1 2.764323 1 1 1
v -0.1740711 2.1 3.065823 1 1 1
v -0.1740711 2.1 2.864822 1 1 1
v 0.2821356 4.282136 -2.64624 1 1 1
v 0.3627458 4.201526 -2.64624 1 1 1
v 0.2821356 4.282136 -2.4 1 1 1
v 0.3627458 4.201526 -2.4 1 1 1
v -0.2821356 4.282136 -2.64624 1 1 1
v -0.2821356 4.282136 -2.4 1 1 1
v -0.3627458 4.201526 -2.64624 1 1 1
v -0.3627458 4.201526 -2.4 1 1 1
v -0.3627458 3.637254 -2.64624 1 1 1
v -0.3627458 3.637254 -2.4 1 1 1
v -0.2821356 3.556644 -2.64624 1 1 1
v -0.2821356 3.556644 -2.4 1 1 1
v 2.237925E-14 3.83878 -2.64624 1 1 1
v -0.08061017 3.91939 -2.64624 1 1 1
v 0.08061017 3.91939 -2.64624 1 1 1
v 0.3627458 3.637254 -2.64624 1 1 1
v 0.2821356 3.556644 -2.64624 1 1 1
v 1.082867E-14 4 -2.64624 1 1 1
v -7.219118E-16 4 -2.4 1 1 1
v 0.08061017 3.91939 -2.4 1 1 1
v -0.08061017 3.91939 -2.4 1 1 1
v 1.082867E-14 3.83878 -2.4 1 1 1
v 0.3627458 3.637254 -2.4 1 1 1
v 0.2821356 3.556644 -2.4 1 1 1
v 0.8299999 3.5 -3.353 1 1 1
v 0.8299999 3.5 -2.94575 1 1 1
v 1.8 3.5 -3.353 1 1 1
v 1.8 3.5 -2.94575 1 1 1
v 0.8299999 3.15 -2.59475 1 1 1
v 1.8 3.15 -2.59475 1 1 1
v 0.8299999 3.325 -2.902 1 1 1
v 1.8 3.325 -2.902 1 1 1
v 0.8299999 3.45625 -2.902 1 1 1
v 1.8 3.45625 -2.902 1 1 1
v 0.8299999 2.975 -2.551 1 1 1
v 1.8 2.975 -2.551 1 1 1
v 0.8299999 3.10625 -2.551 1 1 1
v 1.8 3.10625 -2.551 1 1 1
v 1.8 2.625 -2.2 1 1 1
v 1.8 2.75625 -2.2 1 1 1
v 1.8 2.275 -1.849 1 1 1
v 1.8 2.40625 -1.849 1 1 1
v 1.8 2.45 -1.89275 1 1 1
v 1.8 2.8 -2.24375 1 1 1
v 0.1740711 3.5 -4.006766 1 1 1
v 0.1740711 3.5 -4.207766 1 1 1
v -1.227249E-14 3.5 -3.906266 1 1 1
v -1.227249E-14 3.5 -4.308266 1 1 1
v -0.1740711 3.5 -4.006766 1 1 1
v -0.1740711 3.5 -4.207766 1 1 1
v -0.75 2.3 -0.1125 1 1 1
v -0.65 2.3 -0.01249999 1 1 1
v -0.75 2.3 -1.4125 1 1 1
v -0.65 2.3 -1.5125 1 1 1
v 0.65 2.3 -0.01249999 1 1 1
v 0.75 2.3 -1.4125 1 1 1
v 0.75 2.3 -0.1125 1 1 1
v 0.65 2.3 -1.5125 1 1 1
v 0.55 2.3 -1.3125 1 1 1
v 0.55 2.3 -0.2125 1 1 1
v -0.55 2.3 -1.3125 1 1 1
v -0.55 2.3 -0.2125 1 1 1
v -1.849946 4.86352 -4.248284 1 1 1
v -1.849946 4.63852 -4.248284 1 1 1
v -1.849946 4.96352 -4.148284 1 1 1
v -1.849946 4.53852 -4.148284 1 1 1
v -1.849946 4.96352 -3.923284 1 1 1
v -1.849946 4.53852 -3.923284 1 1 1
v -1.849946 4.86352 -3.823284 1 1 1
v -1.849946 4.63852 -3.823284 1 1 1
v -2.049946 4.63852 -4.248284 1 1 1
v -2.049946 4.86352 -4.248284 1 1 1
v -2.049946 4.53852 -4.148284 1 1 1
v -2.049946 4.96352 -4.148284 1 1 1
v -2.049946 4.53852 -3.923284 1 1 1
v -2.049946 4.96352 -3.923284 1 1 1
v -2.049946 4.63852 -3.823284 1 1 1
v -2.049946 4.86352 -3.823284 1 1 1
v 1.950054 8.063519 -4.248284 1 1 1
v 1.950054 7.83852 -4.248284 1 1 1
v 1.950054 8.16352 -4.148284 1 1 1
v 1.950054 7.73852 -4.148284 1 1 1
v 1.950054 8.16352 -3.923284 1 1 1
v 1.950054 7.73852 -3.923284 1 1 1
v 1.950054 8.063519 -3.823284 1 1 1
v 1.950054 7.83852 -3.823284 1 1 1
v 1.750054 7.83852 -4.248284 1 1 1
v 1.750054 8.063519 -4.248284 1 1 1
v 1.750054 7.73852 -4.148284 1 1 1
v 1.750054 8.16352 -4.148284 1 1 1
v 1.750054 7.73852 -3.923284 1 1 1
v 1.750054 8.16352 -3.923284 1 1 1
v 1.750054 7.83852 -3.823284 1 1 1
v 1.750054 8.063519 -3.823284 1 1 1
v -1.849946 8.063519 -4.248284 1 1 1
v -1.849946 7.83852 -4.248284 1 1 1
v -1.849946 8.16352 -4.148284 1 1 1
v -1.849946 7.73852 -4.148284 1 1 1
v -1.849946 8.16352 -3.923284 1 1 1
v -1.849946 7.73852 -3.923284 1 1 1
v -1.849946 8.063519 -3.823284 1 1 1
v -1.849946 7.83852 -3.823284 1 1 1
v -2.049946 7.83852 -4.248284 1 1 1
v -2.049946 8.063519 -4.248284 1 1 1
v -2.049946 7.73852 -4.148284 1 1 1
v -2.049946 8.16352 -4.148284 1 1 1
v -2.049946 7.73852 -3.923284 1 1 1
v -2.049946 8.16352 -3.923284 1 1 1
v -2.049946 7.83852 -3.823284 1 1 1
v -2.049946 8.063519 -3.823284 1 1 1
v -2.249946 4.911896 -4.023561 1 1 1
v -2.249946 5.084601 -3.93563 1 1 1
v -2.249946 4.86352 -3.923284 1 1 1
v -2.249946 5.638827 -3.653456 1 1 1
v -2.249946 5.576857 -3.410101 1 1 1
v -2.249946 6.35102 -3.53909 1 1 1
v 2.150054 4.86352 -3.923284 1 1 1
v 2.150054 4.911896 -4.023561 1 1 1
v -2.249946 6.35102 -3.285784 1 1 1
v -2.249946 7.125184 -3.410101 1 1 1
v -2.249946 7.063213 -3.653456 1 1 1
v -2.249946 7.83852 -3.923284 1 1 1
v -2.249946 7.617439 -3.93563 1 1 1
v -2.249946 7.790145 -4.023561 1 1 1
v 2.150054 7.83852 -3.923284 1 1 1
v 2.150054 7.790145 -4.023561 1 1 1
v 2.150054 7.125184 -3.410101 1 1 1
v 2.150054 6.35102 -3.285784 1 1 1
v 2.150054 5.576857 -3.410101 1 1 1
v 2.150054 6.35102 -3.53909 1 1 1
v 2.150054 7.063213 -3.653456 1 1 1
v 2.150054 7.617439 -3.93563 1 1 1
v 2.150054 5.638827 -3.653456 1 1 1
v 2.150054 5.084601 -3.93563 1 1 1
v -0.1098751 3.1 3.140773 1 1 1
v -0.1098751 4.7715 3.340773 1 1 1
v -0.1098751 3.3 4.220387 1 1 1
v -0.1098751 5.241408 3.567453 1 1 1
v -0.1098751 6.443 3.140773 1 1 1
v 0.1098751 6.443 3.140773 1 1 1
v -0.1098751 4.114594 4.295257 1 1 1
v -0.1098751 3.1 5.3 1 1 1
v 0.1098751 5.241408 3.567453 1 1 1
v 0.1098751 4.7715 3.340773 1 1 1
v 0.1098751 4.114594 4.295257 1 1 1
v 0.1098751 3.1 5.3 1 1 1
v 0.1098751 3.3 4.220387 1 1 1
v 0.1098751 3.1 3.140773 1 1 1
v -1.849946 3.46352 0.4517161 1 1 1
v -1.849946 3.23852 0.4517161 1 1 1
v -1.849946 3.56352 0.5517161 1 1 1
v -1.849946 3.13852 0.5517161 1 1 1
v -1.849946 3.56352 0.7767161 1 1 1
v -1.849946 3.13852 0.7767161 1 1 1
v -1.849946 3.46352 0.8767161 1 1 1
v -1.849946 3.23852 0.8767161 1 1 1
v -2.049946 3.23852 0.4517161 1 1 1
v -2.049946 3.46352 0.4517161 1 1 1
v -2.049946 3.13852 0.5517161 1 1 1
v -2.049946 3.56352 0.5517161 1 1 1
v -2.049946 3.13852 0.7767161 1 1 1
v -2.049946 3.56352 0.7767161 1 1 1
v -2.049946 3.23852 0.8767161 1 1 1
v -2.049946 3.46352 0.8767161 1 1 1
v 1.950054 3.46352 0.4517161 1 1 1
v 1.950054 3.23852 0.4517161 1 1 1
v 1.950054 3.56352 0.5517161 1 1 1
v 1.950054 3.13852 0.5517161 1 1 1
v 1.950054 3.56352 0.7767161 1 1 1
v 1.950054 3.13852 0.7767161 1 1 1
v 1.950054 3.46352 0.8767161 1 1 1
v 1.950054 3.23852 0.8767161 1 1 1
v 1.750054 3.23852 0.4517161 1 1 1
v 1.750054 3.46352 0.4517161 1 1 1
v 1.750054 3.13852 0.5517161 1 1 1
v 1.750054 3.56352 0.5517161 1 1 1
v 1.750054 3.13852 0.7767161 1 1 1
v 1.750054 3.56352 0.7767161 1 1 1
v 1.750054 3.23852 0.8767161 1 1 1
v 1.750054 3.46352 0.8767161 1 1 1
v 1.950054 7.76352 0.4517161 1 1 1
v 1.950054 7.53852 0.4517161 1 1 1
v 1.950054 7.863521 0.5517161 1 1 1
v 1.950054 7.43852 0.5517161 1 1 1
v 1.950054 7.863521 0.7767161 1 1 1
v 1.950054 7.43852 0.7767161 1 1 1
v 1.950054 7.76352 0.8767161 1 1 1
v 1.950054 7.53852 0.8767161 1 1 1
v 1.750054 7.53852 0.4517161 1 1 1
v 1.750054 7.76352 0.4517161 1 1 1
v 1.750054 7.43852 0.5517161 1 1 1
v 1.750054 7.863521 0.5517161 1 1 1
v 1.750054 7.43852 0.7767161 1 1 1
v 1.750054 7.863521 0.7767161 1 1 1
v 1.750054 7.53852 0.8767161 1 1 1
v 1.750054 7.76352 0.8767161 1 1 1
v -1.849946 7.76352 0.4517161 1 1 1
v -1.849946 7.53852 0.4517161 1 1 1
v -1.849946 7.863521 0.5517161 1 1 1
v -1.849946 7.43852 0.5517161 1 1 1
v -1.849946 7.863521 0.7767161 1 1 1
v -1.849946 7.43852 0.7767161 1 1 1
v -1.849946 7.76352 0.8767161 1 1 1
v -1.849946 7.53852 0.8767161 1 1 1
v -2.049946 7.53852 0.4517161 1 1 1
v -2.049946 7.76352 0.4517161 1 1 1
v -2.049946 7.43852 0.5517161 1 1 1
v -2.049946 7.863521 0.5517161 1 1 1
v -2.049946 7.43852 0.7767161 1 1 1
v -2.049946 7.863521 0.7767161 1 1 1
v -2.049946 7.53852 0.8767161 1 1 1
v -2.049946 7.76352 0.8767161 1 1 1
v 2.150054 7.472258 0.6430142 1 1 1
v 2.150054 7.53852 0.7767161 1 1 1
v -2.249946 7.472258 0.6430142 1 1 1
v -2.249946 7.53852 0.7767161 1 1 1
v -2.249946 6.561429 1.46096 1 1 1
v -2.249946 6.476545 1.136487 1 1 1
v -2.249946 7.235695 0.7602541 1 1 1
v -2.249946 5.50102 1.288975 1 1 1
v -2.249946 5.50102 1.626716 1 1 1
v 2.150054 6.561429 1.46096 1 1 1
v -2.249946 4.440611 1.46096 1 1 1
v -2.249946 4.525495 1.136487 1 1 1
v 2.150054 5.50102 1.626716 1 1 1
v -2.249946 3.46352 0.7767161 1 1 1
v -2.249946 3.766345 0.7602541 1 1 1
v -2.249946 3.529782 0.6430142 1 1 1
v 2.150054 3.46352 0.7767161 1 1 1
v 2.150054 3.529782 0.6430142 1 1 1
v 2.150054 4.440611 1.46096 1 1 1
v 2.150054 5.50102 1.288975 1 1 1
v 2.150054 6.476545 1.136487 1 1 1
v 2.150054 4.525495 1.136487 1 1 1
v 2.150054 3.766345 0.7602541 1 1 1
v 2.150054 7.235695 0.7602541 1 1 1
v 1.950054 4.86352 -4.248284 1 1 1
v 1.950054 4.63852 -4.248284 1 1 1
v 1.950054 4.96352 -4.148284 1 1 1
v 1.950054 4.53852 -4.148284 1 1 1
v 1.950054 4.96352 -3.923284 1 1 1
v 1.950054 4.53852 -3.923284 1 1 1
v 1.950054 4.86352 -3.823284 1 1 1
v 1.950054 4.63852 -3.823284 1 1 1
v 1.750054 4.63852 -4.248284 1 1 1
v 1.750054 4.86352 -4.248284 1 1 1
v 1.750054 4.53852 -4.148284 1 1 1
v 1.750054 4.96352 -4.148284 1 1 1
v 1.750054 4.53852 -3.923284 1 1 1
v 1.750054 4.96352 -3.923284 1 1 1
v 1.750054 4.63852 -3.823284 1 1 1
v 1.750054 4.86352 -3.823284 1 1 1
v 0.55 1.6 -1.3125 1 1 1
v 0.55 1.6 -0.2125 1 1 1
v -0.55 1.6 -1.3125 1 1 1
v -0.55 1.6 -0.2125 1 1 1
v 0.06702119 8.837976 0.7407729 1 1 1
v -0.1669128 8.837976 0.7407729 1 1 1
v 0.06702119 9.038 0.7407729 1 1 1
v -0.1669128 9.038 0.7407729 1 1 1
v 0.1255047 8.837976 0.6822894 1 1 1
v 0.1255047 8.837976 0.4483554 1 1 1
v 0.06702119 8.837976 0.3898719 1 1 1
v -0.1669128 8.837976 0.3898719 1 1 1
v -0.2253963 8.837976 0.6822894 1 1 1
v -0.2253963 8.837976 0.4483554 1 1 1
v 0.1255047 9.038 0.6822894 1 1 1
v 0.1255047 9.599976 0.6822894 1 1 1
v 0.1255047 9.599976 0.4483554 1 1 1
v 0.06702119 9.599976 0.7407729 1 1 1
v 0.06702119 9.599976 0.3898719 1 1 1
v -0.1669128 9.599976 0.7407729 1 1 1
v -0.1669128 9.599976 0.3898719 1 1 1
v -0.2253963 9.599976 0.6822894 1 1 1
v -0.2253963 9.599976 0.4483554 1 1 1
v 0.1255047 9.038 0.4483554 1 1 1
v 0.06702119 9.038 0.3898719 1 1 1
v -0.1669128 9.038 0.3898719 1 1 1
v -0.2253963 9.038 0.4483554 1 1 1
v -0.2253963 9.038 0.6822894 1 1 1
v 0.1255047 9.8 0.6822894 1 1 1
v 0.06702119 9.8 0.7407729 1 1 1
v 0.1255047 9.8 0.4483554 1 1 1
v 0.06702119 9.8 0.3898719 1 1 1
v -0.1669128 9.8 0.3898719 1 1 1
v -0.1669128 9.8 0.7407729 1 1 1
v -0.2253963 9.8 0.4483554 1 1 1
v -0.2253963 9.8 0.6822894 1 1 1
v 0.116967 5.480975 3.140773 1 1 1
v -0.116967 5.480975 3.140773 1 1 1
v 0.116967 5.681 3.140773 1 1 1
v -0.116967 5.681 3.140773 1 1 1
v 0.1754505 5.480975 3.082289 1 1 1
v 0.1754505 5.480975 2.848356 1 1 1
v 0.116967 5.480975 2.789872 1 1 1
v -0.116967 5.480975 2.789872 1 1 1
v -0.1754505 5.480975 3.082289 1 1 1
v -0.1754505 5.480975 2.848356 1 1 1
v 0.1754505 5.681 3.082289 1 1 1
v 0.1754505 6.242975 3.082289 1 1 1
v 0.1754505 6.242975 2.848356 1 1 1
v 0.116967 6.242975 3.140773 1 1 1
v 0.116967 6.242975 2.789872 1 1 1
v -0.116967 6.242975 3.140773 1 1 1
v -0.116967 6.242975 2.789872 1 1 1
v -0.1754505 6.242975 3.082289 1 1 1
v -0.1754505 6.242975 2.848356 1 1 1
v 0.1754505 5.681 2.848356 1 1 1
v 0.116967 5.681 2.789872 1 1 1
v -0.116967 5.681 2.789872 1 1 1
v -0.1754505 5.681 2.848356 1 1 1
v -0.1754505 5.681 3.082289 1 1 1
v 0.1754505 6.443 3.082289 1 1 1
v 0.116967 6.443 3.140773 1 1 1
v 0.1754505 6.443 2.848356 1 1 1
v 0.116967 6.443 2.789872 1 1 1
v -0.116967 6.443 2.789872 1 1 1
v -0.116967 6.443 3.140773 1 1 1
v -0.1754505 6.443 2.848356 1 1 1
v -0.1754505 6.443 3.082289 1 1 1
v -0.055155 6.433475 1.870161 1 1 1
v -0.055155 5.480975 1.870161 1 1 1
v -0.055155 6.433475 1.968184 1 1 1
v -0.055155 5.480975 1.968184 1 1 1
v 0.06788308 6.433475 2.154964 1 1 1
v 0.06788308 5.480975 2.154964 1 1 1
v 0.06788308 6.433475 2.275608 1 1 1
v 0.06788308 5.480975 2.275608 1 1 1
v -0.09758193 6.433475 2.526794 1 1 1
v -0.09758193 5.480975 2.526794 1 1 1
v 0 6.433475 1.786432 1 1 1
v 0 5.480975 1.786432 1 1 1
v -0.09758193 6.433475 2.70022 1 1 1
v -0.09758193 5.480975 2.70022 1 1 1
v 0 6.433475 2.848355 1 1 1
v 0 5.480975 2.848355 1 1 1
v 0 6.433475 2.051913 1 1 1
v 0 5.480975 2.051913 1 1 1
v -0.055155 9.190475 -5.202427 1 1 1
v -0.055155 8.237974 -5.202427 1 1 1
v -0.055155 9.190475 -5.104404 1 1 1
v -0.055155 8.237974 -5.104404 1 1 1
v 0.06788308 9.190475 -4.917624 1 1 1
v 0.06788308 8.237974 -4.917624 1 1 1
v 0.06788308 9.190475 -4.796981 1 1 1
v 0.06788308 8.237974 -4.796981 1 1 1
v -0.09758193 9.190475 -4.545794 1 1 1
v -0.09758193 8.237974 -4.545794 1 1 1
v 0 9.190475 -5.286156 1 1 1
v 0 8.237974 -5.286156 1 1 1
v -0.09758193 9.190475 -4.372369 1 1 1
v -0.09758193 8.237974 -4.372369 1 1 1
v 0 9.190475 -4.224233 1 1 1
v 0 8.237974 -4.224233 1 1 1
v 0 9.190475 -5.020676 1 1 1
v 0 8.237974 -5.020676 1 1 1
v 0.116967 8.237974 -3.931815 1 1 1
v -0.116967 8.237974 -3.931815 1 1 1
v 0.116967 8.437999 -3.931815 1 1 1
v -0.116967 8.437999 -3.931815 1 1 1
v 0.1754505 8.237974 -3.990299 1 1 1
v 0.1754505 8.237974 -4.224233 1 1 1
v 0.116967 8.237974 -4.282716 1 1 1
v -0.116967 8.237974 -4.282716 1 1 1
v -0.1754505 8.237974 -3.990299 1 1 1
v -0.1754505 8.237974 -4.224233 1 1 1
v 0.1754505 8.437999 -3.990299 1 1 1
v 0.1754505 8.999974 -3.990299 1 1 1
v 0.1754505 8.999974 -4.224233 1 1 1
v 0.116967 8.999974 -3.931815 1 1 1
v 0.116967 8.999974 -4.282716 1 1 1
v -0.116967 8.999974 -3.931815 1 1 1
v -0.116967 8.999974 -4.282716 1 1 1
v -0.1754505 8.999974 -3.990299 1 1 1
v -0.1754505 8.999974 -4.224233 1 1 1
v 0.1754505 8.437999 -4.224233 1 1 1
v 0.116967 8.437999 -4.282716 1 1 1
v -0.116967 8.437999 -4.282716 1 1 1
v -0.1754505 8.437999 -4.224233 1 1 1
v -0.1754505 8.437999 -3.990299 1 1 1
v 0.1754505 9.199999 -3.990299 1 1 1
v 0.116967 9.199999 -3.931815 1 1 1
v 0.1754505 9.199999 -4.224233 1 1 1
v 0.116967 9.199999 -4.282716 1 1 1
v -0.116967 9.199999 -4.282716 1 1 1
v -0.116967 9.199999 -3.931815 1 1 1
v -0.1754505 9.199999 -4.224233 1 1 1
v -0.1754505 9.199999 -3.990299 1 1 1
v -0.1051008 9.790476 -0.5298389 1 1 1
v -0.1051008 8.837976 -0.5298389 1 1 1
v -0.1051008 9.790476 -0.4318158 1 1 1
v -0.1051008 8.837976 -0.4318158 1 1 1
v 0.01793728 9.790476 -0.2450361 1 1 1
v 0.01793728 8.837976 -0.2450361 1 1 1
v 0.01793728 9.790476 -0.1243922 1 1 1
v 0.01793728 8.837976 -0.1243922 1 1 1
v -0.1475277 9.790476 0.1267942 1 1 1
v -0.1475277 8.837976 0.1267942 1 1 1
v -0.0499458 9.790476 -0.6135677 1 1 1
v -0.0499458 8.837976 -0.6135677 1 1 1
v -0.1475277 9.790476 0.3002198 1 1 1
v -0.1475277 8.837976 0.3002198 1 1 1
v -0.0499458 9.790476 0.4483554 1 1 1
v -0.0499458 8.837976 0.4483554 1 1 1
v -0.0499458 9.790476 -0.348087 1 1 1
v -0.0499458 8.837976 -0.348087 1 1 1
v -1.149946 2.1 -0.9875 1 1 1
v -2.249946 2.1 -0.9875 1 1 1
v -1.149946 1.463733 -0.9875 1 1 1
v -2.249946 1.463733 -0.9875 1 1 1
v 1.050054 1.463733 -0.9875 1 1 1
v 2.150054 1.463733 -0.9875 1 1 1
v -1.918632 0.5802304 -0.9875 1 1 1
v 2.150054 2.1 -0.9875 1 1 1
v 1.050054 2.1 -0.9875 1 1 1
v 1.818741 0.5802304 -0.9875 1 1 1
v -1.222356 2.030376E-16 -0.9875 1 1 1
v 1.122464 0 -0.9875 1 1 1
v 2.150054 2.1 -0.1125 1 1 1
v 2.150054 1.463733 -0.1125 1 1 1
v -2.249946 1.463733 -0.1125 1 1 1
v -2.249946 2.1 -0.1125 1 1 1
v -1.918632 0.5802304 -0.1125 1 1 1
v -1.222356 2.030376E-16 -0.1125 1 1 1
v 1.122464 0 -0.1125 1 1 1
v 1.818741 0.5802304 -0.1125 1 1 1
v 1.050054 2.1 -0.1125 1 1 1
v 1.050054 1.463733 -0.1125 1 1 1
v -1.149946 1.463733 -0.1125 1 1 1
v -1.149946 2.1 -0.1125 1 1 1
v -0.6300001 3.8 -3.353 1 1 1
v -0.6300001 3.5 -3.353 1 1 1
v -0.6300001 3.941421 -3.294421 1 1 1
v -0.6300001 3.5 -2.4 1 1 1
v -0.6300001 4 -3.153 1 1 1
v -0.6300001 4 -2.4 1 1 1
v 0.63 3.5 -3.353 1 1 1
v 0.63 3.8 -3.353 1 1 1
v 0.63 3.5 -2.4 1 1 1
v 0.63 3.941421 -3.294421 1 1 1
v 0.63 4 -3.153 1 1 1
v 0.63 4 -2.4 1 1 1
v 0.93 3.8 -3.353 1 1 1
v 0.93 3.941421 -3.294421 1 1 1
v 0.93 3.5 -3.353 1 1 1
v 0.93 3.5 -2.3 1 1 1
v 0.93 4 -3.153 1 1 1
v 0.93 4 -2.3 1 1 1
v 0.8714213 3.5 -2.158579 1 1 1
v 0.73 3.5 -2.1 1 1 1
v 0.8714213 4 -2.158579 1 1 1
v 0.73 4 -2.1 1 1 1
v -0.9299999 3.5 -2.3 1 1 1
v -0.9299999 4 -2.3 1 1 1
v -0.8714213 3.5 -2.158579 1 1 1
v -0.8714213 4 -2.158579 1 1 1
v -0.7300001 3.5 -2.1 1 1 1
v -0.7300001 4 -2.1 1 1 1
v -0.9299999 3.941421 -3.294421 1 1 1
v -0.9299999 4 -3.153 1 1 1
v -0.9299999 3.8 -3.353 1 1 1
v -0.9299999 3.5 -3.353 1 1 1
v -2.2 2.1 -0.1125001 1 1 1
v -2.2 2.475 -0.1125001 1 1 1
v -2.2 2.1 1.258292 1 1 1
v -2.2 2.6 0.01249999 1 1 1
v -2.2 2.6 1.258292 1 1 1
v -1.8 2.1 -0.1125001 1 1 1
v -1.8 2.475 -0.1125001 1 1 1
v -1.8 2.6 0.01249999 1 1 1
v -1.8 2.1 1.141708 1 1 1
v -1.8 2.6 1.141708 1 1 1
v 2.2 2.1 -0.1125001 1 1 1
v 1.8 2.1 -0.1125001 1 1 1
v 2.2 2.1 1.258292 1 1 1
v 1.8 2.1 1.141708 1 1 1
v 0.3897268 2.1 4.1 1 1 1
v 0.1702732 2.1 3.7 1 1 1
v -0.3897268 2.1 4.1 1 1 1
v -0.1702732 2.1 3.7 1 1 1
v 1.8 2.475 -0.1125001 1 1 1
v 2.2 2.475 -0.1125001 1 1 1
v 1.8 2.6 0.01249999 1 1 1
v 2.2 2.6 0.01249999 1 1 1
v 1.8 2.6 1.141708 1 1 1
v 2.2 2.6 1.258292 1 1 1
v 1.72993 2.6 1.996193 1 1 1
v 1.392568 2.6 1.781281 1 1 1
v 1.322498 3.1 2.635766 1 1 1
v 0.3897268 3.1 4.1 1 1 1
v 0.9851366 3.1 2.420854 1 1 1
v 0.1702732 3.1 3.7 1 1 1
v -0.1702732 3.1 3.7 1 1 1
v -1.392568 2.6 1.781281 1 1 1
v -0.9851366 3.1 2.420854 1 1 1
v -0.3897268 3.1 4.1 1 1 1
v -1.72993 2.6 1.996193 1 1 1
v -1.322498 3.1 2.635766 1 1 1
v -2.053553 3.5 -5.153553 1 1 1
v -2.053553 4.2 -5.153553 1 1 1
v -2.2 3.5 -4.8 1 1 1
v -2.2 4.2 -4.8 1 1 1
v -1.8 2.6 -1.370741 1 1 1
v -2.2 2.6 -1.370741 1 1 1
v -1.8 3.886619 -2.224743 1 1 1
v -2.2 3.886619 -2.224743 1 1 1
v 1.7 3.5 -5.3 1 1 1
v 2.053553 3.5 -5.153553 1 1 1
v 1.7 4.2 -5.3 1 1 1
v 2.053553 4.2 -5.153553 1 1 1
v -1.8 2.6 -1.1125 1 1 1
v -1.8 2.475 -0.9875 1 1 1
v -2.2 2.6 -1.1125 1 1 1
v -2.2 2.475 -0.9875 1 1 1
v 2.2 2.6 -1.370741 1 1 1
v 1.8 2.6 -1.370741 1 1 1
v 2.2 3.886619 -2.224743 1 1 1
v 1.8 3.886619 -2.224743 1 1 1
v 2.2 4.2 -4.8 1 1 1
v 2.2 3.5 -4.8 1 1 1
v 2.2 4 -2.436084 1 1 1
v 1.8 4 -2.436084 1 1 1
v -1.8 2.1 -0.9875 1 1 1
v -2.2 2.1 -0.9875 1 1 1
v -1.8 4 -2.436084 1 1 1
v -2.2 4 -2.436084 1 1 1
v 2.2 4 -4.6 1 1 1
v 1.8 4 -4.6 1 1 1
v -1.7 3.5 -5.3 1 1 1
v -1.7 4.2 -5.3 1 1 1
v 2.2 2.1 -0.9875 1 1 1
v 1.8 2.1 -0.9875 1 1 1
v 2.2 2.475 -0.9875 1 1 1
v 1.8 2.475 -0.9875 1 1 1
v 2.2 2.6 -1.1125 1 1 1
v 1.8 2.6 -1.1125 1 1 1
v 1.5 4.2 -4.9 1 1 1
v 1.8 4.2 -4.9 1 1 1
v 1.5 4 -4.9 1 1 1
v 1.8 3.5 -4.9 1 1 1
v -1.8 3.5 -4.9 1 1 1
v -1.5 4 -4.9 1 1 1
v -1.8 4.2 -4.9 1 1 1
v -1.5 4.2 -4.9 1 1 1
v 1.8 2.1 -1.638982 1 1 1
v 1.8 3.5 -2.568241 1 1 1
v 1.8 3.5 -4.8 1 1 1
v 1.8 4.2 -4.6 1 1 1
v -1.8 4.2 -4.6 1 1 1
v -1.8 3.5 -4.8 1 1 1
v -1.8 4 -4.6 1 1 1
v -1.8 3.5 -2.568241 1 1 1
v -1.8 2.1 -1.638982 1 1 1
v 2.2 2.1 -1.638982 1 1 1
v 2.2 3.5 -2.568241 1 1 1
v -2.2 3.5 -2.568241 1 1 1
v -2.2 2.1 -1.638982 1 1 1
v 1.5 4 -5.3 1 1 1
v -1.5 4 -5.3 1 1 1
v 1.5 4.2 -5.3 1 1 1
v 2.2 4.2 -4.6 1 1 1
v -2.2 4 -4.6 1 1 1
v -1.5 4.2 -5.3 1 1 1
v -2.2 4.2 -4.6 1 1 1

vn 0 -1 0
vn 0.8492078 -0.1961161 -0.4902903
vn 0.8492078 -0.1961161 0.4902903
vn 0 -0.1961161 -0.9805807
vn -0.8492078 -0.1961161 -0.4902903
vn -0.8492078 -0.1961161 0.4902903
vn 0 -0.1961161 0.9805807
vn 0 1 0
vn 0 0 1
vn 0.8660254 0 0.5
vn 0.8660254 0 -0.5
vn 0 0 -1
vn -0.8660254 0 -0.5
vn -0.8660254 0 0.5
vn -1.970923E-13 0 1
vn -0.3826834 0 0.9238795
vn -0.9238795 0 0.3826834
vn -0.9238795 0 -0.3826834
vn -0.3826834 0 -0.9238795
vn 1.970923E-13 0 -1
vn 0.8584744 0.1317663 -0.4956404
vn 0.8584744 0.1317663 0.4956404
vn 0 0.1317663 -0.9912808
vn 0 0.1317663 0.9912808
vn -0.8584744 0.1317663 0.4956404
vn -0.8584744 0.1317663 -0.4956404
vn 0.3826834 0 -0.9238795
vn 0.9238795 0 -0.3826834
vn 0.9238795 0 0.3826834
vn 0.3826834 0 0.9238795
vn 1 0 0
vn 0.9220721 0.3832623 0.05378754
vn 0.9983029 0 0.05823434
vn 0.9177269 0.3935877 0.05353407
vn 0 -0.982613 0.185666
vn -0.9983029 0 0.05823434
vn -0.9220721 0.3832623 0.05378754
vn -0.9177269 0.3935877 0.05353407
vn 0.388219 0.9212888 0.0226461
vn 0.3642687 0.9310515 0.02124901
vn -0.388219 0.9212888 0.0226461
vn -0.3642687 0.9310515 0.02124901
vn 0.9238795 0.3826834 0
vn -0.3826834 0.9238795 0
vn 0.3826834 -0.9238795 0
vn -0.9238795 0.3826834 0
vn -1 0 0
vn -0.3826834 -0.9238795 0
vn -0.9238795 -0.3826834 0
vn 0.3826834 0.9238795 0
vn 0.9238795 -0.3826834 0
vn 0 0.5530205 0.8331677
vn 0 -0.7071068 0.7071068
vn 0 0.7071068 0.7071068
vn 0 -0.7071068 -0.7071068
vn 0 0.7071068 -0.7071068
vn -0.8360847 -0.1383195 0.5308768
vn -0.5843715 -0.7012459 0.4083675
vn -0.7366637 -0.4966484 0.4589847
vn -0.8449612 -0.1330057 0.5180252
vn 0.8449612 -0.1330057 0.5180252
vn 0.7366637 -0.4966484 0.4589847
vn 0.8360847 -0.1383195 0.5308768
vn 0.5843715 -0.7012459 0.4083675
vn 0 -0.3990561 -0.9169264
vn 0 -0.2456099 -0.9693688
vn 0.6401844 -0.7682213 0
vn 0.8368601 -0.5474169 0
vn 0.8153781 -0.5789288 0
vn -0.9898434 -0.1421626 0
vn -0.9839535 -0.1784248 0
vn 0.9898434 -0.1421626 0
vn 0.9839535 -0.1784248 0
vn 0 -0.9498379 0.3127429
vn -0.8434041 0 0.5372797
vn 0 -0.3051774 -0.9522955
vn 0 -0.5812382 -0.8137335
vn 0.8434041 0 0.5372797
vn -0.8368601 -0.5474169 0
vn -0.8153781 -0.5789288 0
vn -0.6401844 -0.7682213 0
vn 0 0.1950903 -0.9807853
vn 0 0.1950903 0.9807853
vn 0 -0.1950903 0.9807853
vn 0 -0.3826834 -0.9238795
vn 0 -0.3826834 0.9238795
vn 0 -0.1950903 -0.9807853
vn 0 -0.9807853 0.1950903
vn 0 -0.9807853 -0.1950903
vn 0 0.006485509 0.999979
vn -0.8660072 0.006485509 0.4999895
vn -0.8660072 0.006485509 -0.4999895
vn 0.8660072 0.006485509 -0.4999895
vn 0.8660072 0.006485509 0.4999895
vn 0 0.006485509 -0.999979
vn 0.9807854 0.1950903 1.169187E-07
vn 0.7071068 0.7071068 8.42937E-08
vn -0.7071068 0.7071068 -8.42937E-08
vn -0.9807854 0.1950903 -1.169187E-07
vn 1 0 1.192093E-07
vn 0.9238796 -0.3826834 1.10135E-07
vn 0.7071068 -0.7071068 8.42937E-08
vn -0.7071068 -0.7071068 -8.42937E-08
vn -0.9238796 -0.3826834 -1.10135E-07
vn -1 0 -1.192093E-07
vn -1.192093E-07 0 1
vn 0 0.9238795 0.3826834
vn 0 0.01122535 0.9999371
vn -0.8659709 0.01122536 0.4999685
vn -0.8659709 0.01122536 -0.4999685
vn 0.8659709 0.01122536 -0.4999685
vn 0.8659709 0.01122536 0.4999685
vn 0 0.01122535 -0.9999371
vn 0.7071068 0.7071068 0
vn -0.7071068 0.7071068 0
vn -0.7071068 -0.7071068 0
vn 0.7071068 -0.7071068 0
vn 0 0.008643745 0.9999627
vn -0.8659931 0.008643745 0.4999814
vn -0.8659931 0.008643745 -0.4999814
vn 0.8659931 0.008643745 -0.4999814
vn 0.8659931 0.008643745 0.4999814
vn 0 0.008643745 -0.9999627
vn 0 0.9238795 -0.3826834
vn 0 0.3826834 0.9238795
vn 0 0.3826834 -0.9238795
vn 0 -0.3826834 0.9238795
vn 0 -0.9238795 0.3826834
vn 0 -0.9238795 -0.3826834
vn -0.587065 -0.7846056 0.1993708
vn -0.6587921 -0.2870196 0.6954226
vn 0.587065 -0.7846056 0.1993708
vn 0 -0.9006702 -0.4345034
vn -0.6731008 0 0.7395508
vn -0.6587921 0.2870196 0.6954226
vn -0.587065 0.7846056 0.1993708
vn 0.587065 0.7846056 0.1993708
vn 0 0.9006702 -0.4345034
vn 0.6587921 0.2870196 0.6954226
vn 0.6731008 0 0.7395508
vn 0.6587921 -0.2870196 0.6954226
vn 0 0.4537128 -0.8911479
vn 0 0.3098879 -0.9507731
vn 0 -0.3098879 -0.9507731
vn 0 -0.4537128 -0.8911479
vn -0.7341428 0.2998226 0.6092132
vn -0.1400134 0.3313289 0.9330688
vn 0.1400134 0.3313289 0.9330688
vn -0.7311218 0.4273997 0.5317804
vn -0.3605042 0.6563336 0.662769
vn 0.7341428 0.2998226 0.6092132
vn 0.7311218 0.4273997 0.5317804
vn 0.3605042 0.6563336 0.662769
vn 0 -0.9832704 0.1821523
vn 0 -0.9832704 -0.1821523
vn 0 -0.1188056 -0.9929175
vn 0 0.1188056 -0.9929175
vn 0 0.8959994 -0.4440553
vn 0.5856973 0.7853567 0.2004333
vn -0.5856973 0.7853567 0.2004333
vn -0.6596078 0.2808722 0.6971574
vn -0.673942 0 0.7387843
vn 0.6596078 0.2808722 0.6971574
vn -0.6596078 -0.2808722 0.6971574
vn 0.673942 0 0.7387843
vn -0.5856973 -0.7853567 0.2004333
vn 0.5856973 -0.7853567 0.2004333
vn 0 -0.8959994 -0.4440553
vn 0.6596078 -0.2808722 0.6971574
vn 0 0.4440553 -0.8959994
vn 0 0.3027617 -0.9530662
vn 0 -0.3027617 -0.9530662
vn 0 -0.4440553 -0.8959994
vn 0.9578871 0 0.2871453
vn 0.9578871 0 -0.2871453
vn -0.9578871 0 0.2871453
vn -0.9578871 0 -0.2871453
vn 0.8350952 0 0.5501054
vn -0.8350952 0 -0.5501054
vn 0.8350952 0 -0.5501054
vn -0.8350952 0 0.5501054
vn -0.3404253 -0.9402716 0
vn 0.3404253 -0.9402716 0
vn 0 0.1950903 -0.9807853
vn 0.9807853 0 0.1950903
vn 0.7071068 0 0.7071068
vn 0.1950903 0 0.9807853
vn 0 0.9807853 -0.1950903
vn -0.9807853 0 0.1950903
vn -0.7071068 0 0.7071068
vn -0.1950903 0 0.9807853
vn 0.1543877 0.9578254 -0.2423528
vn 0.4809992 0 0.8767211
vn -0.8434041 0 -0.5372797
vn 0.8434041 0 -0.5372797
vn -0.4809992 0 0.8767211
vn -0.1543877 0.9578254 -0.2423528
vn -0.7071068 0 -0.7071068
vn -0.9807853 0 -0.1950903
vn 0 0.7394062 0.6732596
vn 0.1950903 0 -0.9807853
vn 0.7071068 0 -0.7071068
vn 0.9807853 0 -0.1950903
vn 0 0.9698448 0.243723
vn -0.1950903 0 -0.9807853
vn 0 -0.5530205 -0.8331677

vt 0.84375 0.025
vt 0.84375 0.225
vt 0.84375 0.05
vt 0.84375 0.175
vt 0.84375 0.2
vt 0.84375 0.125
vt 0.84375 0.15
vt 0.84375 0.075
vt 0.84375 0.1
vt 0.84375 0.06875
vt 0.84375 0.11875
vt 0.84375 0.1860136
vt 0.84375 0.1156966
vt 0.84375 0.1756569
vt 0.84375 0.2188619
vt 0.84375 0.1978791
vt 0.84375 0.09890015
vt 0.84375 0.184133
vt 0.84375 0.1733221
vt 0.84375 0.07667793
vt 0.84375 0.06586701
vt 0.84375 0.07434311
vt 0.84375 0.1510998
vt 0.84375 0.05212089
vt 0.84375 0.03113812
vt 0.84375 0.1964286
vt 0.84375 0.1711212
vt 0.84375 0.194697
vt 0.84375 0.1462121
vt 0.84375 0.1098485
vt 0.84375 0.06742425
vt 0.96875 0.1630678
vt 0.96875 0.2049448
vt 0.96875 0.225
vt 0.96875 0.0414409
vt 0.96875 0.05788179
vt 0.96875 0.1565272
vt 0.96875 0.1797781
vt 0.96875 0.189409
vt 0.96875 0.025
vt 0.96875 0.02981543
vt 0.96875 0.175
vt 0.96875 0.2
vt 0.96875 0.21875
vt 0.96875 0.15
vt 0.96875 0.16875
vt 0.96875 0.1
vt 0.96875 0.11875
vt 0.96875 0.05
vt 0.96875 0.06875
vt 0.96875 0.075
vt 0.96875 0.125
vt 0.96875 0.2027778
vt 0.96875 0.04722222
vt 0.96875 0.1027778
vt 0.96875 0.1472222
vt 0.96875 0.09890015
vt 0.96875 0.07434311
vt 0.96875 0.07667793
vt 0.96875 0.05212089
vt 0.96875 0.1510998
vt 0.96875 0.1756569
vt 0.96875 0.1733221
vt 0.96875 0.1978791
vt 0.96875 0.1964286
vt 0.09375 0.1565272
vt 0.09375 0.05788179
vt 0.09375 0.1797781
vt 0.09375 0.189409
vt 0.71875 0.1779412
vt 0.71875 0.07205883
vt 0.71875 0.225
vt 0.71875 0.025
vt 0.71875 0.02825214
vt 0.71875 0.03986258
vt 0.71875 0.07712146
vt 0.71875 0.07295538
vt 0.71875 0.125
vt 0.71875 0.1770446
vt 0.71875 0.1728785
vt 0.71875 0.2101374
vt 0.71875 0.2217479
vt 0.71875 0.0369653
vt 0.71875 0.153113
vt 0.71875 0.08569966
vt 0.71875 0.2217478
vt 0.71875 0.1770446
vt 0.71875 0.1728785
vt 0.71875 0.2101374
vt 0.71875 0.07295538
vt 0.71875 0.07712145
vt 0.71875 0.03986258
vt 0.21875 0.1565272
vt 0.21875 0.025
vt 0.21875 0.1797781
vt 0.21875 0.189409
vt 0.21875 0.125
vt 0.21875 0.225
vt 0.71875 0.06658415
vt 0.71875 0.1834158
vt 0.09375 0.475
vt 0.09375 0.275
vt 0.09375 0.325
vt 0.09375 0.3552984
vt 0.09375 0.39737
vt 0.09375 0.425
vt 0.09375 0.385
vt 0.09375 0.4132843
vt 0.09375 0.3625
vt 0.09375 0.375
vt 0.09375 0.3916667
vt 0.09375 0.3488095
vt 0.09375 0.4100771
vt 0.09375 0.3428572
vt 0.09375 0.4154762

usemtl colormap

f 3/1/1 2/1/1 1/1/1
f 2/1/1 3/1/1 4/1/1
f 4/1/1 3/1/1 5/1/1
f 4/1/1 5/1/1 6/1/1
f 8/2/3 2/1/2 7/2/2
f 2/1/2 8/2/3 1/1/3
f 9/2/4 2/1/2 4/1/4
f 2/1/2 9/2/4 7/2/2
f 6/1/5 11/2/6 10/2/5
f 11/2/6 6/1/5 5/1/6
f 12/2/7 5/1/6 3/1/7
f 5/1/6 12/2/7 11/2/6
f 10/2/5 4/1/4 6/1/5
f 4/1/4 10/2/5 9/2/4
f 8/2/3 3/1/7 1/1/3
f 3/1/7 8/2/3 12/2/7
f 15/3/8 14/3/8 13/3/8
f 14/3/8 15/3/8 16/3/8
f 16/3/8 15/3/8 17/3/8
f 16/3/8 17/3/8 18/3/8
f 19/2/9 17/3/10 15/3/9
f 17/3/10 19/2/9 20/2/10
f 21/2/11 17/3/10 20/2/10
f 17/3/10 21/2/11 18/3/11
f 21/2/11 16/3/12 18/3/11
f 16/3/12 21/2/11 22/2/12
f 22/2/12 14/3/13 16/3/12
f 14/3/13 22/2/12 23/2/13
f 14/3/13 24/2/14 13/3/14
f 24/2/14 14/3/13 23/2/13
f 24/2/14 15/3/9 13/3/14
f 15/3/9 24/2/14 19/2/9
f 12/2/8 21/2/8 11/2/8
f 11/2/8 21/2/8 10/2/8
f 12/2/8 22/2/8 21/2/8
f 20/2/8 10/2/8 21/2/8
f 12/2/8 23/2/8 22/2/8
f 8/2/8 23/2/8 12/2/8
f 20/2/8 9/2/8 10/2/8
f 19/2/8 9/2/8 20/2/8
f 23/2/8 8/2/8 24/2/8
f 24/2/8 9/2/8 19/2/8
f 7/2/8 24/2/8 8/2/8
f 24/2/8 7/2/8 9/2/8
f 27/2/8 26/2/8 25/2/8
f 26/2/8 27/2/8 28/2/8
f 28/2/8 27/2/8 29/2/8
f 28/2/8 29/2/8 30/2/8
f 33/2/15 32/1/16 31/1/15
f 32/1/16 33/2/15 34/2/16
f 37/2/18 36/1/17 35/2/17
f 36/1/17 37/2/18 38/1/18
f 41/2/19 40/1/20 39/1/19
f 40/1/20 41/2/19 42/2/20
f 41/2/19 38/1/18 37/2/18
f 38/1/18 41/2/19 39/1/19
f 35/2/17 32/1/16 34/2/16
f 32/1/16 35/2/17 36/1/17
f 39/1/1 36/1/1 38/1/1
f 36/1/1 39/1/1 32/1/1
f 32/1/1 39/1/1 40/1/1
f 32/1/1 40/1/1 31/1/1
f 34/2/8 37/2/8 35/2/8
f 37/2/8 34/2/8 41/2/8
f 41/2/8 34/2/8 33/2/8
f 41/2/8 33/2/8 42/2/8
f 45/2/8 44/2/8 43/2/8
f 44/2/8 45/2/8 46/2/8
f 46/2/8 45/2/8 47/2/8
f 46/2/8 47/2/8 48/2/8
f 43/2/21 50/1/22 49/1/21
f 50/1/22 43/2/21 44/2/22
f 45/2/23 49/1/21 51/1/23
f 49/1/21 45/2/23 43/2/21
f 46/2/24 53/1/25 52/1/24
f 53/1/25 46/2/24 48/2/25
f 53/1/25 47/2/26 54/1/26
f 47/2/26 53/1/25 48/2/25
f 44/2/22 52/1/24 50/1/22
f 52/1/24 44/2/22 46/2/24
f 47/2/26 51/1/23 54/1/26
f 51/1/23 47/2/26 45/2/23
f 57/2/12 56/1/27 55/1/12
f 56/1/27 57/2/12 58/2/27
f 61/2/29 60/1/28 59/2/28
f 60/1/28 61/2/29 62/1/29
f 65/2/30 64/1/9 63/1/30
f 64/1/9 65/2/30 66/2/9
f 65/2/30 62/1/29 61/2/29
f 62/1/29 65/2/30 63/1/30
f 59/2/28 56/1/27 58/2/27
f 56/1/27 59/2/28 60/1/28
f 63/1/1 60/1/1 62/1/1
f 60/1/1 63/1/1 56/1/1
f 56/1/1 63/1/1 64/1/1
f 56/1/1 64/1/1 55/1/1
f 58/2/8 61/2/8 59/2/8
f 61/2/8 58/2/8 65/2/8
f 65/2/8 58/2/8 57/2/8
f 65/2/8 57/2/8 66/2/8
f 69/5/9 68/4/9 67/4/9
f 68/4/9 69/5/9 70/5/9
f 73/3/9 72/1/9 71/1/9
f 72/1/9 73/3/9 74/3/9
f 77/7/9 76/6/9 75/6/9
f 76/6/9 77/7/9 78/7/9
f 81/9/9 80/8/9 79/8/9
f 80/8/9 81/9/9 82/9/9
f 85/3/31 84/8/31 83/10/31
f 73/3/31 84/8/31 85/3/31
f 84/8/31 73/3/31 79/8/31
f 71/1/31 79/8/31 73/3/31
f 79/8/31 71/1/31 86/1/31
f 88/6/31 87/9/31 75/6/31
f 87/9/31 88/6/31 81/9/31
f 81/9/31 88/6/31 89/9/31
f 89/9/31 88/6/31 90/11/31
f 93/12/34 92/1/33 91/12/32
f 92/1/33 93/12/34 94/13/33
f 94/13/35 95/1/35 92/1/35
f 95/1/35 94/13/35 96/13/35
f 96/13/36 97/12/37 95/1/36
f 97/12/37 96/13/36 98/12/38
f 101/2/41 100/2/40 99/2/39
f 100/2/40 101/2/41 102/2/42
f 101/2/41 98/12/38 102/2/42
f 98/12/38 101/2/41 97/12/37
f 99/2/39 93/12/34 91/12/32
f 93/12/34 99/2/39 100/2/40
f 97/12/12 92/1/12 95/1/12
f 92/1/12 97/12/12 91/12/12
f 91/12/12 97/12/12 101/2/12
f 91/12/12 101/2/12 99/2/12
f 93/12/9 96/13/9 94/13/9
f 96/13/9 93/12/9 98/12/9
f 98/12/9 93/12/9 100/2/9
f 98/12/9 100/2/9 102/2/9
f 105/2/8 104/2/8 103/2/8
f 104/2/8 105/2/8 106/2/8
f 106/2/8 105/2/8 107/2/8
f 106/2/8 107/2/8 108/2/8
f 111/14/43 110/6/31 109/14/43
f 110/6/31 111/14/43 112/6/31
f 115/16/44 114/15/8 113/15/8
f 114/15/8 115/16/44 116/16/44
f 119/6/31 118/17/43 117/6/31
f 118/17/43 119/6/31 120/17/43
f 123/19/45 122/18/1 121/18/1
f 122/18/1 123/19/45 124/19/45
f 115/16/12 122/18/12 124/19/12
f 122/18/12 115/16/12 125/16/12
f 125/16/12 115/16/12 113/15/12
f 125/16/12 126/19/12 122/18/12
f 129/6/47 128/14/46 127/14/46
f 128/14/46 129/6/47 130/6/47
f 133/21/8 132/20/44 131/20/44
f 132/20/44 133/21/8 134/21/8
f 121/18/1 126/19/48 135/19/48
f 126/19/48 121/18/1 122/18/1
f 120/17/9 130/6/9 136/22/9
f 130/6/9 120/17/9 119/6/9
f 130/6/9 119/6/9 137/23/9
f 130/6/9 137/23/9 128/14/9
f 139/17/12 110/6/12 138/22/12
f 110/6/12 139/17/12 140/6/12
f 110/6/12 140/6/12 109/14/12
f 109/14/12 140/6/12 141/23/12
f 143/20/12 133/21/12 142/24/12
f 144/24/12 142/24/12 133/21/12
f 144/24/12 133/21/12 131/20/12
f 142/24/12 144/24/12 145/25/12
f 140/6/47 146/23/49 141/23/49
f 146/23/49 140/6/47 147/6/47
f 129/6/12 118/17/12 148/22/12
f 118/17/12 129/6/12 117/6/12
f 117/6/12 129/6/12 149/23/12
f 149/23/12 129/6/12 127/14/12
f 150/16/9 121/18/9 135/19/9
f 116/16/9 121/18/9 150/16/9
f 116/16/9 150/16/9 114/15/9
f 121/18/9 116/16/9 123/19/9
f 152/20/9 151/24/9 134/21/9
f 151/24/9 153/24/9 134/21/9
f 134/21/9 153/24/9 132/20/9
f 153/24/9 151/24/9 154/25/9
f 154/25/1 144/24/45 153/24/45
f 144/24/45 154/25/1 145/25/1
f 113/15/8 150/16/50 125/16/50
f 150/16/50 113/15/8 114/15/8
f 155/17/46 140/6/47 139/17/46
f 140/6/47 155/17/46 147/6/47
f 143/20/50 134/21/8 133/21/8
f 134/21/8 143/20/50 152/20/50
f 151/24/48 145/25/1 154/25/1
f 145/25/1 151/24/48 142/24/48
f 112/6/9 155/17/9 156/22/9
f 155/17/9 112/6/9 147/6/9
f 147/6/9 112/6/9 111/14/9
f 147/6/9 111/14/9 146/23/9
f 112/6/31 138/22/51 110/6/31
f 138/22/51 112/6/31 156/22/51
f 137/23/51 117/6/31 149/23/51
f 117/6/31 137/23/51 119/6/31
f 148/22/49 130/6/47 129/6/47
f 130/6/47 148/22/49 136/22/49
f 180/11/47 178/6/47 179/9/47
f 179/9/47 178/6/47 171/9/47
f 171/9/47 178/6/47 177/9/47
f 165/6/47 177/9/47 178/6/47
f 176/1/47 161/1/47 169/8/47
f 163/3/47 169/8/47 161/1/47
f 169/8/47 163/3/47 174/8/47
f 175/3/47 174/8/47 163/3/47
f 173/10/47 174/8/47 175/3/47
f 172/9/9 171/9/9 170/8/9
f 169/8/9 170/8/9 171/9/9
f 168/7/9 167/7/9 166/6/9
f 165/6/9 166/6/9 167/7/9
f 164/3/9 163/3/9 162/1/9
f 161/1/9 162/1/9 163/3/9
f 160/5/9 159/5/9 158/4/9
f 157/4/9 158/4/9 159/5/9
f 183/2/8 182/2/8 181/2/8
f 182/2/8 183/2/8 184/2/8
f 184/2/8 183/2/8 185/2/8
f 184/2/8 185/2/8 186/2/8
f 181/2/21 188/1/22 187/1/21
f 188/1/22 181/2/21 182/2/22
f 183/2/23 187/1/21 189/1/23
f 187/1/21 183/2/23 181/2/21
f 184/2/24 191/1/25 190/1/24
f 191/1/25 184/2/24 186/2/25
f 191/1/25 185/2/26 192/1/26
f 185/2/26 191/1/25 186/2/25
f 182/2/22 190/1/24 188/1/22
f 190/1/24 182/2/22 184/2/24
f 185/2/26 189/1/23 192/1/26
f 189/1/23 185/2/26 183/2/23
f 195/2/9 194/1/9 193/1/9
f 194/1/9 195/2/9 196/2/9
f 199/1/52 198/2/52 197/1/52
f 198/2/52 199/1/52 200/2/52
f 203/2/8 202/2/8 201/2/8
f 202/2/8 203/2/8 204/2/8
f 204/2/8 200/2/8 202/2/8
f 200/2/8 204/2/8 198/2/8
f 204/2/8 203/2/8 205/2/8
f 206/2/8 205/2/8 203/2/8
f 205/2/8 206/2/8 195/2/8
f 195/2/8 206/2/8 196/2/8
f 196/2/8 206/2/8 207/2/8
f 208/2/8 207/2/8 206/2/8
f 207/2/8 208/2/8 209/2/8
f 209/2/8 208/2/8 210/2/8
f 210/2/8 211/2/8 209/2/8
f 211/2/8 210/2/8 212/2/8
f 162/1/47 204/2/47 213/1/47
f 204/2/47 162/1/47 198/2/47
f 198/2/47 162/1/47 197/1/47
f 211/2/52 215/1/52 214/1/52
f 215/1/52 211/2/52 212/2/52
f 211/2/31 216/1/31 209/2/31
f 216/1/31 211/2/31 72/1/31
f 72/1/31 211/2/31 214/1/31
f 195/2/31 217/1/31 205/2/31
f 217/1/31 195/2/31 193/1/31
f 194/1/47 207/2/47 218/1/47
f 207/2/47 194/1/47 196/2/47
f 221/2/8 220/2/8 219/2/8
f 220/2/8 221/2/8 222/2/8
f 222/2/8 221/2/8 223/2/8
f 222/2/8 223/2/8 224/2/8
f 227/2/54 226/1/53 225/1/53
f 226/1/53 227/2/54 228/2/54
f 226/1/53 229/1/55 225/1/53
f 229/1/55 226/1/53 230/1/55
f 231/2/56 229/1/55 230/1/55
f 229/1/55 231/2/56 232/2/56
f 231/2/56 227/2/54 232/2/56
f 227/2/54 231/2/56 228/2/54
f 235/2/54 234/1/53 233/1/53
f 234/1/53 235/2/54 236/2/54
f 234/1/53 237/1/55 233/1/53
f 237/1/55 234/1/53 238/1/55
f 239/2/56 237/1/55 238/1/55
f 237/1/55 239/2/56 240/2/56
f 239/2/56 235/2/54 240/2/56
f 235/2/54 239/2/56 236/2/54
f 243/2/54 242/1/53 241/1/53
f 242/1/53 243/2/54 244/2/54
f 242/1/53 245/1/55 241/1/53
f 245/1/55 242/1/53 246/1/55
f 247/2/56 245/1/55 246/1/55
f 245/1/55 247/2/56 248/2/56
f 247/2/56 243/2/54 248/2/56
f 243/2/54 247/2/56 244/2/54
f 251/2/54 250/1/53 249/1/53
f 250/1/53 251/2/54 252/2/54
f 250/1/53 253/1/55 249/1/53
f 253/1/55 250/1/53 254/1/55
f 255/2/56 253/1/55 254/1/55
f 253/1/55 255/2/56 256/2/56
f 255/2/56 251/2/54 256/2/56
f 251/2/54 255/2/56 252/2/54
f 259/26/8 258/26/8 257/26/8
f 259/26/8 257/26/8 260/26/8
f 261/26/8 258/26/8 259/26/8
f 259/26/8 260/26/8 262/26/8
f 258/26/8 261/26/8 263/26/8
f 262/26/8 260/26/8 264/26/8
f 265/26/8 263/26/8 261/26/8
f 264/26/8 260/26/8 266/26/8
f 263/26/8 265/26/8 267/26/8
f 264/26/8 266/26/8 268/26/8
f 267/26/8 265/26/8 268/26/8
f 269/26/8 268/26/8 266/26/8
f 267/26/8 268/26/8 270/26/8
f 270/26/8 268/26/8 269/26/8
f 273/28/59 272/2/58 271/27/57
f 271/27/57 274/29/60 273/28/59
f 277/27/63 276/28/62 275/29/61
f 277/27/63 278/2/64 276/28/62
f 281/29/66 280/28/65 279/28/65
f 280/28/65 281/29/66 282/29/66
f 280/28/68 284/2/67 283/2/67
f 284/2/67 280/28/68 285/28/69
f 276/28/69 284/2/67 285/28/69
f 284/2/67 276/28/69 278/2/67
f 287/29/71 286/30/47 281/29/70
f 286/30/47 287/29/71 288/1/47
f 289/1/47 286/30/47 288/1/47
f 286/30/47 289/1/47 290/31/47
f 288/1/47 287/29/71 291/1/47
f 291/1/47 287/29/71 292/30/47
f 274/29/71 292/30/47 287/29/71
f 292/30/47 274/29/71 264/30/47
f 293/29/73 280/28/68 282/29/72
f 280/28/68 293/29/73 285/28/69
f 275/29/73 285/28/69 293/29/73
f 285/28/69 275/29/73 276/28/69
f 279/28/65 283/2/12 294/2/12
f 283/2/12 279/28/65 280/28/65
f 277/27/74 272/2/74 278/2/74
f 272/2/74 277/27/74 271/27/74
f 259/30/9 271/27/9 277/27/9
f 271/27/9 259/30/9 262/30/9
f 271/27/57 264/30/75 274/29/60
f 264/30/75 271/27/57 262/30/75
f 289/1/12 295/31/76 290/31/76
f 295/31/76 289/1/12 296/1/12
f 296/1/12 289/1/12 297/1/12
f 296/1/12 297/1/12 298/1/12
f 290/31/76 299/30/77 286/30/77
f 299/30/77 290/31/76 295/31/76
f 286/30/12 282/29/66 281/29/66
f 282/29/66 286/30/12 299/30/12
f 259/30/78 275/29/61 261/30/78
f 275/29/61 259/30/78 277/27/63
f 300/1/31 295/31/31 296/1/31
f 295/31/31 300/1/31 299/30/31
f 299/30/31 300/1/31 282/29/72
f 282/29/72 300/1/31 293/29/73
f 293/29/73 300/1/31 301/1/31
f 293/29/73 301/1/31 302/30/31
f 261/30/31 293/29/73 302/30/31
f 293/29/73 261/30/31 275/29/73
f 294/2/81 303/28/80 279/28/79
f 303/28/80 294/2/81 304/2/81
f 272/2/81 303/28/80 304/2/81
f 303/28/80 272/2/81 273/28/80
f 283/2/1 304/2/1 294/2/1
f 304/2/1 283/2/1 284/2/1
f 278/2/1 304/2/1 284/2/1
f 304/2/1 278/2/1 272/2/1
f 279/28/79 287/29/71 281/29/70
f 287/29/71 279/28/79 303/28/80
f 273/28/80 287/29/71 303/28/80
f 287/29/71 273/28/80 274/29/71
f 307/8/16 306/4/17 305/8/17
f 306/4/17 307/8/16 308/4/16
f 307/8/1 310/8/1 309/8/1
f 311/8/1 310/8/1 307/8/1
f 311/8/1 307/8/1 305/8/1
f 311/8/1 305/8/1 312/8/1
f 311/8/1 313/8/1 310/8/1
f 314/8/1 313/8/1 311/8/1
f 314/8/1 315/8/1 313/8/1
f 314/8/1 316/8/1 315/8/1
f 317/8/1 316/8/1 314/8/1
f 316/8/1 317/8/1 318/8/1
f 321/4/8 320/4/8 319/4/8
f 320/4/8 321/4/8 322/4/8
f 322/4/8 321/4/8 323/4/8
f 324/4/8 322/4/8 323/4/8
f 323/4/8 321/4/8 325/4/8
f 323/4/8 325/4/8 326/4/8
f 326/4/8 325/4/8 327/4/8
f 327/4/8 325/4/8 308/4/8
f 308/4/8 325/4/8 328/4/8
f 308/4/8 328/4/8 306/4/8
f 305/8/17 328/4/18 312/8/18
f 328/4/18 305/8/17 306/4/17
f 322/4/30 315/8/9 316/8/30
f 315/8/9 322/4/30 324/4/9
f 322/4/30 318/8/29 320/4/29
f 318/8/29 322/4/30 316/8/30
f 319/4/28 314/8/27 321/4/27
f 314/8/27 319/4/28 317/8/28
f 320/4/29 317/8/28 319/4/28
f 317/8/28 320/4/29 318/8/29
f 311/8/19 321/4/27 314/8/27
f 321/4/27 311/8/19 325/4/19
f 312/8/18 325/4/19 311/8/19
f 325/4/19 312/8/18 328/4/18
f 327/4/9 307/8/16 309/8/9
f 307/8/16 327/4/9 308/4/16
f 331/33/56 330/32/82 329/32/82
f 330/32/82 331/33/56 332/33/56
f 331/33/56 333/34/8 332/33/56
f 333/34/8 331/33/56 334/34/8
f 334/34/8 335/33/54 333/34/8
f 335/33/54 334/34/8 336/33/54
f 335/33/54 338/32/83 337/32/83
f 338/32/83 335/33/54 336/33/54
f 337/32/83 340/35/84 339/35/84
f 340/35/84 337/32/83 338/32/83
f 343/37/12 342/36/12 341/36/12
f 342/36/12 343/37/12 344/37/12
f 345/38/55 344/37/85 343/37/85
f 344/37/85 345/38/55 346/38/55
f 345/38/55 347/39/1 346/38/55
f 347/39/1 345/38/55 348/39/1
f 348/39/1 349/38/53 347/39/1
f 349/38/53 348/39/1 350/38/53
f 349/38/53 352/37/86 351/37/86
f 352/37/86 349/38/53 350/38/53
f 351/37/9 354/36/9 353/36/9
f 354/36/9 351/37/9 352/37/9
f 354/36/8 342/36/8 353/36/8
f 342/36/8 354/36/8 341/36/8
f 329/32/82 356/35/87 355/35/87
f 356/35/87 329/32/82 330/32/82
f 359/40/88 358/40/89 357/40/88
f 358/40/89 359/40/88 360/40/89
f 360/40/89 361/41/55 358/40/89
f 361/41/55 360/40/89 362/41/55
f 355/35/87 361/41/55 362/41/55
f 361/41/55 355/35/87 356/35/87
f 339/35/84 364/41/53 363/41/53
f 364/41/53 339/35/84 340/35/84
f 364/41/53 357/40/88 363/41/53
f 357/40/88 364/41/53 359/40/88
f 332/33/31 356/35/31 330/32/31
f 356/35/31 332/33/31 361/41/31
f 361/41/31 332/33/31 358/40/31
f 358/40/31 332/33/31 353/36/31
f 358/40/31 353/36/31 357/40/31
f 353/36/31 332/33/31 351/37/31
f 332/33/31 349/38/31 351/37/31
f 349/38/31 332/33/31 333/34/31
f 349/38/31 333/34/31 347/39/31
f 347/39/31 333/34/31 335/33/31
f 347/39/31 335/33/31 346/38/31
f 346/38/31 335/33/31 344/37/31
f 344/37/31 335/33/31 342/36/31
f 357/40/31 353/36/31 342/36/31
f 357/40/31 342/36/31 335/33/31
f 357/40/31 335/33/31 337/32/31
f 357/40/31 337/32/31 363/41/31
f 363/41/31 337/32/31 339/35/31
f 367/40/1 366/40/1 365/40/1
f 366/40/1 367/40/1 368/40/1
f 368/40/1 367/40/1 369/40/1
f 368/40/1 369/40/1 370/40/1
f 28/34/90 369/40/91 367/40/90
f 369/40/91 28/34/90 30/34/91
f 369/40/91 29/34/92 370/40/92
f 29/34/92 369/40/91 30/34/91
f 25/34/93 365/40/94 366/40/93
f 365/40/94 25/34/93 26/34/94
f 26/34/94 367/40/90 365/40/94
f 367/40/90 26/34/94 28/34/90
f 27/34/95 366/40/93 368/40/95
f 366/40/93 27/34/95 25/34/93
f 29/34/92 368/40/95 370/40/92
f 368/40/95 29/34/92 27/34/95
f 373/33/97 372/32/96 371/32/96
f 372/32/96 373/33/97 374/33/97
f 373/33/97 375/34/8 374/33/97
f 375/34/8 373/33/97 376/34/8
f 376/34/8 377/33/98 375/34/8
f 377/33/98 376/34/8 378/33/98
f 377/33/98 380/32/99 379/32/99
f 380/32/99 377/33/98 378/33/98
f 383/37/100 382/40/100 381/40/100
f 382/40/100 383/37/100 384/37/100
f 385/38/102 384/37/101 383/37/101
f 384/37/101 385/38/102 386/38/102
f 385/38/102 387/39/1 386/38/102
f 387/39/1 385/38/102 388/39/1
f 388/39/1 389/38/103 387/39/1
f 389/38/103 388/39/1 390/38/103
f 389/38/103 392/37/104 391/37/104
f 392/37/104 389/38/103 390/38/103
f 391/37/105 394/40/105 393/40/105
f 394/40/105 391/37/105 392/37/105
f 379/32/99 396/40/105 395/40/105
f 396/40/105 379/32/99 380/32/99
f 395/40/106 377/33/106 379/32/106
f 382/40/106 377/33/106 395/40/106
f 384/37/106 377/33/106 382/40/106
f 386/38/106 377/33/106 384/37/106
f 387/39/106 377/33/106 386/38/106
f 387/39/106 375/34/106 377/33/106
f 389/38/106 375/34/106 387/39/106
f 389/38/106 374/33/106 375/34/106
f 374/33/106 389/38/106 391/37/106
f 393/40/106 374/33/106 391/37/106
f 397/40/106 374/33/106 393/40/106
f 374/33/106 397/40/106 372/32/106
f 371/32/96 397/40/100 398/40/100
f 397/40/100 371/32/96 372/32/96
f 401/34/8 400/34/107 399/34/8
f 400/34/107 401/34/8 402/34/107
f 68/42/8 403/42/107 67/42/8
f 403/42/107 68/42/8 404/42/107
f 407/44/9 406/43/53 405/43/53
f 406/43/53 407/44/9 408/44/9
f 406/43/53 69/43/1 405/43/53
f 69/43/1 406/43/53 70/43/1
f 411/46/9 410/45/53 409/45/53
f 410/45/53 411/46/9 412/46/9
f 410/45/53 77/45/1 409/45/53
f 77/45/1 410/45/53 78/45/1
f 90/48/9 413/47/53 89/47/53
f 413/47/53 90/48/9 414/48/9
f 413/47/53 81/47/1 89/47/53
f 81/47/1 413/47/53 82/47/1
f 83/50/9 415/49/53 85/49/53
f 415/49/53 83/50/9 416/50/9
f 415/49/53 73/49/1 85/49/53
f 73/49/1 415/49/53 74/49/1
f 80/51/8 84/51/107 79/51/8
f 84/51/107 80/51/8 417/51/107
f 84/51/107 416/50/54 83/50/54
f 416/50/54 84/51/107 417/51/107
f 400/34/107 408/44/54 407/44/54
f 408/44/54 400/34/107 402/34/107
f 403/42/107 412/46/54 411/46/54
f 412/46/54 403/42/107 404/42/107
f 76/52/8 88/52/107 75/52/8
f 88/52/107 76/52/8 418/52/107
f 88/52/107 414/48/54 90/48/54
f 414/48/54 88/52/107 418/52/107
f 421/39/1 420/38/53 419/39/1
f 420/38/53 421/39/1 422/38/53
f 420/38/53 424/37/86 423/37/86
f 424/37/86 420/38/53 422/38/53
f 427/33/56 426/32/82 425/32/82
f 426/32/82 427/33/56 428/33/56
f 425/32/82 430/35/87 429/35/87
f 430/35/87 425/32/82 426/32/82
f 433/36/8 432/36/8 431/36/8
f 432/36/8 433/36/8 434/36/8
f 429/35/87 436/41/55 435/41/55
f 436/41/55 429/35/87 430/35/87
f 439/33/54 438/32/83 437/32/83
f 438/32/83 439/33/54 440/33/54
f 442/34/8 439/33/54 441/34/8
f 439/33/54 442/34/8 440/33/54
f 427/33/56 441/34/8 428/33/56
f 441/34/8 427/33/56 442/34/8
f 443/37/12 432/36/12 434/36/12
f 432/36/12 443/37/12 444/37/12
f 447/35/84 446/41/53 445/41/53
f 446/41/53 447/35/84 448/35/84
f 450/40/89 436/41/55 449/40/89
f 436/41/55 450/40/89 435/41/55
f 435/41/47 425/32/47 429/35/47
f 425/32/47 435/41/47 427/33/47
f 427/33/47 435/41/47 450/40/47
f 427/33/47 450/40/47 433/36/47
f 433/36/47 450/40/47 451/40/47
f 424/37/47 427/33/47 433/36/47
f 422/38/47 427/33/47 424/37/47
f 427/33/47 422/38/47 442/34/47
f 442/34/47 422/38/47 421/39/47
f 433/36/47 451/40/47 434/36/47
f 442/34/47 421/39/47 440/33/47
f 440/33/47 421/39/47 452/38/47
f 440/33/47 452/38/47 443/37/47
f 434/36/47 451/40/47 443/37/47
f 443/37/47 451/40/47 440/33/47
f 440/33/47 451/40/47 438/32/47
f 438/32/47 451/40/47 446/41/47
f 438/32/47 446/41/47 448/35/47
f 437/32/83 448/35/84 447/35/84
f 448/35/84 437/32/83 438/32/83
f 446/41/53 453/40/88 445/41/53
f 453/40/88 446/41/53 451/40/88
f 452/38/55 444/37/85 443/37/85
f 444/37/85 452/38/55 454/38/55
f 452/38/55 419/39/1 454/38/55
f 419/39/1 452/38/55 421/39/1
f 423/37/9 433/36/9 431/36/9
f 433/36/9 423/37/9 424/37/9
f 451/40/88 449/40/89 453/40/88
f 449/40/89 451/40/88 450/40/89
f 457/40/1 456/40/1 455/40/1
f 456/40/1 457/40/1 458/40/1
f 458/40/1 457/40/1 459/40/1
f 458/40/1 459/40/1 460/40/1
f 106/34/108 459/40/109 457/40/108
f 459/40/109 106/34/108 108/34/109
f 459/40/109 107/34/110 460/40/110
f 107/34/110 459/40/109 108/34/109
f 103/34/111 455/40/112 456/40/111
f 455/40/112 103/34/111 104/34/112
f 104/34/112 457/40/108 455/40/112
f 457/40/108 104/34/112 106/34/108
f 105/34/113 456/40/111 458/40/113
f 456/40/111 105/34/113 103/34/111
f 107/34/110 458/40/113 460/40/110
f 458/40/113 107/34/110 105/34/113
f 463/34/114 462/53/114 461/34/114
f 462/53/114 463/34/114 464/53/114
f 467/53/115 466/34/115 465/34/115
f 466/34/115 467/53/115 468/53/115
f 471/40/116 470/54/116 469/54/116
f 470/54/116 471/40/116 472/40/116
f 469/54/12 473/55/12 471/40/12
f 473/55/12 469/54/12 474/52/12
f 475/52/12 473/55/12 474/52/12
f 475/52/12 474/52/12 467/53/12
f 476/54/12 473/55/12 475/52/12
f 473/55/12 476/54/12 477/40/12
f 475/52/12 467/53/12 478/56/12
f 478/56/12 467/53/12 465/34/12
f 478/56/12 462/53/12 475/52/12
f 462/53/12 478/56/12 461/34/12
f 479/56/9 464/53/9 463/34/9
f 464/53/9 479/56/9 480/52/9
f 468/53/9 480/52/9 479/56/9
f 468/53/9 479/56/9 466/34/9
f 481/52/9 480/52/9 468/53/9
f 482/55/9 480/52/9 481/52/9
f 470/54/9 482/55/9 481/52/9
f 482/55/9 470/54/9 472/40/9
f 482/55/9 483/54/9 480/52/9
f 483/54/9 482/55/9 484/40/9
f 483/54/117 477/40/117 476/54/117
f 477/40/117 483/54/117 484/40/117
f 139/57/114 480/52/114 155/57/114
f 155/57/114 480/52/114 156/58/114
f 139/57/114 475/52/114 480/52/114
f 483/54/114 156/58/114 480/52/114
f 475/52/114 139/57/114 476/54/114
f 483/54/114 138/58/114 156/58/114
f 476/54/114 138/58/114 483/54/114
f 138/58/114 476/54/114 139/57/114
f 482/55/116 131/59/116 132/59/116
f 482/55/116 132/59/116 153/60/116
f 473/55/116 131/59/116 482/55/116
f 153/60/116 484/40/116 482/55/116
f 131/59/116 473/55/116 477/40/116
f 144/60/116 484/40/116 153/60/116
f 477/40/116 144/60/116 131/59/116
f 144/60/116 477/40/116 484/40/116
f 111/62/117 480/52/117 146/61/117
f 146/61/117 480/52/117 141/61/117
f 111/62/117 464/53/117 480/52/117
f 475/52/117 141/61/117 480/52/117
f 464/53/117 111/62/117 462/53/117
f 475/52/117 109/62/117 141/61/117
f 462/53/117 109/62/117 475/52/117
f 109/62/117 462/53/117 111/62/117
f 118/57/115 469/54/115 148/58/115
f 148/58/115 469/54/115 136/58/115
f 118/57/115 474/52/115 469/54/115
f 470/54/115 136/58/115 469/54/115
f 474/52/115 118/57/115 481/52/115
f 470/54/115 120/57/115 136/58/115
f 481/52/115 120/57/115 470/54/115
f 120/57/115 481/52/115 118/57/115
f 125/64/115 478/56/115 126/63/115
f 126/63/115 478/56/115 135/63/115
f 125/64/115 461/34/115 478/56/115
f 479/56/115 135/63/115 478/56/115
f 461/34/115 125/64/115 463/34/115
f 479/56/115 150/64/115 135/63/115
f 463/34/115 150/64/115 479/56/115
f 150/64/115 463/34/115 125/64/115
f 115/64/114 466/34/114 116/64/114
f 116/64/114 466/34/114 123/63/114
f 115/64/114 465/34/114 466/34/114
f 479/56/114 123/63/114 466/34/114
f 465/34/114 115/64/114 478/56/114
f 479/56/114 124/63/114 123/63/114
f 478/56/114 124/63/114 479/56/114
f 124/63/114 478/56/114 115/64/114
f 471/40/117 143/59/117 142/60/117
f 471/40/117 142/60/117 151/60/117
f 473/55/117 143/59/117 471/40/117
f 151/60/117 472/40/117 471/40/117
f 143/59/117 473/55/117 482/55/117
f 152/59/117 472/40/117 151/60/117
f 472/40/117 152/59/117 482/55/117
f 143/59/117 482/55/117 152/59/117
f 468/53/116 127/62/116 128/62/116
f 468/53/116 128/62/116 137/61/116
f 467/53/116 127/62/116 468/53/116
f 137/61/116 481/52/116 468/53/116
f 127/62/116 467/53/116 474/52/116
f 149/61/116 481/52/116 137/61/116
f 474/52/116 149/61/116 127/62/116
f 149/61/116 474/52/116 481/52/116
f 504/52/107 178/52/107 500/48/54
f 180/48/54 500/48/54 178/52/107
f 504/52/107 166/52/8 178/52/107
f 165/52/8 178/52/107 166/52/8
f 490/42/107 489/42/107 498/46/54
f 497/46/54 498/46/54 489/42/107
f 488/34/107 486/34/107 494/44/54
f 493/44/54 494/44/54 486/34/107
f 503/51/107 174/51/107 502/50/54
f 173/50/54 502/50/54 174/51/107
f 503/51/107 170/51/8 174/51/107
f 169/51/8 174/51/107 170/51/8
f 164/49/1 501/49/53 163/49/1
f 175/49/53 163/49/1 501/49/53
f 502/50/9 173/50/9 501/49/53
f 175/49/53 501/49/53 173/50/9
f 172/47/1 499/47/53 171/47/1
f 179/47/53 171/47/1 499/47/53
f 500/48/9 180/48/9 499/47/53
f 179/47/53 499/47/53 180/48/9
f 168/45/1 496/45/53 167/45/1
f 495/45/53 167/45/1 496/45/53
f 498/46/9 497/46/9 496/45/53
f 495/45/53 496/45/53 497/46/9
f 160/43/1 492/43/53 159/43/1
f 491/43/53 159/43/1 492/43/53
f 494/44/9 493/44/9 492/43/53
f 491/43/53 492/43/53 493/44/9
f 490/42/107 158/42/8 489/42/107
f 157/42/8 489/42/107 158/42/8
f 488/34/107 487/34/8 486/34/107
f 485/34/8 486/34/107 487/34/8
f 507/40/1 506/40/1 505/40/1
f 506/40/1 507/40/1 508/40/1
f 508/40/1 507/40/1 509/40/1
f 508/40/1 509/40/1 510/40/1
f 222/34/118 509/40/119 507/40/118
f 509/40/119 222/34/118 224/34/119
f 509/40/119 223/34/120 510/40/120
f 223/34/120 509/40/119 224/34/119
f 219/34/121 505/40/122 506/40/121
f 505/40/122 219/34/121 220/34/122
f 220/34/122 507/40/118 505/40/122
f 507/40/118 220/34/122 222/34/118
f 221/34/123 506/40/121 508/40/123
f 506/40/121 221/34/123 219/34/121
f 223/34/120 508/40/123 510/40/120
f 508/40/123 223/34/120 221/34/123
f 260/65/16 511/34/17 266/65/17
f 511/34/17 260/65/16 512/34/16
f 266/65/17 513/34/18 269/65/18
f 513/34/18 266/65/17 511/34/17
f 269/65/18 514/34/19 270/65/19
f 514/34/19 269/65/18 513/34/18
f 515/34/30 260/65/16 257/65/30
f 260/65/16 515/34/30 512/34/16
f 518/34/8 517/34/8 516/34/8
f 517/34/8 518/34/8 515/34/8
f 515/34/8 518/34/8 519/34/8
f 519/34/8 518/34/8 514/34/8
f 520/34/8 515/34/8 519/34/8
f 519/34/8 514/34/8 521/34/8
f 515/34/8 520/34/8 512/34/8
f 521/34/8 514/34/8 522/34/8
f 512/34/8 520/34/8 522/34/8
f 512/34/8 522/34/8 514/34/8
f 512/34/8 514/34/8 513/34/8
f 512/34/8 513/34/8 511/34/8
f 516/34/28 267/65/27 518/34/27
f 267/65/27 516/34/28 263/65/28
f 514/34/19 267/65/27 270/65/19
f 267/65/27 514/34/19 518/34/27
f 517/34/29 263/65/28 516/34/28
f 263/65/28 517/34/29 258/65/29
f 515/34/30 258/65/29 517/34/29
f 258/65/29 515/34/30 257/65/30
f 350/68/31 354/67/31 352/66/31
f 354/67/31 350/68/31 341/67/31
f 341/67/31 350/68/31 348/69/31
f 341/67/31 348/69/31 345/68/31
f 341/67/31 345/68/31 343/66/31
f 432/67/47 423/66/47 431/67/47
f 423/66/47 432/67/47 420/68/47
f 420/68/47 432/67/47 419/69/47
f 419/69/47 432/67/47 454/68/47
f 454/68/47 432/67/47 444/66/47
f 525/72/31 524/71/31 523/70/31
f 524/71/31 525/72/31 526/73/31
f 526/73/31 525/72/31 527/72/31
f 526/73/31 527/72/31 528/73/31
f 528/73/31 527/72/31 529/70/31
f 528/73/31 529/70/31 530/71/31
f 533/73/47 532/70/47 531/71/47
f 532/70/47 533/73/47 534/72/47
f 534/72/47 533/73/47 535/73/47
f 534/72/47 535/73/47 536/72/47
f 536/72/47 535/73/47 537/71/47
f 536/72/47 537/71/47 538/70/47
f 527/72/107 534/72/124 536/72/107
f 538/70/125 527/72/107 536/72/107
f 534/72/124 527/72/107 525/72/124
f 527/72/107 538/70/125 529/70/125
f 523/70/126 534/72/124 525/72/124
f 537/71/127 529/70/125 538/70/125
f 534/72/124 523/70/126 532/70/126
f 529/70/125 537/71/127 530/71/127
f 524/71/85 532/70/126 523/70/126
f 532/70/126 524/71/85 531/71/85
f 535/73/128 530/71/127 537/71/127
f 530/71/127 535/73/128 528/73/128
f 526/73/129 531/71/85 524/71/85
f 535/73/128 526/73/129 528/73/128
f 531/71/85 526/73/129 533/73/129
f 526/73/129 535/73/128 533/73/129
f 541/72/31 540/71/31 539/70/31
f 540/71/31 541/72/31 542/73/31
f 542/73/31 541/72/31 543/72/31
f 542/73/31 543/72/31 544/73/31
f 544/73/31 543/72/31 545/70/31
f 544/73/31 545/70/31 546/71/31
f 549/73/47 548/70/47 547/71/47
f 548/70/47 549/73/47 550/72/47
f 550/72/47 549/73/47 551/73/47
f 550/72/47 551/73/47 552/72/47
f 552/72/47 551/73/47 553/71/47
f 552/72/47 553/71/47 554/70/47
f 543/72/107 550/72/124 552/72/107
f 554/70/125 543/72/107 552/72/107
f 550/72/124 543/72/107 541/72/124
f 543/72/107 554/70/125 545/70/125
f 539/70/126 550/72/124 541/72/124
f 553/71/127 545/70/125 554/70/125
f 550/72/124 539/70/126 548/70/126
f 545/70/125 553/71/127 546/71/127
f 540/71/85 548/70/126 539/70/126
f 548/70/126 540/71/85 547/71/85
f 551/73/128 546/71/127 553/71/127
f 546/71/127 551/73/128 544/73/128
f 542/73/129 547/71/85 540/71/85
f 551/73/128 542/73/129 544/73/128
f 547/71/85 542/73/129 549/73/129
f 542/73/129 551/73/128 549/73/129
f 557/72/31 556/71/31 555/70/31
f 556/71/31 557/72/31 558/73/31
f 558/73/31 557/72/31 559/72/31
f 558/73/31 559/72/31 560/73/31
f 560/73/31 559/72/31 561/70/31
f 560/73/31 561/70/31 562/71/31
f 565/73/47 564/70/47 563/71/47
f 564/70/47 565/73/47 566/72/47
f 566/72/47 565/73/47 567/73/47
f 566/72/47 567/73/47 568/72/47
f 568/72/47 567/73/47 569/71/47
f 568/72/47 569/71/47 570/70/47
f 559/72/107 566/72/124 568/72/107
f 570/70/125 559/72/107 568/72/107
f 566/72/124 559/72/107 557/72/124
f 559/72/107 570/70/125 561/70/125
f 555/70/126 566/72/124 557/72/124
f 569/71/127 561/70/125 570/70/125
f 566/72/124 555/70/126 564/70/126
f 561/70/125 569/71/127 562/71/127
f 556/71/85 564/70/126 555/70/126
f 564/70/126 556/71/85 563/71/85
f 567/73/128 562/71/127 569/71/127
f 562/71/127 567/73/128 560/73/128
f 558/73/129 563/71/85 556/71/85
f 567/73/128 558/73/129 560/73/128
f 563/71/85 558/73/129 565/73/129
f 558/73/129 567/73/128 565/73/129
f 573/73/130 572/75/47 571/74/47
f 572/75/47 573/73/130 574/76/47
f 574/76/47 573/73/130 575/77/131
f 575/77/131 576/78/47 574/76/47
f 577/73/132 575/77/131 573/73/130
f 571/74/133 577/73/132 573/73/130
f 577/73/132 571/74/133 578/74/133
f 576/78/47 575/77/131 579/78/134
f 580/79/135 576/78/47 579/78/134
f 576/78/47 580/79/135 581/80/47
f 582/72/136 581/80/47 580/79/135
f 582/72/136 583/81/47 581/80/47
f 583/81/47 582/72/136 584/82/47
f 580/79/135 585/72/137 582/72/136
f 585/72/137 584/82/138 582/72/136
f 584/82/138 585/72/137 586/82/138
f 579/78/134 587/79/139 580/79/135
f 585/72/137 580/79/135 587/79/139
f 575/77/131 588/78/140 579/78/134
f 587/79/139 579/78/134 588/78/140
f 588/78/140 575/77/131 589/77/141
f 575/77/131 577/73/132 589/77/141
f 590/78/31 587/79/139 588/78/140
f 589/77/141 590/78/31 588/78/140
f 587/79/139 590/78/31 591/80/31
f 591/80/31 585/72/137 587/79/139
f 592/81/31 585/72/137 591/80/31
f 585/72/137 592/81/31 586/82/31
f 590/78/31 589/77/141 593/76/31
f 577/73/132 593/76/31 589/77/141
f 577/73/132 594/75/31 593/76/31
f 594/75/31 577/73/132 578/74/31
f 571/74/142 594/75/142 578/74/142
f 594/75/142 571/74/142 572/75/142
f 594/75/142 572/75/142 574/76/143
f 594/75/142 574/76/143 593/76/143
f 576/78/12 593/76/143 574/76/143
f 593/76/143 576/78/12 590/78/12
f 581/80/144 590/78/12 576/78/12
f 590/78/12 581/80/144 591/80/144
f 583/81/145 591/80/144 581/80/144
f 591/80/144 583/81/145 592/81/145
f 592/81/145 583/81/145 584/82/145
f 592/81/145 584/82/145 586/82/145
f 597/83/47 596/78/47 595/73/47
f 596/78/47 597/83/47 598/84/146
f 598/84/146 599/72/147 596/78/47
f 598/84/146 600/72/148 599/72/147
f 598/84/146 597/83/47 601/85/149
f 601/85/149 597/83/47 602/73/150
f 600/72/148 598/84/146 603/84/151
f 601/85/149 603/84/151 598/84/146
f 603/84/151 604/78/31 600/72/148
f 602/73/150 605/85/152 601/85/149
f 603/84/151 601/85/149 605/85/152
f 605/85/152 602/73/150 606/73/153
f 607/83/31 605/85/152 606/73/153
f 607/83/31 603/84/151 605/85/152
f 607/83/31 604/78/31 603/84/151
f 604/78/31 607/83/31 608/73/31
f 608/73/154 597/83/1 595/73/154
f 597/83/1 608/73/154 607/83/1
f 607/83/1 602/73/155 597/83/1
f 602/73/155 607/83/1 606/73/155
f 604/78/12 599/72/156 600/72/156
f 599/72/156 604/78/12 596/78/12
f 608/73/157 596/78/12 604/78/12
f 596/78/12 608/73/157 595/73/157
f 611/72/31 610/71/31 609/70/31
f 610/71/31 611/72/31 612/73/31
f 612/73/31 611/72/31 613/72/31
f 612/73/31 613/72/31 614/73/31
f 614/73/31 613/72/31 615/70/31
f 614/73/31 615/70/31 616/71/31
f 619/73/47 618/70/47 617/71/47
f 618/70/47 619/73/47 620/72/47
f 620/72/47 619/73/47 621/73/47
f 620/72/47 621/73/47 622/72/47
f 622/72/47 621/73/47 623/71/47
f 622/72/47 623/71/47 624/70/47
f 613/72/107 620/72/124 622/72/107
f 624/70/125 613/72/107 622/72/107
f 620/72/124 613/72/107 611/72/124
f 613/72/107 624/70/125 615/70/125
f 609/70/126 620/72/124 611/72/124
f 623/71/127 615/70/125 624/70/125
f 620/72/124 609/70/126 618/70/126
f 615/70/125 623/71/127 616/71/127
f 610/71/85 618/70/126 609/70/126
f 618/70/126 610/71/85 617/71/85
f 621/73/128 616/71/127 623/71/127
f 616/71/127 621/73/128 614/73/128
f 612/73/129 617/71/85 610/71/85
f 621/73/128 612/73/129 614/73/128
f 617/71/85 612/73/129 619/73/129
f 612/73/129 621/73/128 619/73/129
f 627/72/31 626/71/31 625/70/31
f 626/71/31 627/72/31 628/73/31
f 628/73/31 627/72/31 629/72/31
f 628/73/31 629/72/31 630/73/31
f 630/73/31 629/72/31 631/70/31
f 630/73/31 631/70/31 632/71/31
f 635/73/47 634/70/47 633/71/47
f 634/70/47 635/73/47 636/72/47
f 636/72/47 635/73/47 637/73/47
f 636/72/47 637/73/47 638/72/47
f 638/72/47 637/73/47 639/71/47
f 638/72/47 639/71/47 640/70/47
f 629/72/107 636/72/124 638/72/107
f 640/70/125 629/72/107 638/72/107
f 636/72/124 629/72/107 627/72/124
f 629/72/107 640/70/125 631/70/125
f 625/70/126 636/72/124 627/72/124
f 639/71/127 631/70/125 640/70/125
f 636/72/124 625/70/126 634/70/126
f 631/70/125 639/71/127 632/71/127
f 626/71/85 634/70/126 625/70/126
f 634/70/126 626/71/85 633/71/85
f 637/73/128 632/71/127 639/71/127
f 632/71/127 637/73/128 630/73/128
f 628/73/129 633/71/85 626/71/85
f 637/73/128 628/73/129 630/73/128
f 633/71/85 628/73/129 635/73/129
f 628/73/129 637/73/128 635/73/129
f 643/72/31 642/71/31 641/70/31
f 642/71/31 643/72/31 644/73/31
f 644/73/31 643/72/31 645/72/31
f 644/73/31 645/72/31 646/73/31
f 646/73/31 645/72/31 647/70/31
f 646/73/31 647/70/31 648/71/31
f 651/73/47 650/70/47 649/71/47
f 650/70/47 651/73/47 652/72/47
f 652/72/47 651/73/47 653/73/47
f 652/72/47 653/73/47 654/72/47
f 654/72/47 653/73/47 655/71/47
f 654/72/47 655/71/47 656/70/47
f 645/72/107 652/72/124 654/72/107
f 656/70/125 645/72/107 654/72/107
f 652/72/124 645/72/107 643/72/124
f 645/72/107 656/70/125 647/70/125
f 641/70/126 652/72/124 643/72/124
f 655/71/127 647/70/125 656/70/125
f 652/72/124 641/70/126 650/70/126
f 647/70/125 655/71/127 648/71/127
f 642/71/85 650/70/126 641/70/126
f 650/70/126 642/71/85 649/71/85
f 653/73/128 648/71/127 655/71/127
f 648/71/127 653/73/128 646/73/128
f 644/73/129 649/71/85 642/71/85
f 653/73/128 644/73/129 646/73/128
f 649/71/85 644/73/129 651/73/129
f 644/73/129 653/73/128 651/73/129
f 659/72/31 658/71/31 657/70/31
f 658/71/31 659/72/31 660/73/31
f 660/73/31 659/72/31 661/72/31
f 660/73/31 661/72/31 662/73/31
f 662/73/31 661/72/31 663/70/31
f 662/73/31 663/70/31 664/71/31
f 667/73/47 666/70/47 665/71/47
f 666/70/47 667/73/47 668/72/47
f 668/72/47 667/73/47 669/73/47
f 668/72/47 669/73/47 670/72/47
f 670/72/47 669/73/47 671/71/47
f 670/72/47 671/71/47 672/70/47
f 661/72/107 668/72/124 670/72/107
f 672/70/125 661/72/107 670/72/107
f 668/72/124 661/72/107 659/72/124
f 661/72/107 672/70/125 663/70/125
f 657/70/126 668/72/124 659/72/124
f 671/71/127 663/70/125 672/70/125
f 668/72/124 657/70/126 666/70/126
f 663/70/125 671/71/127 664/71/127
f 658/71/85 666/70/126 657/70/126
f 666/70/126 658/71/85 665/71/85
f 669/73/128 664/71/127 671/71/127
f 664/71/127 669/73/128 662/73/128
f 660/73/129 665/71/85 658/71/85
f 669/73/128 660/73/129 662/73/128
f 665/71/85 660/73/129 667/73/129
f 660/73/129 669/73/128 667/73/129
f 675/86/158 674/72/159 673/86/158
f 674/72/159 675/86/158 676/72/160
f 677/87/161 674/72/159 676/72/160
f 676/72/160 678/88/47 677/87/161
f 676/72/160 679/89/47 678/88/47
f 679/89/47 676/72/160 675/86/47
f 680/78/47 677/87/161 678/88/47
f 677/87/161 680/78/47 681/78/162
f 674/72/159 677/87/161 682/87/163
f 681/78/162 682/87/163 677/87/161
f 680/78/47 683/90/164 681/78/162
f 683/90/164 680/78/47 684/91/47
f 682/87/163 681/78/162 685/78/165
f 683/90/164 685/78/165 681/78/162
f 684/91/47 686/73/166 683/90/164
f 687/92/47 686/73/166 684/91/47
f 686/73/166 687/92/47 688/74/47
f 689/73/167 683/90/164 686/73/166
f 688/74/168 689/73/167 686/73/166
f 689/73/167 688/74/168 690/74/168
f 685/78/165 683/90/164 691/90/169
f 683/90/164 689/73/167 691/90/169
f 692/78/31 682/87/163 685/78/165
f 691/90/169 692/78/31 685/78/165
f 682/87/163 692/78/31 693/88/31
f 692/78/31 691/90/169 694/91/31
f 689/73/167 694/91/31 691/90/169
f 689/73/167 695/92/31 694/91/31
f 695/92/31 689/73/167 690/74/31
f 693/88/31 674/72/159 682/87/163
f 696/89/31 674/72/159 693/88/31
f 674/72/159 696/89/31 673/86/31
f 688/74/170 695/92/170 690/74/170
f 695/92/170 688/74/170 687/92/170
f 695/92/170 687/92/170 684/91/171
f 695/92/170 684/91/171 694/91/171
f 680/78/12 694/91/171 684/91/171
f 694/91/171 680/78/12 692/78/12
f 678/88/172 692/78/12 680/78/12
f 692/78/12 678/88/172 693/88/172
f 679/89/173 693/88/172 678/88/172
f 693/88/172 679/89/173 696/89/173
f 696/89/173 679/89/173 675/86/173
f 696/89/173 675/86/173 673/86/173
f 699/72/31 698/71/31 697/70/31
f 698/71/31 699/72/31 700/73/31
f 700/73/31 699/72/31 701/72/31
f 700/73/31 701/72/31 702/73/31
f 702/73/31 701/72/31 703/70/31
f 702/73/31 703/70/31 704/71/31
f 707/73/47 706/70/47 705/71/47
f 706/70/47 707/73/47 708/72/47
f 708/72/47 707/73/47 709/73/47
f 708/72/47 709/73/47 710/72/47
f 710/72/47 709/73/47 711/71/47
f 710/72/47 711/71/47 712/70/47
f 701/72/107 708/72/124 710/72/107
f 712/70/125 701/72/107 710/72/107
f 708/72/124 701/72/107 699/72/124
f 701/72/107 712/70/125 703/70/125
f 697/70/126 708/72/124 699/72/124
f 711/71/127 703/70/125 712/70/125
f 708/72/124 697/70/126 706/70/126
f 703/70/125 711/71/127 704/71/127
f 698/71/85 706/70/126 697/70/126
f 706/70/126 698/71/85 705/71/85
f 709/73/128 704/71/127 711/71/127
f 704/71/127 709/73/128 702/73/128
f 700/73/129 705/71/85 698/71/85
f 709/73/128 700/73/129 702/73/128
f 705/71/85 700/73/129 707/73/129
f 700/73/129 709/73/128 707/73/129
f 390/95/106 394/94/106 392/93/106
f 394/94/106 390/95/106 381/94/106
f 381/94/106 390/95/106 388/96/106
f 381/94/106 388/96/106 385/95/106
f 381/94/106 385/95/106 383/93/106
f 714/97/47 519/98/47 713/97/47
f 519/98/47 714/97/47 520/98/47
f 522/98/31 715/97/31 521/98/31
f 715/97/31 522/98/31 716/97/31
f 715/97/8 714/97/8 713/97/8
f 714/97/8 715/97/8 716/97/8
f 522/98/12 714/97/12 716/97/12
f 714/97/12 522/98/12 520/98/12
f 519/98/9 715/97/9 713/97/9
f 715/97/9 519/98/9 521/98/9
f 719/99/30 718/73/16 717/73/30
f 718/73/16 719/99/30 720/99/16
f 717/73/1 722/73/1 721/73/1
f 722/73/1 717/73/1 723/73/1
f 723/73/1 717/73/1 718/73/1
f 723/73/1 718/73/1 724/73/1
f 724/73/1 718/73/1 725/73/1
f 724/73/1 725/73/1 726/73/1
f 719/99/30 721/73/29 727/99/29
f 721/73/29 719/99/30 717/73/30
f 730/100/1 729/100/1 728/100/1
f 729/100/1 730/100/1 731/100/1
f 731/100/1 730/100/1 732/100/1
f 731/100/1 732/100/1 733/100/1
f 733/100/1 732/100/1 734/100/1
f 733/100/1 734/100/1 735/100/1
f 737/99/8 727/99/8 736/99/8
f 727/99/8 737/99/8 719/99/8
f 719/99/8 737/99/8 738/99/8
f 719/99/8 738/99/8 720/99/8
f 720/99/8 738/99/8 739/99/8
f 720/99/8 739/99/8 740/99/8
f 725/73/17 739/99/18 726/73/18
f 739/99/18 725/73/17 740/99/17
f 742/72/30 728/100/29 741/72/29
f 728/100/29 742/72/30 730/100/30
f 736/99/28 723/73/27 737/99/27
f 723/73/27 736/99/28 722/73/28
f 744/72/8 741/72/8 743/72/8
f 741/72/8 744/72/8 742/72/8
f 742/72/8 744/72/8 745/72/8
f 742/72/8 745/72/8 746/72/8
f 746/72/8 745/72/8 747/72/8
f 746/72/8 747/72/8 748/72/8
f 738/99/19 723/73/27 724/73/19
f 723/73/27 738/99/19 737/99/27
f 741/72/29 729/100/28 743/72/28
f 729/100/28 741/72/29 728/100/29
f 742/72/30 732/100/16 730/100/30
f 732/100/16 742/72/30 746/72/16
f 745/72/19 731/100/27 733/100/19
f 731/100/27 745/72/19 744/72/27
f 743/72/28 731/100/27 744/72/27
f 731/100/27 743/72/28 729/100/28
f 727/99/29 722/73/28 736/99/28
f 722/73/28 727/99/29 721/73/29
f 720/99/16 725/73/17 718/73/16
f 725/73/17 720/99/16 740/99/17
f 746/72/16 734/100/17 732/100/16
f 734/100/17 746/72/16 748/72/17
f 734/100/17 747/72/18 735/100/18
f 747/72/18 734/100/17 748/72/17
f 747/72/18 733/100/19 735/100/18
f 733/100/19 747/72/18 745/72/19
f 739/99/18 724/73/19 726/73/18
f 724/73/19 739/99/18 738/99/19
f 751/99/30 750/73/16 749/73/30
f 750/73/16 751/99/30 752/99/16
f 749/73/1 754/73/1 753/73/1
f 754/73/1 749/73/1 755/73/1
f 755/73/1 749/73/1 750/73/1
f 755/73/1 750/73/1 756/73/1
f 756/73/1 750/73/1 757/73/1
f 756/73/1 757/73/1 758/73/1
f 751/99/30 753/73/29 759/99/29
f 753/73/29 751/99/30 749/73/30
f 762/100/1 761/100/1 760/100/1
f 761/100/1 762/100/1 763/100/1
f 763/100/1 762/100/1 764/100/1
f 763/100/1 764/100/1 765/100/1
f 765/100/1 764/100/1 766/100/1
f 765/100/1 766/100/1 767/100/1
f 769/99/8 759/99/8 768/99/8
f 759/99/8 769/99/8 751/99/8
f 751/99/8 769/99/8 770/99/8
f 751/99/8 770/99/8 752/99/8
f 752/99/8 770/99/8 771/99/8
f 752/99/8 771/99/8 772/99/8
f 757/73/17 771/99/18 758/73/18
f 771/99/18 757/73/17 772/99/17
f 774/72/30 760/100/29 773/72/29
f 760/100/29 774/72/30 762/100/30
f 768/99/28 755/73/27 769/99/27
f 755/73/27 768/99/28 754/73/28
f 776/72/8 773/72/8 775/72/8
f 773/72/8 776/72/8 774/72/8
f 774/72/8 776/72/8 777/72/8
f 774/72/8 777/72/8 778/72/8
f 778/72/8 777/72/8 779/72/8
f 778/72/8 779/72/8 780/72/8
f 770/99/19 755/73/27 756/73/19
f 755/73/27 770/99/19 769/99/27
f 773/72/29 761/100/28 775/72/28
f 761/100/28 773/72/29 760/100/29
f 774/72/30 764/100/16 762/100/30
f 764/100/16 774/72/30 778/72/16
f 777/72/19 763/100/27 765/100/19
f 763/100/27 777/72/19 776/72/27
f 775/72/28 763/100/27 776/72/27
f 763/100/27 775/72/28 761/100/28
f 759/99/29 754/73/28 768/99/28
f 754/73/28 759/99/29 753/73/29
f 752/99/16 757/73/17 750/73/16
f 757/73/17 752/99/16 772/99/17
f 778/72/16 766/100/17 764/100/16
f 766/100/17 778/72/16 780/72/17
f 766/100/17 779/72/18 767/100/18
f 779/72/18 766/100/17 780/72/17
f 779/72/18 765/100/19 767/100/18
f 765/100/19 779/72/18 777/72/19
f 771/99/18 756/73/19 758/73/18
f 756/73/19 771/99/18 770/99/19
f 783/72/175 782/73/174 781/72/174
f 782/73/174 783/72/175 784/73/175
f 781/72/177 782/73/177 783/72/176
f 784/73/176 783/72/176 782/73/177
f 787/72/174 786/73/175 785/72/175
f 786/73/175 787/72/174 788/73/174
f 785/72/176 786/73/176 787/72/177
f 788/73/177 787/72/177 786/73/176
f 789/72/174 788/73/174 787/72/174
f 788/73/174 789/72/174 790/73/174
f 787/72/177 788/73/177 789/72/177
f 790/73/177 789/72/177 788/73/177
f 781/72/174 792/73/178 791/72/178
f 792/73/178 781/72/174 782/73/174
f 791/72/179 792/73/179 781/72/177
f 782/73/177 781/72/177 792/73/179
f 793/72/175 790/73/174 789/72/174
f 790/73/174 793/72/175 794/73/175
f 789/72/177 790/73/177 793/72/176
f 794/73/176 793/72/176 790/73/177
f 795/72/180 794/73/175 793/72/175
f 794/73/175 795/72/180 796/73/180
f 793/72/176 794/73/176 795/72/181
f 796/73/181 795/72/181 794/73/176
f 797/72/180 784/73/175 783/72/175
f 784/73/175 797/72/180 798/73/180
f 798/73/180 797/72/180 785/72/175
f 798/73/180 785/72/175 786/73/175
f 783/72/176 784/73/176 797/72/181
f 798/73/181 797/72/181 784/73/176
f 785/72/176 797/72/181 798/73/181
f 786/73/176 785/72/176 798/73/181
f 801/72/175 800/73/174 799/72/174
f 800/73/174 801/72/175 802/73/175
f 799/72/177 800/73/177 801/72/176
f 802/73/176 801/72/176 800/73/177
f 805/72/174 804/73/175 803/72/175
f 804/73/175 805/72/174 806/73/174
f 803/72/176 804/73/176 805/72/177
f 806/73/177 805/72/177 804/73/176
f 807/72/174 806/73/174 805/72/174
f 806/73/174 807/72/174 808/73/174
f 805/72/177 806/73/177 807/72/177
f 808/73/177 807/72/177 806/73/177
f 799/72/174 810/73/178 809/72/178
f 810/73/178 799/72/174 800/73/174
f 809/72/179 810/73/179 799/72/177
f 800/73/177 799/72/177 810/73/179
f 811/72/175 808/73/174 807/72/174
f 808/73/174 811/72/175 812/73/175
f 807/72/177 808/73/177 811/72/176
f 812/73/176 811/72/176 808/73/177
f 813/72/180 812/73/175 811/72/175
f 812/73/175 813/72/180 814/73/180
f 811/72/176 812/73/176 813/72/181
f 814/73/181 813/72/181 812/73/176
f 815/72/180 802/73/175 801/72/175
f 802/73/175 815/72/180 816/73/180
f 816/73/180 815/72/180 803/72/175
f 816/73/180 803/72/175 804/73/175
f 801/72/176 802/73/176 815/72/181
f 816/73/181 815/72/181 802/73/176
f 803/72/176 815/72/181 816/73/181
f 804/73/176 803/72/176 816/73/181
f 819/99/30 818/73/16 817/73/30
f 818/73/16 819/99/30 820/99/16
f 817/73/1 822/73/1 821/73/1
f 822/73/1 817/73/1 823/73/1
f 823/73/1 817/73/1 818/73/1
f 823/73/1 818/73/1 824/73/1
f 824/73/1 818/73/1 825/73/1
f 824/73/1 825/73/1 826/73/1
f 819/99/30 821/73/29 827/99/29
f 821/73/29 819/99/30 817/73/30
f 830/100/1 829/100/1 828/100/1
f 829/100/1 830/100/1 831/100/1
f 831/100/1 830/100/1 832/100/1
f 831/100/1 832/100/1 833/100/1
f 833/100/1 832/100/1 834/100/1
f 833/100/1 834/100/1 835/100/1
f 837/99/8 827/99/8 836/99/8
f 827/99/8 837/99/8 819/99/8
f 819/99/8 837/99/8 838/99/8
f 819/99/8 838/99/8 820/99/8
f 820/99/8 838/99/8 839/99/8
f 820/99/8 839/99/8 840/99/8
f 825/73/17 839/99/18 826/73/18
f 839/99/18 825/73/17 840/99/17
f 842/72/30 828/100/29 841/72/29
f 828/100/29 842/72/30 830/100/30
f 836/99/28 823/73/27 837/99/27
f 823/73/27 836/99/28 822/73/28
f 844/72/8 841/72/8 843/72/8
f 841/72/8 844/72/8 842/72/8
f 842/72/8 844/72/8 845/72/8
f 842/72/8 845/72/8 846/72/8
f 846/72/8 845/72/8 847/72/8
f 846/72/8 847/72/8 848/72/8
f 838/99/19 823/73/27 824/73/19
f 823/73/27 838/99/19 837/99/27
f 841/72/29 829/100/28 843/72/28
f 829/100/28 841/72/29 828/100/29
f 842/72/30 832/100/16 830/100/30
f 832/100/16 842/72/30 846/72/16
f 845/72/19 831/100/27 833/100/19
f 831/100/27 845/72/19 844/72/27
f 843/72/28 831/100/27 844/72/27
f 831/100/27 843/72/28 829/100/28
f 827/99/29 822/73/28 836/99/28
f 822/73/28 827/99/29 821/73/29
f 820/99/16 825/73/17 818/73/16
f 825/73/17 820/99/16 840/99/17
f 846/72/16 834/100/17 832/100/16
f 834/100/17 846/72/16 848/72/17
f 834/100/17 847/72/18 835/100/18
f 847/72/18 834/100/17 848/72/17
f 847/72/18 833/100/19 835/100/18
f 833/100/19 847/72/18 845/72/19
f 839/99/18 824/73/19 826/73/18
f 824/73/19 839/99/18 838/99/19
f 851/72/175 850/73/174 849/72/174
f 850/73/174 851/72/175 852/73/175
f 849/72/177 850/73/177 851/72/176
f 852/73/176 851/72/176 850/73/177
f 855/72/174 854/73/175 853/72/175
f 854/73/175 855/72/174 856/73/174
f 853/72/176 854/73/176 855/72/177
f 856/73/177 855/72/177 854/73/176
f 857/72/174 856/73/174 855/72/174
f 856/73/174 857/72/174 858/73/174
f 855/72/177 856/73/177 857/72/177
f 858/73/177 857/72/177 856/73/177
f 849/72/174 860/73/178 859/72/178
f 860/73/178 849/72/174 850/73/174
f 859/72/179 860/73/179 849/72/177
f 850/73/177 849/72/177 860/73/179
f 861/72/175 858/73/174 857/72/174
f 858/73/174 861/72/175 862/73/175
f 857/72/177 858/73/177 861/72/176
f 862/73/176 861/72/176 858/73/177
f 863/72/180 862/73/175 861/72/175
f 862/73/175 863/72/180 864/73/180
f 861/72/176 862/73/176 863/72/181
f 864/73/181 863/72/181 862/73/176
f 865/72/180 852/73/175 851/72/175
f 852/73/175 865/72/180 866/73/180
f 866/73/180 865/72/180 853/72/175
f 866/73/180 853/72/175 854/73/175
f 851/72/176 852/73/176 865/72/181
f 866/73/181 865/72/181 852/73/176
f 853/72/176 865/72/181 866/73/181
f 854/73/176 853/72/176 866/73/181
f 227/101/31 229/102/31 232/101/31
f 229/102/31 227/101/31 225/102/31
f 226/102/47 231/101/47 230/102/47
f 231/101/47 226/102/47 228/101/47
f 235/101/31 237/102/31 240/101/31
f 237/102/31 235/101/31 233/102/31
f 234/102/47 239/101/47 238/102/47
f 239/101/47 234/102/47 236/101/47
f 243/101/31 245/102/31 248/101/31
f 245/102/31 243/101/31 241/102/31
f 242/102/47 247/101/47 246/102/47
f 247/101/47 242/102/47 244/101/47
f 251/101/31 253/102/31 256/101/31
f 253/102/31 251/101/31 249/102/31
f 250/102/47 255/101/47 254/102/47
f 255/101/47 250/102/47 252/101/47
f 869/104/12 868/103/12 867/103/12
f 868/103/12 869/104/12 870/104/12
f 871/104/12 870/104/12 869/104/12
f 872/104/12 870/104/12 871/104/12
f 872/104/12 873/105/12 870/104/12
f 872/104/12 871/104/12 874/103/12
f 874/103/12 871/104/12 875/103/12
f 876/105/12 873/105/12 872/104/12
f 876/105/12 877/106/12 873/105/12
f 877/106/12 876/105/12 878/106/12
f 879/103/31 872/104/73 874/103/31
f 872/104/73 879/103/31 880/104/73
f 881/104/71 868/103/47 870/104/71
f 868/103/47 881/104/71 882/103/47
f 883/105/80 870/104/71 873/105/80
f 870/104/71 883/105/80 881/104/71
f 883/105/80 877/106/182 884/106/182
f 877/106/182 883/105/80 873/105/80
f 884/106/182 878/106/183 885/106/183
f 878/106/183 884/106/182 877/106/182
f 885/106/183 876/105/69 886/105/69
f 876/105/69 885/106/183 878/106/183
f 880/104/73 876/105/69 872/104/73
f 876/105/69 880/104/73 886/105/69
f 888/104/9 879/103/9 887/103/9
f 879/103/9 888/104/9 880/104/9
f 881/104/9 880/104/9 888/104/9
f 881/104/9 888/104/9 889/104/9
f 881/104/9 889/104/9 890/103/9
f 881/104/9 890/103/9 882/103/9
f 883/105/9 880/104/9 881/104/9
f 883/105/9 886/105/9 880/104/9
f 884/106/9 886/105/9 883/105/9
f 886/105/9 884/106/9 885/106/9
f 893/108/31 892/103/31 891/107/31
f 892/103/31 893/108/31 894/103/31
f 894/103/31 893/108/31 895/106/31
f 894/103/31 895/106/31 896/106/31
f 899/103/47 898/107/47 897/103/47
f 898/107/47 899/103/47 900/108/47
f 900/108/47 899/103/47 901/106/47
f 901/106/47 899/103/47 902/106/47
f 900/108/56 903/107/184 898/107/184
f 903/107/184 900/108/56 904/108/56
f 904/108/31 905/103/31 903/107/31
f 905/103/31 904/108/31 906/103/185
f 906/103/185 904/108/31 907/106/31
f 906/103/185 907/106/31 908/106/185
f 911/106/186 910/103/187 909/103/186
f 910/103/187 911/106/186 912/106/187
f 898/107/184 905/103/12 897/103/12
f 905/103/12 898/107/184 903/107/184
f 911/106/186 906/103/185 908/106/185
f 906/103/185 911/106/186 909/103/186
f 900/108/56 907/106/188 904/108/56
f 907/106/188 900/108/56 901/106/188
f 915/103/190 914/106/189 913/103/189
f 914/106/189 915/103/190 916/106/190
f 918/106/191 915/103/190 917/103/191
f 915/103/190 918/106/191 916/106/190
f 919/108/56 895/106/188 893/108/56
f 895/106/188 919/108/56 920/106/188
f 919/108/56 891/107/184 921/107/184
f 891/107/184 919/108/56 893/108/56
f 913/103/189 921/107/47 922/103/47
f 921/107/47 913/103/189 919/108/47
f 919/108/47 913/103/189 920/106/47
f 920/106/47 913/103/189 914/106/189
f 912/106/187 917/103/191 910/103/187
f 917/103/191 912/106/187 918/106/191
f 921/107/184 892/103/12 922/103/12
f 892/103/12 921/107/184 891/107/184
f 920/106/188 896/106/8 895/106/188
f 896/106/8 920/106/188 918/106/8
f 918/106/8 902/106/8 896/106/8
f 918/106/8 920/106/188 916/106/8
f 916/106/8 920/106/188 914/106/8
f 912/106/8 902/106/8 918/106/8
f 912/106/8 901/106/188 902/106/8
f 911/106/8 901/106/188 912/106/8
f 908/106/8 901/106/188 911/106/8
f 901/106/188 908/106/8 907/106/188
f 922/103/1 915/103/1 913/103/1
f 922/103/1 917/103/1 915/103/1
f 892/103/1 917/103/1 922/103/1
f 894/103/1 917/103/1 892/103/1
f 899/103/1 917/103/1 894/103/1
f 917/103/1 899/103/1 910/103/1
f 897/103/1 910/103/1 899/103/1
f 897/103/1 909/103/1 910/103/1
f 905/103/1 909/103/1 897/103/1
f 909/103/1 905/103/1 906/103/1
f 896/106/12 899/103/12 894/103/12
f 899/103/12 896/106/12 902/106/12
f 925/103/47 924/109/47 923/103/47
f 924/109/47 925/103/47 926/110/47
f 926/110/47 925/103/47 927/110/47
f 924/109/126 928/103/12 923/103/12
f 928/103/12 924/109/126 929/109/126
f 930/110/31 928/103/31 929/109/31
f 928/103/31 930/110/31 931/103/31
f 931/103/31 930/110/31 932/110/31
f 926/110/124 929/109/126 924/109/126
f 929/109/126 926/110/124 930/110/124
f 935/103/1 934/103/1 933/103/1
f 934/103/1 935/103/1 936/103/1
f 936/103/1 935/103/1 937/103/1
f 936/103/1 937/103/1 938/103/1
f 938/103/1 937/103/1 939/103/1
f 938/103/1 939/103/1 940/103/1
f 940/103/1 939/103/1 931/103/1
f 931/103/1 939/103/1 925/103/1
f 931/103/1 925/103/1 923/103/1
f 923/103/1 928/103/1 931/103/1
f 941/109/126 933/103/12 934/103/12
f 933/103/12 941/109/126 942/109/126
f 943/110/124 942/109/126 941/109/126
f 942/109/126 943/110/124 944/110/124
f 936/103/47 941/109/47 934/103/47
f 941/109/47 936/103/47 943/110/47
f 943/110/47 936/103/47 945/110/47
f 944/110/31 933/103/31 942/109/31
f 933/103/31 944/110/31 935/103/31
f 935/103/31 944/110/31 946/110/31
f 943/110/124 946/110/8 944/110/124
f 946/110/8 943/110/124 945/110/8
f 946/110/8 945/110/8 947/110/192
f 947/110/192 945/110/8 948/110/192
f 947/110/78 935/103/78 946/110/78
f 935/103/78 947/110/78 937/103/193
f 937/103/193 947/110/78 949/106/78
f 937/103/193 949/106/78 950/106/193
f 938/103/194 945/110/194 936/103/194
f 945/110/194 938/103/194 948/110/194
f 948/110/194 938/103/194 951/106/194
f 951/106/194 938/103/194 952/106/194
f 953/106/12 938/103/12 940/103/12
f 938/103/12 953/106/12 952/106/12
f 954/110/195 931/103/195 932/110/195
f 931/103/195 954/110/195 940/103/195
f 940/103/195 954/110/195 955/106/195
f 940/103/195 955/106/195 953/106/195
f 950/106/193 939/103/196 937/103/193
f 939/103/196 950/106/193 956/106/196
f 939/103/196 927/110/75 925/103/75
f 927/110/75 939/103/196 957/110/75
f 957/110/75 939/103/196 958/106/75
f 958/106/75 939/103/196 956/106/196
f 954/110/197 958/106/197 955/106/197
f 958/106/197 954/110/197 957/110/197
f 926/110/124 932/110/8 930/110/124
f 927/110/8 932/110/8 926/110/124
f 957/110/197 932/110/8 927/110/8
f 932/110/8 957/110/197 954/110/197
f 951/106/192 950/106/8 949/106/192
f 950/106/8 951/106/192 952/106/8
f 950/106/8 952/106/8 956/106/8
f 956/106/8 952/106/8 953/106/8
f 956/106/8 953/106/8 955/106/197
f 956/106/8 955/106/197 958/106/197
f 948/110/192 949/106/192 947/110/192
f 949/106/192 948/110/192 951/106/192
f 961/111/199 960/106/198 959/111/198
f 960/106/198 961/111/199 962/106/199
f 965/113/200 964/112/52 963/112/52
f 964/112/52 965/113/200 966/113/200
f 969/106/201 968/111/202 967/111/201
f 968/111/202 969/106/201 970/106/202
f 973/112/107 972/114/125 971/112/107
f 972/114/125 973/112/107 974/114/125
f 977/113/200 976/112/52 975/112/52
f 976/112/52 977/113/200 978/113/200
f 979/106/203 968/111/202 970/106/202
f 968/111/202 979/106/203 980/111/203
f 982/115/204 977/113/200 981/115/204
f 977/113/200 982/115/204 978/113/200
f 972/114/125 984/103/9 983/103/9
f 984/103/9 972/114/125 974/114/125
f 964/112/8 971/112/107 963/112/8
f 971/112/107 964/112/8 973/112/107
f 986/115/204 965/113/200 985/115/204
f 965/113/200 986/115/204 966/113/200
f 988/115/8 981/115/204 987/115/8
f 981/115/204 988/115/8 982/115/204
f 960/106/198 989/111/205 959/111/198
f 989/111/205 960/106/198 990/106/205
f 993/114/125 992/103/9 991/103/9
f 992/103/9 993/114/125 994/114/125
f 976/112/8 995/112/107 975/112/8
f 995/112/107 976/112/8 996/112/107
f 996/112/107 993/114/125 995/112/107
f 993/114/125 996/112/107 994/114/125
f 999/115/9 998/106/9 997/106/9
f 999/115/9 1000/111/9 998/106/9
f 1000/111/9 999/115/9 1001/111/9
f 1002/115/9 1001/111/9 999/115/9
f 1001/111/9 1002/115/9 1003/106/9
f 1003/106/9 1002/115/9 1004/106/9
f 996/112/47 992/103/47 994/114/47
f 976/112/47 992/103/47 996/112/47
f 976/112/47 1005/103/47 992/103/47
f 978/113/47 1005/103/47 976/112/47
f 982/115/47 1005/103/47 978/113/47
f 982/115/47 1006/111/47 1005/103/47
f 988/115/47 1006/111/47 982/115/47
f 1006/111/47 988/115/47 1007/111/47
f 1008/106/47 1007/111/47 988/115/47
f 998/106/47 1007/111/47 1008/106/47
f 1007/111/47 998/106/47 1000/111/47
f 1009/106/31 1001/111/31 1003/106/31
f 1001/111/31 1009/106/31 1010/111/31
f 1010/111/31 1009/106/31 1011/115/31
f 1010/111/31 1011/115/31 1012/111/31
f 1012/111/31 1011/115/31 985/115/31
f 1012/111/31 985/115/31 1013/103/31
f 1013/103/31 985/115/31 965/113/31
f 1013/103/31 965/113/31 963/112/31
f 1013/103/31 963/112/31 983/103/31
f 983/103/31 963/112/31 971/112/31
f 983/103/31 971/112/31 972/114/31
f 992/103/1 1014/103/1 991/103/1
f 1014/103/1 992/103/1 1005/103/1
f 1006/111/206 1014/103/206 1005/103/206
f 1014/103/206 1006/111/206 1015/111/206
f 1016/111/1 1010/111/1 1012/111/1
f 1010/111/1 1016/111/1 1001/111/1
f 1001/111/1 1016/111/1 959/111/1
f 959/111/1 1016/111/1 961/111/1
f 989/111/1 1001/111/1 959/111/1
f 967/111/1 1001/111/1 989/111/1
f 967/111/1 1000/111/1 1001/111/1
f 968/111/1 1000/111/1 967/111/1
f 968/111/1 1007/111/1 1000/111/1
f 968/111/1 1006/111/1 1007/111/1
f 980/111/1 1006/111/1 968/111/1
f 1006/111/1 980/111/1 1015/111/1
f 984/103/1 1013/103/1 983/103/1
f 1013/103/1 984/103/1 1017/103/1
f 1016/111/206 1013/103/206 1017/103/206
f 1013/103/206 1016/111/206 1012/111/206
f 1019/115/8 999/115/8 1018/115/8
f 999/115/8 1019/115/8 1002/115/8
f 997/106/8 969/106/8 1020/106/8
f 998/106/8 969/106/8 997/106/8
f 969/106/8 998/106/8 970/106/8
f 1008/106/8 970/106/8 998/106/8
f 1021/106/8 970/106/8 1008/106/8
f 970/106/8 1021/106/8 979/106/8
f 987/115/9 1008/106/9 988/115/9
f 1008/106/9 987/115/9 1021/106/9
f 1021/106/31 980/111/203 979/106/203
f 980/111/203 1021/106/31 987/115/31
f 980/111/203 987/115/31 1015/111/31
f 1015/111/31 987/115/31 981/115/31
f 1015/111/31 981/115/31 1014/103/31
f 1014/103/31 981/115/31 977/113/31
f 1014/103/31 977/113/31 975/112/31
f 1014/103/31 975/112/31 991/103/31
f 991/103/31 975/112/31 995/112/31
f 991/103/31 995/112/31 993/114/31
f 999/115/47 1020/106/47 1018/115/47
f 1020/106/47 999/115/47 997/106/47
f 1022/115/8 985/115/204 1011/115/8
f 985/115/204 1022/115/8 986/115/204
f 990/106/8 1004/106/8 1023/106/8
f 1004/106/8 990/106/8 1003/106/8
f 1003/106/8 990/106/8 960/106/8
f 1003/106/8 960/106/8 1009/106/8
f 1009/106/8 960/106/8 1024/106/8
f 1024/106/8 960/106/8 962/106/8
f 1009/106/9 1022/115/9 1011/115/9
f 1022/115/9 1009/106/9 1024/106/9
f 973/112/47 984/103/47 974/114/47
f 964/112/47 984/103/47 973/112/47
f 964/112/47 1017/103/47 984/103/47
f 966/113/47 1017/103/47 964/112/47
f 986/115/47 1017/103/47 966/113/47
f 986/115/47 1016/111/47 1017/103/47
f 1022/115/47 1016/111/47 986/115/47
f 1022/115/47 961/111/199 1016/111/47
f 961/111/199 1022/115/47 962/106/199
f 1024/106/47 962/106/199 1022/115/47
f 1004/106/31 1019/115/31 1023/106/31
f 1019/115/31 1004/106/31 1002/115/31
f 1019/115/12 990/106/205 1023/106/12
f 1019/115/12 989/111/205 990/106/205
f 989/111/205 1019/115/12 967/111/201
f 1018/115/12 967/111/201 1019/115/12
f 967/111/201 1018/115/12 969/106/201
f 969/106/201 1018/115/12 1020/106/12

g ship-small




usemtl colormap

f 3/1/1 2/1/1 1/1/1
f 2/1/1 3/1/1 4/1/1
f 4/1/1 3/1/1 5/1/1
f 4/1/1 5/1/1 6/1/1
f 8/2/3 2/1/2 7/2/2
f 2/1/2 8/2/3 1/1/3
f 9/2/4 2/1/2 4/1/4
f 2/1/2 9/2/4 7/2/2
f 6/1/5 11/2/6 10/2/5
f 11/2/6 6/1/5 5/1/6
f 12/2/7 5/1/6 3/1/7
f 5/1/6 12/2/7 11/2/6
f 10/2/5 4/1/4 6/1/5
f 4/1/4 10/2/5 9/2/4
f 8/2/3 3/1/7 1/1/3
f 3/1/7 8/2/3 12/2/7
f 15/3/8 14/3/8 13/3/8
f 14/3/8 15/3/8 16/3/8
f 16/3/8 15/3/8 17/3/8
f 16/3/8 17/3/8 18/3/8
f 19/2/9 17/3/10 15/3/9
f 17/3/10 19/2/9 20/2/10
f 21/2/11 17/3/10 20/2/10
f 17/3/10 21/2/11 18/3/11
f 21/2/11 16/3/12 18/3/11
f 16/3/12 21/2/11 22/2/12
f 22/2/12 14/3/13 16/3/12
f 14/3/13 22/2/12 23/2/13
f 14/3/13 24/2/14 13/3/14
f 24/2/14 14/3/13 23/2/13
f 24/2/14 15/3/9 13/3/14
f 15/3/9 24/2/14 19/2/9
f 12/2/8 21/2/8 11/2/8
f 11/2/8 21/2/8 10/2/8
f 12/2/8 22/2/8 21/2/8
f 20/2/8 10/2/8 21/2/8
f 12/2/8 23/2/8 22/2/8
f 8/2/8 23/2/8 12/2/8
f 20/2/8 9/2/8 10/2/8
f 19/2/8 9/2/8 20/2/8
f 23/2/8 8/2/8 24/2/8
f 24/2/8 9/2/8 19/2/8
f 7/2/8 24/2/8 8/2/8
f 24/2/8 7/2/8 9/2/8
f 27/2/8 26/2/8 25/2/8
f 26/2/8 27/2/8 28/2/8
f 28/2/8 27/2/8 29/2/8
f 28/2/8 29/2/8 30/2/8
f 33/2/15 32/1/16 31/1/15
f 32/1/16 33/2/15 34/2/16
f 37/2/18 36/1/17 35/2/17
f 36/1/17 37/2/18 38/1/18
f 41/2/19 40/1/20 39/1/19
f 40/1/20 41/2/19 42/2/20
f 41/2/19 38/1/18 37/2/18
f 38/1/18 41/2/19 39/1/19
f 35/2/17 32/1/16 34/2/16
f 32/1/16 35/2/17 36/1/17
f 39/1/1 36/1/1 38/1/1
f 36/1/1 39/1/1 32/1/1
f 32/1/1 39/1/1 40/1/1
f 32/1/1 40/1/1 31/1/1
f 34/2/8 37/2/8 35/2/8
f 37/2/8 34/2/8 41/2/8
f 41/2/8 34/2/8 33/2/8
f 41/2/8 33/2/8 42/2/8
f 45/2/8 44/2/8 43/2/8
f 44/2/8 45/2/8 46/2/8
f 46/2/8 45/2/8 47/2/8
f 46/2/8 47/2/8 48/2/8
f 43/2/21 50/1/22 49/1/21
f 50/1/22 43/2/21 44/2/22
f 45/2/23 49/1/21 51/1/23
f 49/1/21 45/2/23 43/2/21
f 46/2/24 53/1/25 52/1/24
f 53/1/25 46/2/24 48/2/25
f 53/1/25 47/2/26 54/1/26
f 47/2/26 53/1/25 48/2/25
f 44/2/22 52/1/24 50/1/22
f 52/1/24 44/2/22 46/2/24
f 47/2/26 51/1/23 54/1/26
f 51/1/23 47/2/26 45/2/23
f 57/2/12 56/1/27 55/1/12
f 56/1/27 57/2/12 58/2/27
f 61/2/29 60/1/28 59/2/28
f 60/1/28 61/2/29 62/1/29
f 65/2/30 64/1/9 63/1/30
f 64/1/9 65/2/30 66/2/9
f 65/2/30 62/1/29 61/2/29
f 62/1/29 65/2/30 63/1/30
f 59/2/28 56/1/27 58/2/27
f 56/1/27 59/2/28 60/1/28
f 63/1/1 60/1/1 62/1/1
f 60/1/1 63/1/1 56/1/1
f 56/1/1 63/1/1 64/1/1
f 56/1/1 64/1/1 55/1/1
f 58/2/8 61/2/8 59/2/8
f 61/2/8 58/2/8 65/2/8
f 65/2/8 58/2/8 57/2/8
f 65/2/8 57/2/8 66/2/8
f 69/5/9 68/4/9 67/4/9
f 68/4/9 69/5/9 70/5/9
f 73/3/9 72/1/9 71/1/9
f 72/1/9 73/3/9 74/3/9
f 77/7/9 76/6/9 75/6/9
f 76/6/9 77/7/9 78/7/9
f 81/9/9 80/8/9 79/8/9
f 80/8/9 81/9/9 82/9/9
f 85/3/31 84/8/31 83/10/31
f 73/3/31 84/8/31 85/3/31
f 84/8/31 73/3/31 79/8/31
f 71/1/31 79/8/31 73/3/31
f 79/8/31 71/1/31 86/1/31
f 88/6/31 87/9/31 75/6/31
f 87/9/31 88/6/31 81/9/31
f 81/9/31 88/6/31 89/9/31
f 89/9/31 88/6/31 90/11/31
f 93/12/34 92/1/33 91/12/32
f 92/1/33 93/12/34 94/13/33
f 94/13/35 95/1/35 92/1/35
f 95/1/35 94/13/35 96/13/35
f 96/13/36 97/12/37 95/1/36
f 97/12/37 96/13/36 98/12/38
f 101/2/41 100/2/40 99/2/39
f 100/2/40 101/2/41 102/2/42
f 101/2/41 98/12/38 102/2/42
f 98/12/38 101/2/41 97/12/37
f 99/2/39 93/12/34 91/12/32
f 93/12/34 99/2/39 100/2/40
f 97/12/12 92/1/12 95/1/12
f 92/1/12 97/12/12 91/12/12
f 91/12/12 97/12/12 101/2/12
f 91/12/12 101/2/12 99/2/12
f 93/12/9 96/13/9 94/13/9
f 96/13/9 93/12/9 98/12/9
f 98/12/9 93/12/9 100/2/9
f 98/12/9 100/2/9 102/2/9
f 105/2/8 104/2/8 103/2/8
f 104/2/8 105/2/8 106/2/8
f 106/2/8 105/2/8 107/2/8
f 106/2/8 107/2/8 108/2/8
f 111/14/43 110/6/31 109/14/43
f 110/6/31 111/14/43 112/6/31
f 115/16/44 114/15/8 113/15/8
f 114/15/8 115/16/44 116/16/44
f 119/6/31 118/17/43 117/6/31
f 118/17/43 119/6/31 120/17/43
f 123/19/45 122/18/1 121/18/1
f 122/18/1 123/19/45 124/19/45
f 115/16/12 122/18/12 124/19/12
f 122/18/12 115/16/12 125/16/12
f 125/16/12 115/16/12 113/15/12
f 125/16/12 126/19/12 122/18/12
f 129/6/47 128/14/46 127/14/46
f 128/14/46 129/6/47 130/6/47
f 133/21/8 132/20/44 131/20/44
f 132/20/44 133/21/8 134/21/8
f 121/18/1 126/19/48 135/19/48
f 126/19/48 121/18/1 122/18/1
f 120/17/9 130/6/9 136/22/9
f 130/6/9 120/17/9 119/6/9
f 130/6/9 119/6/9 137/23/9
f 130/6/9 137/23/9 128/14/9
f 139/17/12 110/6/12 138/22/12
f 110/6/12 139/17/12 140/6/12
f 110/6/12 140/6/12 109/14/12
f 109/14/12 140/6/12 141/23/12
f 143/20/12 133/21/12 142/24/12
f 144/24/12 142/24/12 133/21/12
f 144/24/12 133/21/12 131/20/12
f 142/24/12 144/24/12 145/25/12
f 140/6/47 146/23/49 141/23/49
f 146/23/49 140/6/47 147/6/47
f 129/6/12 118/17/12 148/22/12
f 118/17/12 129/6/12 117/6/12
f 117/6/12 129/6/12 149/23/12
f 149/23/12 129/6/12 127/14/12
f 150/16/9 121/18/9 135/19/9
f 116/16/9 121/18/9 150/16/9
f 116/16/9 150/16/9 114/15/9
f 121/18/9 116/16/9 123/19/9
f 152/20/9 151/24/9 134/21/9
f 151/24/9 153/24/9 134/21/9
f 134/21/9 153/24/9 132/20/9
f 153/24/9 151/24/9 154/25/9
f 154/25/1 144/24/45 153/24/45
f 144/24/45 154/25/1 145/25/1
f 113/15/8 150/16/50 125/16/50
f 150/16/50 113/15/8 114/15/8
f 155/17/46 140/6/47 139/17/46
f 140/6/47 155/17/46 147/6/47
f 143/20/50 134/21/8 133/21/8
f 134/21/8 143/20/50 152/20/50
f 151/24/48 145/25/1 154/25/1
f 145/25/1 151/24/48 142/24/48
f 112/6/9 155/17/9 156/22/9
f 155/17/9 112/6/9 147/6/9
f 147/6/9 112/6/9 111/14/9
f 147/6/9 111/14/9 146/23/9
f 112/6/31 138/22/51 110/6/31
f 138/22/51 112/6/31 156/22/51
f 137/23/51 117/6/31 149/23/51
f 117/6/31 137/23/51 119/6/31
f 148/22/49 130/6/47 129/6/47
f 130/6/47 148/22/49 136/22/49
f 180/11/47 178/6/47 179/9/47
f 179/9/47 178/6/47 171/9/47
f 171/9/47 178/6/47 177/9/47
f 165/6/47 177/9/47 178/6/47
f 176/1/47 161/1/47 169/8/47
f 163/3/47 169/8/47 161/1/47
f 169/8/47 163/3/47 174/8/47
f 175/3/47 174/8/47 163/3/47
f 173/10/47 174/8/47 175/3/47
f 172/9/9 171/9/9 170/8/9
f 169/8/9 170/8/9 171/9/9
f 168/7/9 167/7/9 166/6/9
f 165/6/9 166/6/9 167/7/9
f 164/3/9 163/3/9 162/1/9
f 161/1/9 162/1/9 163/3/9
f 160/5/9 159/5/9 158/4/9
f 157/4/9 158/4/9 159/5/9
f 183/2/8 182/2/8 181/2/8
f 182/2/8 183/2/8 184/2/8
f 184/2/8 183/2/8 185/2/8
f 184/2/8 185/2/8 186/2/8
f 181/2/21 188/1/22 187/1/21
f 188/1/22 181/2/21 182/2/22
f 183/2/23 187/1/21 189/1/23
f 187/1/21 183/2/23 181/2/21
f 184/2/24 191/1/25 190/1/24
f 191/1/25 184/2/24 186/2/25
f 191/1/25 185/2/26 192/1/26
f 185/2/26 191/1/25 186/2/25
f 182/2/22 190/1/24 188/1/22
f 190/1/24 182/2/22 184/2/24
f 185/2/26 189/1/23 192/1/26
f 189/1/23 185/2/26 183/2/23
f 195/2/9 194/1/9 193/1/9
f 194/1/9 195/2/9 196/2/9
f 199/1/52 198/2/52 197/1/52
f 198/2/52 199/1/52 200/2/52
f 203/2/8 202/2/8 201/2/8
f 202/2/8 203/2/8 204/2/8
f 204/2/8 200/2/8 202/2/8
f 200/2/8 204/2/8 198/2/8
f 204/2/8 203/2/8 205/2/8
f 206/2/8 205/2/8 203/2/8
f 205/2/8 206/2/8 195/2/8
f 195/2/8 206/2/8 196/2/8
f 196/2/8 206/2/8 207/2/8
f 208/2/8 207/2/8 206/2/8
f 207/2/8 208/2/8 209/2/8
f 209/2/8 208/2/8 210/2/8
f 210/2/8 211/2/8 209/2/8
f 211/2/8 210/2/8 212/2/8
f 162/1/47 204/2/47 213/1/47
f 204/2/47 162/1/47 198/2/47
f 198/2/47 162/1/47 197/1/47
f 211/2/52 215/1/52 214/1/52
f 215/1/52 211/2/52 212/2/52
f 211/2/31 216/1/31 209/2/31
f 216/1/31 211/2/31 72/1/31
f 72/1/31 211/2/31 214/1/31
f 195/2/31 217/1/31 205/2/31
f 217/1/31 195/2/31 193/1/31
f 194/1/47 207/2/47 218/1/47
f 207/2/47 194/1/47 196/2/47
f 221/2/8 220/2/8 219/2/8
f 220/2/8 221/2/8 222/2/8
f 222/2/8 221/2/8 223/2/8
f 222/2/8 223/2/8 224/2/8
f 227/2/54 226/1/53 225/1/53
f 226/1/53 227/2/54 228/2/54
f 226/1/53 229/1/55 225/1/53
f 229/1/55 226/1/53 230/1/55
f 231/2/56 229/1/55 230/1/55
f 229/1/55 231/2/56 232/2/56
f 231/2/56 227/2/54 232/2/56
f 227/2/54 231/2/56 228/2/54
f 235/2/54 234/1/53 233/1/53
f 234/1/53 235/2/54 236/2/54
f 234/1/53 237/1/55 233/1/53
f 237/1/55 234/1/53 238/1/55
f 239/2/56 237/1/55 238/1/55
f 237/1/55 239/2/56 240/2/56
f 239/2/56 235/2/54 240/2/56
f 235/2/54 239/2/56 236/2/54
f 243/2/54 242/1/53 241/1/53
f 242/1/53 243/2/54 244/2/54
f 242/1/53 245/1/55 241/1/53
f 245/1/55 242/1/53 246/1/55
f 247/2/56 245/1/55 246/1/55
f 245/1/55 247/2/56 248/2/56
f 247/2/56 243/2/54 248/2/56
f 243/2/54 247/2/56 244/2/54
f 251/2/54 250/1/53 249/1/53
f 250/1/53 251/2/54 252/2/54
f 250/1/53 253/1/55 249/1/53
f 253/1/55 250/1/53 254/1/55
f 255/2/56 253/1/55 254/1/55
f 253/1/55 255/2/56 256/2/56
f 255/2/56 251/2/54 256/2/56
f 251/2/54 255/2/56 252/2/54
f 259/26/8 258/26/8 257/26/8
f 259/26/8 257/26/8 260/26/8
f 261/26/8 258/26/8 259/26/8
f 259/26/8 260/26/8 262/26/8
f 258/26/8 261/26/8 263/26/8
f 262/26/8 260/26/8 264/26/8
f 265/26/8 263/26/8 261/26/8
f 264/26/8 260/26/8 266/26/8
f 263/26/8 265/26/8 267/26/8
f 264/26/8 266/26/8 268/26/8
f 267/26/8 265/26/8 268/26/8
f 269/26/8 268/26/8 266/26/8
f 267/26/8 268/26/8 270/26/8
f 270/26/8 268/26/8 269/26/8
f 273/28/59 272/2/58 271/27/57
f 271/27/57 274/29/60 273/28/59
f 277/27/63 276/28/62 275/29/61
f 277/27/63 278/2/64 276/28/62
f 281/29/66 280/28/65 279/28/65
f 280/28/65 281/29/66 282/29/66
f 280/28/68 284/2/67 283/2/67
f 284/2/67 280/28/68 285/28/69
f 276/28/69 284/2/67 285/28/69
f 284/2/67 276/28/69 278/2/67
f 287/29/71 286/30/47 281/29/70
f 286/30/47 287/29/71 288/1/47
f 289/1/47 286/30/47 288/1/47
f 286/30/47 289/1/47 290/31/47
f 288/1/47 287/29/71 291/1/47
f 291/1/47 287/29/71 292/30/47
f 274/29/71 292/30/47 287/29/71
f 292/30/47 274/29/71 264/30/47
f 293/29/73 280/28/68 282/29/72
f 280/28/68 293/29/73 285/28/69
f 275/29/73 285/28/69 293/29/73
f 285/28/69 275/29/73 276/28/69
f 279/28/65 283/2/12 294/2/12
f 283/2/12 279/28/65 280/28/65
f 277/27/74 272/2/74 278/2/74
f 272/2/74 277/27/74 271/27/74
f 259/30/9 271/27/9 277/27/9
f 271/27/9 259/30/9 262/30/9
f 271/27/57 264/30/75 274/29/60
f 264/30/75 271/27/57 262/30/75
f 289/1/12 295/31/76 290/31/76
f 295/31/76 289/1/12 296/1/12
f 296/1/12 289/1/12 297/1/12
f 296/1/12 297/1/12 298/1/12
f 290/31/76 299/30/77 286/30/77
f 299/30/77 290/31/76 295/31/76
f 286/30/12 282/29/66 281/29/66
f 282/29/66 286/30/12 299/30/12
f 259/30/78 275/29/61 261/30/78
f 275/29/61 259/30/78 277/27/63
f 300/1/31 295/31/31 296/1/31
f 295/31/31 300/1/31 299/30/31
f 299/30/31 300/1/31 282/29/72
f 282/29/72 300/1/31 293/29/73
f 293/29/73 300/1/31 301/1/31
f 293/29/73 301/1/31 302/30/31
f 261/30/31 293/29/73 302/30/31
f 293/29/73 261/30/31 275/29/73
f 294/2/81 303/28/80 279/28/79
f 303/28/80 294/2/81 304/2/81
f 272/2/81 303/28/80 304/2/81
f 303/28/80 272/2/81 273/28/80
f 283/2/1 304/2/1 294/2/1
f 304/2/1 283/2/1 284/2/1
f 278/2/1 304/2/1 284/2/1
f 304/2/1 278/2/1 272/2/1
f 279/28/79 287/29/71 281/29/70
f 287/29/71 279/28/79 303/28/80
f 273/28/80 287/29/71 303/28/80
f 287/29/71 273/28/80 274/29/71
f 307/8/16 306/4/17 305/8/17
f 306/4/17 307/8/16 308/4/16
f 307/8/1 310/8/1 309/8/1
f 311/8/1 310/8/1 307/8/1
f 311/8/1 307/8/1 305/8/1
f 311/8/1 305/8/1 312/8/1
f 311/8/1 313/8/1 310/8/1
f 314/8/1 313/8/1 311/8/1
f 314/8/1 315/8/1 313/8/1
f 314/8/1 316/8/1 315/8/1
f 317/8/1 316/8/1 314/8/1
f 316/8/1 317/8/1 318/8/1
f 321/4/8 320/4/8 319/4/8
f 320/4/8 321/4/8 322/4/8
f 322/4/8 321/4/8 323/4/8
f 324/4/8 322/4/8 323/4/8
f 323/4/8 321/4/8 325/4/8
f 323/4/8 325/4/8 326/4/8
f 326/4/8 325/4/8 327/4/8
f 327/4/8 325/4/8 308/4/8
f 308/4/8 325/4/8 328/4/8
f 308/4/8 328/4/8 306/4/8
f 305/8/17 328/4/18 312/8/18
f 328/4/18 305/8/17 306/4/17
f 322/4/30 315/8/9 316/8/30
f 315/8/9 322/4/30 324/4/9
f 322/4/30 318/8/29 320/4/29
f 318/8/29 322/4/30 316/8/30
f 319/4/28 314/8/27 321/4/27
f 314/8/27 319/4/28 317/8/28
f 320/4/29 317/8/28 319/4/28
f 317/8/28 320/4/29 318/8/29
f 311/8/19 321/4/27 314/8/27
f 321/4/27 311/8/19 325/4/19
f 312/8/18 325/4/19 311/8/19
f 325/4/19 312/8/18 328/4/18
f 327/4/9 307/8/16 309/8/9
f 307/8/16 327/4/9 308/4/16
f 331/33/56 330/32/82 329/32/82
f 330/32/82 331/33/56 332/33/56
f 331/33/56 333/34/8 332/33/56
f 333/34/8 331/33/56 334/34/8
f 334/34/8 335/33/54 333/34/8
f 335/33/54 334/34/8 336/33/54
f 335/33/54 338/32/83 337/32/83
f 338/32/83 335/33/54 336/33/54
f 337/32/83 340/35/84 339/35/84
f 340/35/84 337/32/83 338/32/83
f 343/37/12 342/36/12 341/36/12
f 342/36/12 343/37/12 344/37/12
f 345/38/55 344/37/85 343/37/85
f 344/37/85 345/38/55 346/38/55
f 345/38/55 347/39/1 346/38/55
f 347/39/1 345/38/55 348/39/1
f 348/39/1 349/38/53 347/39/1
f 349/38/53 348/39/1 350/38/53
f 349/38/53 352/37/86 351/37/86
f 352/37/86 349/38/53 350/38/53
f 351/37/9 354/36/9 353/36/9
f 354/36/9 351/37/9 352/37/9
f 354/36/8 342/36/8 353/36/8
f 342/36/8 354/36/8 341/36/8
f 329/32/82 356/35/87 355/35/87
f 356/35/87 329/32/82 330/32/82
f 359/40/88 358/40/89 357/40/88
f 358/40/89 359/40/88 360/40/89
f 360/40/89 361/41/55 358/40/89
f 361/41/55 360/40/89 362/41/55
f 355/35/87 361/41/55 362/41/55
f 361/41/55 355/35/87 356/35/87
f 339/35/84 364/41/53 363/41/53
f 364/41/53 339/35/84 340/35/84
f 364/41/53 357/40/88 363/41/53
f 357/40/88 364/41/53 359/40/88
f 332/33/31 356/35/31 330/32/31
f 356/35/31 332/33/31 361/41/31
f 361/41/31 332/33/31 358/40/31
f 358/40/31 332/33/31 353/36/31
f 358/40/31 353/36/31 357/40/31
f 353/36/31 332/33/31 351/37/31
f 332/33/31 349/38/31 351/37/31
f 349/38/31 332/33/31 333/34/31
f 349/38/31 333/34/31 347/39/31
f 347/39/31 333/34/31 335/33/31
f 347/39/31 335/33/31 346/38/31
f 346/38/31 335/33/31 344/37/31
f 344/37/31 335/33/31 342/36/31
f 357/40/31 353/36/31 342/36/31
f 357/40/31 342/36/31 335/33/31
f 357/40/31 335/33/31 337/32/31
f 357/40/31 337/32/31 363/41/31
f 363/41/31 337/32/31 339/35/31
f 367/40/1 366/40/1 365/40/1
f 366/40/1 367/40/1 368/40/1
f 368/40/1 367/40/1 369/40/1
f 368/40/1 369/40/1 370/40/1
f 28/34/90 369/40/91 367/40/90
f 369/40/91 28/34/90 30/34/91
f 369/40/91 29/34/92 370/40/92
f 29/34/92 369/40/91 30/34/91
f 25/34/93 365/40/94 366/40/93
f 365/40/94 25/34/93 26/34/94
f 26/34/94 367/40/90 365/40/94
f 367/40/90 26/34/94 28/34/90
f 27/34/95 366/40/93 368/40/95
f 366/40/93 27/34/95 25/34/93
f 29/34/92 368/40/95 370/40/92
f 368/40/95 29/34/92 27/34/95
f 373/33/97 372/32/96 371/32/96
f 372/32/96 373/33/97 374/33/97
f 373/33/97 375/34/8 374/33/97
f 375/34/8 373/33/97 376/34/8
f 376/34/8 377/33/98 375/34/8
f 377/33/98 376/34/8 378/33/98
f 377/33/98 380/32/99 379/32/99
f 380/32/99 377/33/98 378/33/98
f 383/37/100 382/40/100 381/40/100
f 382/40/100 383/37/100 384/37/100
f 385/38/102 384/37/101 383/37/101
f 384/37/101 385/38/102 386/38/102
f 385/38/102 387/39/1 386/38/102
f 387/39/1 385/38/102 388/39/1
f 388/39/1 389/38/103 387/39/1
f 389/38/103 388/39/1 390/38/103
f 389/38/103 392/37/104 391/37/104
f 392/37/104 389/38/103 390/38/103
f 391/37/105 394/40/105 393/40/105
f 394/40/105 391/37/105 392/37/105
f 379/32/99 396/40/105 395/40/105
f 396/40/105 379/32/99 380/32/99
f 395/40/106 377/33/106 379/32/106
f 382/40/106 377/33/106 395/40/106
f 384/37/106 377/33/106 382/40/106
f 386/38/106 377/33/106 384/37/106
f 387/39/106 377/33/106 386/38/106
f 387/39/106 375/34/106 377/33/106
f 389/38/106 375/34/106 387/39/106
f 389/38/106 374/33/106 375/34/106
f 374/33/106 389/38/106 391/37/106
f 393/40/106 374/33/106 391/37/106
f 397/40/106 374/33/106 393/40/106
f 374/33/106 397/40/106 372/32/106
f 371/32/96 397/40/100 398/40/100
f 397/40/100 371/32/96 372/32/96
f 401/34/8 400/34/107 399/34/8
f 400/34/107 401/34/8 402/34/107
f 68/42/8 403/42/107 67/42/8
f 403/42/107 68/42/8 404/42/107
f 407/44/9 406/43/53 405/43/53
f 406/43/53 407/44/9 408/44/9
f 406/43/53 69/43/1 405/43/53
f 69/43/1 406/43/53 70/43/1
f 411/46/9 410/45/53 409/45/53
f 410/45/53 411/46/9 412/46/9
f 410/45/53 77/45/1 409/45/53
f 77/45/1 410/45/53 78/45/1
f 90/48/9 413/47/53 89/47/53
f 413/47/53 90/48/9 414/48/9
f 413/47/53 81/47/1 89/47/53
f 81/47/1 413/47/53 82/47/1
f 83/50/9 415/49/53 85/49/53
f 415/49/53 83/50/9 416/50/9
f 415/49/53 73/49/1 85/49/53
f 73/49/1 415/49/53 74/49/1
f 80/51/8 84/51/107 79/51/8
f 84/51/107 80/51/8 417/51/107
f 84/51/107 416/50/54 83/50/54
f 416/50/54 84/51/107 417/51/107
f 400/34/107 408/44/54 407/44/54
f 408/44/54 400/34/107 402/34/107
f 403/42/107 412/46/54 411/46/54
f 412/46/54 403/42/107 404/42/107
f 76/52/8 88/52/107 75/52/8
f 88/52/107 76/52/8 418/52/107
f 88/52/107 414/48/54 90/48/54
f 414/48/54 88/52/107 418/52/107
f 421/39/1 420/38/53 419/39/1
f 420/38/53 421/39/1 422/38/53
f 420/38/53 424/37/86 423/37/86
f 424/37/86 420/38/53 422/38/53
f 427/33/56 426/32/82 425/32/82
f 426/32/82 427/33/56 428/33/56
f 425/32/82 430/35/87 429/35/87
f 430/35/87 425/32/82 426/32/82
f 433/36/8 432/36/8 431/36/8
f 432/36/8 433/36/8 434/36/8
f 429/35/87 436/41/55 435/41/55
f 436/41/55 429/35/87 430/35/87
f 439/33/54 438/32/83 437/32/83
f 438/32/83 439/33/54 440/33/54
f 442/34/8 439/33/54 441/34/8
f 439/33/54 442/34/8 440/33/54
f 427/33/56 441/34/8 428/33/56
f 441/34/8 427/33/56 442/34/8
f 443/37/12 432/36/12 434/36/12
f 432/36/12 443/37/12 444/37/12
f 447/35/84 446/41/53 445/41/53
f 446/41/53 447/35/84 448/35/84
f 450/40/89 436/41/55 449/40/89
f 436/41/55 450/40/89 435/41/55
f 435/41/47 425/32/47 429/35/47
f 425/32/47 435/41/47 427/33/47
f 427/33/47 435/41/47 450/40/47
f 427/33/47 450/40/47 433/36/47
f 433/36/47 450/40/47 451/40/47
f 424/37/47 427/33/47 433/36/47
f 422/38/47 427/33/47 424/37/47
f 427/33/47 422/38/47 442/34/47
f 442/34/47 422/38/47 421/39/47
f 433/36/47 451/40/47 434/36/47
f 442/34/47 421/39/47 440/33/47
f 440/33/47 421/39/47 452/38/47
f 440/33/47 452/38/47 443/37/47
f 434/36/47 451/40/47 443/37/47
f 443/37/47 451/40/47 440/33/47
f 440/33/47 451/40/47 438/32/47
f 438/32/47 451/40/47 446/41/47
f 438/32/47 446/41/47 448/35/47
f 437/32/83 448/35/84 447/35/84
f 448/35/84 437/32/83 438/32/83
f 446/41/53 453/40/88 445/41/53
f 453/40/88 446/41/53 451/40/88
f 452/38/55 444/37/85 443/37/85
f 444/37/85 452/38/55 454/38/55
f 452/38/55 419/39/1 454/38/55
f 419/39/1 452/38/55 421/39/1
f 423/37/9 433/36/9 431/36/9
f 433/36/9 423/37/9 424/37/9
f 451/40/88 449/40/89 453/40/88
f 449/40/89 451/40/88 450/40/89
f 457/40/1 456/40/1 455/40/1
f 456/40/1 457/40/1 458/40/1
f 458/40/1 457/40/1 459/40/1
f 458/40/1 459/40/1 460/40/1
f 106/34/108 459/40/109 457/40/108
f 459/40/109 106/34/108 108/34/109
f 459/40/109 107/34/110 460/40/110
f 107/34/110 459/40/109 108/34/109
f 103/34/111 455/40/112 456/40/111
f 455/40/112 103/34/111 104/34/112
f 104/34/112 457/40/108 455/40/112
f 457/40/108 104/34/112 106/34/108
f 105/34/113 456/40/111 458/40/113
f 456/40/111 105/34/113 103/34/111
f 107/34/110 458/40/113 460/40/110
f 458/40/113 107/34/110 105/34/113
f 463/34/114 462/53/114 461/34/114
f 462/53/114 463/34/114 464/53/114
f 467/53/115 466/34/115 465/34/115
f 466/34/115 467/53/115 468/53/115
f 471/40/116 470/54/116 469/54/116
f 470/54/116 471/40/116 472/40/116
f 469/54/12 473/55/12 471/40/12
f 473/55/12 469/54/12 474/52/12
f 475/52/12 473/55/12 474/52/12
f 475/52/12 474/52/12 467/53/12
f 476/54/12 473/55/12 475/52/12
f 473/55/12 476/54/12 477/40/12
f 475/52/12 467/53/12 478/56/12
f 478/56/12 467/53/12 465/34/12
f 478/56/12 462/53/12 475/52/12
f 462/53/12 478/56/12 461/34/12
f 479/56/9 464/53/9 463/34/9
f 464/53/9 479/56/9 480/52/9
f 468/53/9 480/52/9 479/56/9
f 468/53/9 479/56/9 466/34/9
f 481/52/9 480/52/9 468/53/9
f 482/55/9 480/52/9 481/52/9
f 470/54/9 482/55/9 481/52/9
f 482/55/9 470/54/9 472/40/9
f 482/55/9 483/54/9 480/52/9
f 483/54/9 482/55/9 484/40/9
f 483/54/117 477/40/117 476/54/117
f 477/40/117 483/54/117 484/40/117
f 139/57/114 480/52/114 155/57/114
f 155/57/114 480/52/114 156/58/114
f 139/57/114 475/52/114 480/52/114
f 483/54/114 156/58/114 480/52/114
f 475/52/114 139/57/114 476/54/114
f 483/54/114 138/58/114 156/58/114
f 476/54/114 138/58/114 483/54/114
f 138/58/114 476/54/114 139/57/114
f 482/55/116 131/59/116 132/59/116
f 482/55/116 132/59/116 153/60/116
f 473/55/116 131/59/116 482/55/116
f 153/60/116 484/40/116 482/55/116
f 131/59/116 473/55/116 477/40/116
f 144/60/116 484/40/116 153/60/116
f 477/40/116 144/60/116 131/59/116
f 144/60/116 477/40/116 484/40/116
f 111/62/117 480/52/117 146/61/117
f 146/61/117 480/52/117 141/61/117
f 111/62/117 464/53/117 480/52/117
f 475/52/117 141/61/117 480/52/117
f 464/53/117 111/62/117 462/53/117
f 475/52/117 109/62/117 141/61/117
f 462/53/117 109/62/117 475/52/117
f 109/62/117 462/53/117 111/62/117
f 118/57/115 469/54/115 148/58/115
f 148/58/115 469/54/115 136/58/115
f 118/57/115 474/52/115 469/54/115
f 470/54/115 136/58/115 469/54/115
f 474/52/115 118/57/115 481/52/115
f 470/54/115 120/57/115 136/58/115
f 481/52/115 120/57/115 470/54/115
f 120/57/115 481/52/115 118/57/115
f 125/64/115 478/56/115 126/63/115
f 126/63/115 478/56/115 135/63/115
f 125/64/115 461/34/115 478/56/115
f 479/56/115 135/63/115 478/56/115
f 461/34/115 125/64/115 463/34/115
f 479/56/115 150/64/115 135/63/115
f 463/34/115 150/64/115 479/56/115
f 150/64/115 463/34/115 125/64/115
f 115/64/114 466/34/114 116/64/114
f 116/64/114 466/34/114 123/63/114
f 115/64/114 465/34/114 466/34/114
f 479/56/114 123/63/114 466/34/114
f 465/34/114 115/64/114 478/56/114
f 479/56/114 124/63/114 123/63/114
f 478/56/114 124/63/114 479/56/114
f 124/63/114 478/56/114 115/64/114
f 471/40/117 143/59/117 142/60/117
f 471/40/117 142/60/117 151/60/117
f 473/55/117 143/59/117 471/40/117
f 151/60/117 472/40/117 471/40/117
f 143/59/117 473/55/117 482/55/117
f 152/59/117 472/40/117 151/60/117
f 472/40/117 152/59/117 482/55/117
f 143/59/117 482/55/117 152/59/117
f 468/53/116 127/62/116 128/62/116
f 468/53/116 128/62/116 137/61/116
f 467/53/116 127/62/116 468/53/116
f 137/61/116 481/52/116 468/53/116
f 127/62/116 467/53/116 474/52/116
f 149/61/116 481/52/116 137/61/116
f 474/52/116 149/61/116 127/62/116
f 149/61/116 474/52/116 481/52/116
f 504/52/107 178/52/107 500/48/54
f 180/48/54 500/48/54 178/52/107
f 504/52/107 166/52/8 178/52/107
f 165/52/8 178/52/107 166/52/8
f 490/42/107 489/42/107 498/46/54
f 497/46/54 498/46/54 489/42/107
f 488/34/107 486/34/107 494/44/54
f 493/44/54 494/44/54 486/34/107
f 503/51/107 174/51/107 502/50/54
f 173/50/54 502/50/54 174/51/107
f 503/51/107 170/51/8 174/51/107
f 169/51/8 174/51/107 170/51/8
f 164/49/1 501/49/53 163/49/1
f 175/49/53 163/49/1 501/49/53
f 502/50/9 173/50/9 501/49/53
f 175/49/53 501/49/53 173/50/9
f 172/47/1 499/47/53 171/47/1
f 179/47/53 171/47/1 499/47/53
f 500/48/9 180/48/9 499/47/53
f 179/47/53 499/47/53 180/48/9
f 168/45/1 496/45/53 167/45/1
f 495/45/53 167/45/1 496/45/53
f 498/46/9 497/46/9 496/45/53
f 495/45/53 496/45/53 497/46/9
f 160/43/1 492/43/53 159/43/1
f 491/43/53 159/43/1 492/43/53
f 494/44/9 493/44/9 492/43/53
f 491/43/53 492/43/53 493/44/9
f 490/42/107 158/42/8 489/42/107
f 157/42/8 489/42/107 158/42/8
f 488/34/107 487/34/8 486/34/107
f 485/34/8 486/34/107 487/34/8
f 507/40/1 506/40/1 505/40/1
f 506/40/1 507/40/1 508/40/1
f 508/40/1 507/40/1 509/40/1
f 508/40/1 509/40/1 510/40/1
f 222/34/118 509/40/119 507/40/118
f 509/40/119 222/34/118 224/34/119
f 509/40/119 223/34/120 510/40/120
f 223/34/120 509/40/119 224/34/119
f 219/34/121 505/40/122 506/40/121
f 505/40/122 219/34/121 220/34/122
f 220/34/122 507/40/118 505/40/122
f 507/40/118 220/34/122 222/34/118
f 221/34/123 506/40/121 508/40/123
f 506/40/121 221/34/123 219/34/121
f 223/34/120 508/40/123 510/40/120
f 508/40/123 223/34/120 221/34/123
f 260/65/16 511/34/17 266/65/17
f 511/34/17 260/65/16 512/34/16
f 266/65/17 513/34/18 269/65/18
f 513/34/18 266/65/17 511/34/17
f 269/65/18 514/34/19 270/65/19
f 514/34/19 269/65/18 513/34/18
f 515/34/30 260/65/16 257/65/30
f 260/65/16 515/34/30 512/34/16
f 518/34/8 517/34/8 516/34/8
f 517/34/8 518/34/8 515/34/8
f 515/34/8 518/34/8 519/34/8
f 519/34/8 518/34/8 514/34/8
f 520/34/8 515/34/8 519/34/8
f 519/34/8 514/34/8 521/34/8
f 515/34/8 520/34/8 512/34/8
f 521/34/8 514/34/8 522/34/8
f 512/34/8 520/34/8 522/34/8
f 512/34/8 522/34/8 514/34/8
f 512/34/8 514/34/8 513/34/8
f 512/34/8 513/34/8 511/34/8
f 516/34/28 267/65/27 518/34/27
f 267/65/27 516/34/28 263/65/28
f 514/34/19 267/65/27 270/65/19
f 267/65/27 514/34/19 518/34/27
f 517/34/29 263/65/28 516/34/28
f 263/65/28 517/34/29 258/65/29
f 515/34/30 258/65/29 517/34/29
f 258/65/29 515/34/30 257/65/30
f 350/68/31 354/67/31 352/66/31
f 354/67/31 350/68/31 341/67/31
f 341/67/31 350/68/31 348/69/31
f 341/67/31 348/69/31 345/68/31
f 341/67/31 345/68/31 343/66/31
f 432/67/47 423/66/47 431/67/47
f 423/66/47 432/67/47 420/68/47
f 420/68/47 432/67/47 419/69/47
f 419/69/47 432/67/47 454/68/47
f 454/68/47 432/67/47 444/66/47
f 525/72/31 524/71/31 523/70/31
f 524/71/31 525/72/31 526/73/31
f 526/73/31 525/72/31 527/72/31
f 526/73/31 527/72/31 528/73/31
f 528/73/31 527/72/31 529/70/31
f 528/73/31 529/70/31 530/71/31
f 533/73/47 532/70/47 531/71/47
f 532/70/47 533/73/47 534/72/47
f 534/72/47 533/73/47 535/73/47
f 534/72/47 535/73/47 536/72/47
f 536/72/47 535/73/47 537/71/47
f 536/72/47 537/71/47 538/70/47
f 527/72/107 534/72/124 536/72/107
f 538/70/125 527/72/107 536/72/107
f 534/72/124 527/72/107 525/72/124
f 527/72/107 538/70/125 529/70/125
f 523/70/126 534/72/124 525/72/124
f 537/71/127 529/70/125 538/70/125
f 534/72/124 523/70/126 532/70/126
f 529/70/125 537/71/127 530/71/127
f 524/71/85 532/70/126 523/70/126
f 532/70/126 524/71/85 531/71/85
f 535/73/128 530/71/127 537/71/127
f 530/71/127 535/73/128 528/73/128
f 526/73/129 531/71/85 524/71/85
f 535/73/128 526/73/129 528/73/128
f 531/71/85 526/73/129 533/73/129
f 526/73/129 535/73/128 533/73/129
f 541/72/31 540/71/31 539/70/31
f 540/71/31 541/72/31 542/73/31
f 542/73/31 541/72/31 543/72/31
f 542/73/31 543/72/31 544/73/31
f 544/73/31 543/72/31 545/70/31
f 544/73/31 545/70/31 546/71/31
f 549/73/47 548/70/47 547/71/47
f 548/70/47 549/73/47 550/72/47
f 550/72/47 549/73/47 551/73/47
f 550/72/47 551/73/47 552/72/47
f 552/72/47 551/73/47 553/71/47
f 552/72/47 553/71/47 554/70/47
f 543/72/107 550/72/124 552/72/107
f 554/70/125 543/72/107 552/72/107
f 550/72/124 543/72/107 541/72/124
f 543/72/107 554/70/125 545/70/125
f 539/70/126 550/72/124 541/72/124
f 553/71/127 545/70/125 554/70/125
f 550/72/124 539/70/126 548/70/126
f 545/70/125 553/71/127 546/71/127
f 540/71/85 548/70/126 539/70/126
f 548/70/126 540/71/85 547/71/85
f 551/73/128 546/71/127 553/71/127
f 546/71/127 551/73/128 544/73/128
f 542/73/129 547/71/85 540/71/85
f 551/73/128 542/73/129 544/73/128
f 547/71/85 542/73/129 549/73/129
f 542/73/129 551/73/128 549/73/129
f 557/72/31 556/71/31 555/70/31
f 556/71/31 557/72/31 558/73/31
f 558/73/31 557/72/31 559/72/31
f 558/73/31 559/72/31 560/73/31
f 560/73/31 559/72/31 561/70/31
f 560/73/31 561/70/31 562/71/31
f 565/73/47 564/70/47 563/71/47
f 564/70/47 565/73/47 566/72/47
f 566/72/47 565/73/47 567/73/47
f 566/72/47 567/73/47 568/72/47
f 568/72/47 567/73/47 569/71/47
f 568/72/47 569/71/47 570/70/47
f 559/72/107 566/72/124 568/72/107
f 570/70/125 559/72/107 568/72/107
f 566/72/124 559/72/107 557/72/124
f 559/72/107 570/70/125 561/70/125
f 555/70/126 566/72/124 557/72/124
f 569/71/127 561/70/125 570/70/125
f 566/72/124 555/70/126 564/70/126
f 561/70/125 569/71/127 562/71/127
f 556/71/85 564/70/126 555/70/126
f 564/70/126 556/71/85 563/71/85
f 567/73/128 562/71/127 569/71/127
f 562/71/127 567/73/128 560/73/128
f 558/73/129 563/71/85 556/71/85
f 567/73/128 558/73/129 560/73/128
f 563/71/85 558/73/129 565/73/129
f 558/73/129 567/73/128 565/73/129
f 573/73/130 572/75/47 571/74/47
f 572/75/47 573/73/130 574/76/47
f 574/76/47 573/73/130 575/77/131
f 575/77/131 576/78/47 574/76/47
f 577/73/132 575/77/131 573/73/130
f 571/74/133 577/73/132 573/73/130
f 577/73/132 571/74/133 578/74/133
f 576/78/47 575/77/131 579/78/134
f 580/79/135 576/78/47 579/78/134
f 576/78/47 580/79/135 581/80/47
f 582/72/136 581/80/47 580/79/135
f 582/72/136 583/81/47 581/80/47
f 583/81/47 582/72/136 584/82/47
f 580/79/135 585/72/137 582/72/136
f 585/72/137 584/82/138 582/72/136
f 584/82/138 585/72/137 586/82/138
f 579/78/134 587/79/139 580/79/135
f 585/72/137 580/79/135 587/79/139
f 575/77/131 588/78/140 579/78/134
f 587/79/139 579/78/134 588/78/140
f 588/78/140 575/77/131 589/77/141
f 575/77/131 577/73/132 589/77/141
f 590/78/31 587/79/139 588/78/140
f 589/77/141 590/78/31 588/78/140
f 587/79/139 590/78/31 591/80/31
f 591/80/31 585/72/137 587/79/139
f 592/81/31 585/72/137 591/80/31
f 585/72/137 592/81/31 586/82/31
f 590/78/31 589/77/141 593/76/31
f 577/73/132 593/76/31 589/77/141
f 577/73/132 594/75/31 593/76/31
f 594/75/31 577/73/132 578/74/31
f 571/74/142 594/75/142 578/74/142
f 594/75/142 571/74/142 572/75/142
f 594/75/142 572/75/142 574/76/143
f 594/75/142 574/76/143 593/76/143
f 576/78/12 593/76/143 574/76/143
f 593/76/143 576/78/12 590/78/12
f 581/80/144 590/78/12 576/78/12
f 590/78/12 581/80/144 591/80/144
f 583/81/145 591/80/144 581/80/144
f 591/80/144 583/81/145 592/81/145
f 592/81/145 583/81/145 584/82/145
f 592/81/145 584/82/145 586/82/145
f 597/83/47 596/78/47 595/73/47
f 596/78/47 597/83/47 598/84/146
f 598/84/146 599/72/147 596/78/47
f 598/84/146 600/72/148 599/72/147
f 598/84/146 597/83/47 601/85/149
f 601/85/149 597/83/47 602/73/150
f 600/72/148 598/84/146 603/84/151
f 601/85/149 603/84/151 598/84/146
f 603/84/151 604/78/31 600/72/148
f 602/73/150 605/85/152 601/85/149
f 603/84/151 601/85/149 605/85/152
f 605/85/152 602/73/150 606/73/153
f 607/83/31 605/85/152 606/73/153
f 607/83/31 603/84/151 605/85/152
f 607/83/31 604/78/31 603/84/151
f 604/78/31 607/83/31 608/73/31
f 608/73/154 597/83/1 595/73/154
f 597/83/1 608/73/154 607/83/1
f 607/83/1 602/73/155 597/83/1
f 602/73/155 607/83/1 606/73/155
f 604/78/12 599/72/156 600/72/156
f 599/72/156 604/78/12 596/78/12
f 608/73/157 596/78/12 604/78/12
f 596/78/12 608/73/157 595/73/157
f 611/72/31 610/71/31 609/70/31
f 610/71/31 611/72/31 612/73/31
f 612/73/31 611/72/31 613/72/31
f 612/73/31 613/72/31 614/73/31
f 614/73/31 613/72/31 615/70/31
f 614/73/31 615/70/31 616/71/31
f 619/73/47 618/70/47 617/71/47
f 618/70/47 619/73/47 620/72/47
f 620/72/47 619/73/47 621/73/47
f 620/72/47 621/73/47 622/72/47
f 622/72/47 621/73/47 623/71/47
f 622/72/47 623/71/47 624/70/47
f 613/72/107 620/72/124 622/72/107
f 624/70/125 613/72/107 622/72/107
f 620/72/124 613/72/107 611/72/124
f 613/72/107 624/70/125 615/70/125
f 609/70/126 620/72/124 611/72/124
f 623/71/127 615/70/125 624/70/125
f 620/72/124 609/70/126 618/70/126
f 615/70/125 623/71/127 616/71/127
f 610/71/85 618/70/126 609/70/126
f 618/70/126 610/71/85 617/71/85
f 621/73/128 616/71/127 623/71/127
f 616/71/127 621/73/128 614/73/128
f 612/73/129 617/71/85 610/71/85
f 621/73/128 612/73/129 614/73/128
f 617/71/85 612/73/129 619/73/129
f 612/73/129 621/73/128 619/73/129
f 627/72/31 626/71/31 625/70/31
f 626/71/31 627/72/31 628/73/31
f 628/73/31 627/72/31 629/72/31
f 628/73/31 629/72/31 630/73/31
f 630/73/31 629/72/31 631/70/31
f 630/73/31 631/70/31 632/71/31
f 635/73/47 634/70/47 633/71/47
f 634/70/47 635/73/47 636/72/47
f 636/72/47 635/73/47 637/73/47
f 636/72/47 637/73/47 638/72/47
f 638/72/47 637/73/47 639/71/47
f 638/72/47 639/71/47 640/70/47
f 629/72/107 636/72/124 638/72/107
f 640/70/125 629/72/107 638/72/107
f 636/72/124 629/72/107 627/72/124
f 629/72/107 640/70/125 631/70/125
f 625/70/126 636/72/124 627/72/124
f 639/71/127 631/70/125 640/70/125
f 636/72/124 625/70/126 634/70/126
f 631/70/125 639/71/127 632/71/127
f 626/71/85 634/70/126 625/70/126
f 634/70/126 626/71/85 633/71/85
f 637/73/128 632/71/127 639/71/127
f 632/71/127 637/73/128 630/73/128
f 628/73/129 633/71/85 626/71/85
f 637/73/128 628/73/129 630/73/128
f 633/71/85 628/73/129 635/73/129
f 628/73/129 637/73/128 635/73/129
f 643/72/31 642/71/31 641/70/31
f 642/71/31 643/72/31 644/73/31
f 644/73/31 643/72/31 645/72/31
f 644/73/31 645/72/31 646/73/31
f 646/73/31 645/72/31 647/70/31
f 646/73/31 647/70/31 648/71/31
f 651/73/47 650/70/47 649/71/47
f 650/70/47 651/73/47 652/72/47
f 652/72/47 651/73/47 653/73/47
f 652/72/47 653/73/47 654/72/47
f 654/72/47 653/73/47 655/71/47
f 654/72/47 655/71/47 656/70/47
f 645/72/107 652/72/124 654/72/107
f 656/70/125 645/72/107 654/72/107
f 652/72/124 645/72/107 643/72/124
f 645/72/107 656/70/125 647/70/125
f 641/70/126 652/72/124 643/72/124
f 655/71/127 647/70/125 656/70/125
f 652/72/124 641/70/126 650/70/126
f 647/70/125 655/71/127 648/71/127
f 642/71/85 650/70/126 641/70/126
f 650/70/126 642/71/85 649/71/85
f 653/73/128 648/71/127 655/71/127
f 648/71/127 653/73/128 646/73/128
f 644/73/129 649/71/85 642/71/85
f 653/73/128 644/73/129 646/73/128
f 649/71/85 644/73/129 651/73/129
f 644/73/129 653/73/128 651/73/129
f 659/72/31 658/71/31 657/70/31
f 658/71/31 659/72/31 660/73/31
f 660/73/31 659/72/31 661/72/31
f 660/73/31 661/72/31 662/73/31
f 662/73/31 661/72/31 663/70/31
f 662/73/31 663/70/31 664/71/31
f 667/73/47 666/70/47 665/71/47
f 666/70/47 667/73/47 668/72/47
f 668/72/47 667/73/47 669/73/47
f 668/72/47 669/73/47 670/72/47
f 670/72/47 669/73/47 671/71/47
f 670/72/47 671/71/47 672/70/47
f 661/72/107 668/72/124 670/72/107
f 672/70/125 661/72/107 670/72/107
f 668/72/124 661/72/107 659/72/124
f 661/72/107 672/70/125 663/70/125
f 657/70/126 668/72/124 659/72/124
f 671/71/127 663/70/125 672/70/125
f 668/72/124 657/70/126 666/70/126
f 663/70/125 671/71/127 664/71/127
f 658/71/85 666/70/126 657/70/126
f 666/70/126 658/71/85 665/71/85
f 669/73/128 664/71/127 671/71/127
f 664/71/127 669/73/128 662/73/128
f 660/73/129 665/71/85 658/71/85
f 669/73/128 660/73/129 662/73/128
f 665/71/85 660/73/129 667/73/129
f 660/73/129 669/73/128 667/73/129
f 675/86/158 674/72/159 673/86/158
f 674/72/159 675/86/158 676/72/160
f 677/87/161 674/72/159 676/72/160
f 676/72/160 678/88/47 677/87/161
f 676/72/160 679/89/47 678/88/47
f 679/89/47 676/72/160 675/86/47
f 680/78/47 677/87/161 678/88/47
f 677/87/161 680/78/47 681/78/162
f 674/72/159 677/87/161 682/87/163
f 681/78/162 682/87/163 677/87/161
f 680/78/47 683/90/164 681/78/162
f 683/90/164 680/78/47 684/91/47
f 682/87/163 681/78/162 685/78/165
f 683/90/164 685/78/165 681/78/162
f 684/91/47 686/73/166 683/90/164
f 687/92/47 686/73/166 684/91/47
f 686/73/166 687/92/47 688/74/47
f 689/73/167 683/90/164 686/73/166
f 688/74/168 689/73/167 686/73/166
f 689/73/167 688/74/168 690/74/168
f 685/78/165 683/90/164 691/90/169
f 683/90/164 689/73/167 691/90/169
f 692/78/31 682/87/163 685/78/165
f 691/90/169 692/78/31 685/78/165
f 682/87/163 692/78/31 693/88/31
f 692/78/31 691/90/169 694/91/31
f 689/73/167 694/91/31 691/90/169
f 689/73/167 695/92/31 694/91/31
f 695/92/31 689/73/167 690/74/31
f 693/88/31 674/72/159 682/87/163
f 696/89/31 674/72/159 693/88/31
f 674/72/159 696/89/31 673/86/31
f 688/74/170 695/92/170 690/74/170
f 695/92/170 688/74/170 687/92/170
f 695/92/170 687/92/170 684/91/171
f 695/92/170 684/91/171 694/91/171
f 680/78/12 694/91/171 684/91/171
f 694/91/171 680/78/12 692/78/12
f 678/88/172 692/78/12 680/78/12
f 692/78/12 678/88/172 693/88/172
f 679/89/173 693/88/172 678/88/172
f 693/88/172 679/89/173 696/89/173
f 696/89/173 679/89/173 675/86/173
f 696/89/173 675/86/173 673/86/173
f 699/72/31 698/71/31 697/70/31
f 698/71/31 699/72/31 700/73/31
f 700/73/31 699/72/31 701/72/31
f 700/73/31 701/72/31 702/73/31
f 702/73/31 701/72/31 703/70/31
f 702/73/31 703/70/31 704/71/31
f 707/73/47 706/70/47 705/71/47
f 706/70/47 707/73/47 708/72/47
f 708/72/47 707/73/47 709/73/47
f 708/72/47 709/73/47 710/72/47
f 710/72/47 709/73/47 711/71/47
f 710/72/47 711/71/47 712/70/47
f 701/72/107 708/72/124 710/72/107
f 712/70/125 701/72/107 710/72/107
f 708/72/124 701/72/107 699/72/124
f 701/72/107 712/70/125 703/70/125
f 697/70/126 708/72/124 699/72/124
f 711/71/127 703/70/125 712/70/125
f 708/72/124 697/70/126 706/70/126
f 703/70/125 711/71/127 704/71/127
f 698/71/85 706/70/126 697/70/126
f 706/70/126 698/71/85 705/71/85
f 709/73/128 704/71/127 711/71/127
f 704/71/127 709/73/128 702/73/128
f 700/73/129 705/71/85 698/71/85
f 709/73/128 700/73/129 702/73/128
f 705/71/85 700/73/129 707/73/129
f 700/73/129 709/73/128 707/73/129
f 390/95/106 394/94/106 392/93/106
f 394/94/106 390/95/106 381/94/106
f 381/94/106 390/95/106 388/96/106
f 381/94/106 388/96/106 385/95/106
f 381/94/106 385/95/106 383/93/106
f 714/97/47 519/98/47 713/97/47
f 519/98/47 714/97/47 520/98/47
f 522/98/31 715/97/31 521/98/31
f 715/97/31 522/98/31 716/97/31
f 715/97/8 714/97/8 713/97/8
f 714/97/8 715/97/8 716/97/8
f 522/98/12 714/97/12 716/97/12
f 714/97/12 522/98/12 520/98/12
f 519/98/9 715/97/9 713/97/9
f 715/97/9 519/98/9 521/98/9
f 719/99/30 718/73/16 717/73/30
f 718/73/16 719/99/30 720/99/16
f 717/73/1 722/73/1 721/73/1
f 722/73/1 717/73/1 723/73/1
f 723/73/1 717/73/1 718/73/1
f 723/73/1 718/73/1 724/73/1
f 724/73/1 718/73/1 725/73/1
f 724/73/1 725/73/1 726/73/1
f 719/99/30 721/73/29 727/99/29
f 721/73/29 719/99/30 717/73/30
f 730/100/1 729/100/1 728/100/1
f 729/100/1 730/100/1 731/100/1
f 731/100/1 730/100/1 732/100/1
f 731/100/1 732/100/1 733/100/1
f 733/100/1 732/100/1 734/100/1
f 733/100/1 734/100/1 735/100/1
f 737/99/8 727/99/8 736/99/8
f 727/99/8 737/99/8 719/99/8
f 719/99/8 737/99/8 738/99/8
f 719/99/8 738/99/8 720/99/8
f 720/99/8 738/99/8 739/99/8
f 720/99/8 739/99/8 740/99/8
f 725/73/17 739/99/18 726/73/18
f 739/99/18 725/73/17 740/99/17
f 742/72/30 728/100/29 741/72/29
f 728/100/29 742/72/30 730/100/30
f 736/99/28 723/73/27 737/99/27
f 723/73/27 736/99/28 722/73/28
f 744/72/8 741/72/8 743/72/8
f 741/72/8 744/72/8 742/72/8
f 742/72/8 744/72/8 745/72/8
f 742/72/8 745/72/8 746/72/8
f 746/72/8 745/72/8 747/72/8
f 746/72/8 747/72/8 748/72/8
f 738/99/19 723/73/27 724/73/19
f 723/73/27 738/99/19 737/99/27
f 741/72/29 729/100/28 743/72/28
f 729/100/28 741/72/29 728/100/29
f 742/72/30 732/100/16 730/100/30
f 732/100/16 742/72/30 746/72/16
f 745/72/19 731/100/27 733/100/19
f 731/100/27 745/72/19 744/72/27
f 743/72/28 731/100/27 744/72/27
f 731/100/27 743/72/28 729/100/28
f 727/99/29 722/73/28 736/99/28
f 722/73/28 727/99/29 721/73/29
f 720/99/16 725/73/17 718/73/16
f 725/73/17 720/99/16 740/99/17
f 746/72/16 734/100/17 732/100/16
f 734/100/17 746/72/16 748/72/17
f 734/100/17 747/72/18 735/100/18
f 747/72/18 734/100/17 748/72/17
f 747/72/18 733/100/19 735/100/18
f 733/100/19 747/72/18 745/72/19
f 739/99/18 724/73/19 726/73/18
f 724/73/19 739/99/18 738/99/19
f 751/99/30 750/73/16 749/73/30
f 750/73/16 751/99/30 752/99/16
f 749/73/1 754/73/1 753/73/1
f 754/73/1 749/73/1 755/73/1
f 755/73/1 749/73/1 750/73/1
f 755/73/1 750/73/1 756/73/1
f 756/73/1 750/73/1 757/73/1
f 756/73/1 757/73/1 758/73/1
f 751/99/30 753/73/29 759/99/29
f 753/73/29 751/99/30 749/73/30
f 762/100/1 761/100/1 760/100/1
f 761/100/1 762/100/1 763/100/1
f 763/100/1 762/100/1 764/100/1
f 763/100/1 764/100/1 765/100/1
f 765/100/1 764/100/1 766/100/1
f 765/100/1 766/100/1 767/100/1
f 769/99/8 759/99/8 768/99/8
f 759/99/8 769/99/8 751/99/8
f 751/99/8 769/99/8 770/99/8
f 751/99/8 770/99/8 752/99/8
f 752/99/8 770/99/8 771/99/8
f 752/99/8 771/99/8 772/99/8
f 757/73/17 771/99/18 758/73/18
f 771/99/18 757/73/17 772/99/17
f 774/72/30 760/100/29 773/72/29
f 760/100/29 774/72/30 762/100/30
f 768/99/28 755/73/27 769/99/27
f 755/73/27 768/99/28 754/73/28
f 776/72/8 773/72/8 775/72/8
f 773/72/8 776/72/8 774/72/8
f 774/72/8 776/72/8 777/72/8
f 774/72/8 777/72/8 778/72/8
f 778/72/8 777/72/8 779/72/8
f 778/72/8 779/72/8 780/72/8
f 770/99/19 755/73/27 756/73/19
f 755/73/27 770/99/19 769/99/27
f 773/72/29 761/100/28 775/72/28
f 761/100/28 773/72/29 760/100/29
f 774/72/30 764/100/16 762/100/30
f 764/100/16 774/72/30 778/72/16
f 777/72/19 763/100/27 765/100/19
f 763/100/27 777/72/19 776/72/27
f 775/72/28 763/100/27 776/72/27
f 763/100/27 775/72/28 761/100/28
f 759/99/29 754/73/28 768/99/28
f 754/73/28 759/99/29 753/73/29
f 752/99/16 757/73/17 750/73/16
f 757/73/17 752/99/16 772/99/17
f 778/72/16 766/100/17 764/100/16
f 766/100/17 778/72/16 780/72/17
f 766/100/17 779/72/18 767/100/18
f 779/72/18 766/100/17 780/72/17
f 779/72/18 765/100/19 767/100/18
f 765/100/19 779/72/18 777/72/19
f 771/99/18 756/73/19 758/73/18
f 756/73/19 771/99/18 770/99/19
f 783/72/175 782/73/174 781/72/174
f 782/73/174 783/72/175 784/73/175
f 781/72/177 782/73/177 783/72/176
f 784/73/176 783/72/176 782/73/177
f 787/72/174 786/73/175 785/72/175
f 786/73/175 787/72/174 788/73/174
f 785/72/176 786/73/176 787/72/177
f 788/73/177 787/72/177 786/73/176
f 789/72/174 788/73/174 787/72/174
f 788/73/174 789/72/174 790/73/174
f 787/72/177 788/73/177 789/72/177
f 790/73/177 789/72/177 788/73/177
f 781/72/174 792/73/178 791/72/178
f 792/73/178 781/72/174 782/73/174
f 791/72/179 792/73/179 781/72/177
f 782/73/177 781/72/177 792/73/179
f 793/72/175 790/73/174 789/72/174
f 790/73/174 793/72/175 794/73/175
f 789/72/177 790/73/177 793/72/176
f 794/73/176 793/72/176 790/73/177
f 795/72/180 794/73/175 793/72/175
f 794/73/175 795/72/180 796/73/180
f 793/72/176 794/73/176 795/72/181
f 796/73/181 795/72/181 794/73/176
f 797/72/180 784/73/175 783/72/175
f 784/73/175 797/72/180 798/73/180
f 798/73/180 797/72/180 785/72/175
f 798/73/180 785/72/175 786/73/175
f 783/72/176 784/73/176 797/72/181
f 798/73/181 797/72/181 784/73/176
f 785/72/176 797/72/181 798/73/181
f 786/73/176 785/72/176 798/73/181
f 801/72/175 800/73/174 799/72/174
f 800/73/174 801/72/175 802/73/175
f 799/72/177 800/73/177 801/72/176
f 802/73/176 801/72/176 800/73/177
f 805/72/174 804/73/175 803/72/175
f 804/73/175 805/72/174 806/73/174
f 803/72/176 804/73/176 805/72/177
f 806/73/177 805/72/177 804/73/176
f 807/72/174 806/73/174 805/72/174
f 806/73/174 807/72/174 808/73/174
f 805/72/177 806/73/177 807/72/177
f 808/73/177 807/72/177 806/73/177
f 799/72/174 810/73/178 809/72/178
f 810/73/178 799/72/174 800/73/174
f 809/72/179 810/73/179 799/72/177
f 800/73/177 799/72/177 810/73/179
f 811/72/175 808/73/174 807/72/174
f 808/73/174 811/72/175 812/73/175
f 807/72/177 808/73/177 811/72/176
f 812/73/176 811/72/176 808/73/177
f 813/72/180 812/73/175 811/72/175
f 812/73/175 813/72/180 814/73/180
f 811/72/176 812/73/176 813/72/181
f 814/73/181 813/72/181 812/73/176
f 815/72/180 802/73/175 801/72/175
f 802/73/175 815/72/180 816/73/180
f 816/73/180 815/72/180 803/72/175
f 816/73/180 803/72/175 804/73/175
f 801/72/176 802/73/176 815/72/181
f 816/73/181 815/72/181 802/73/176
f 803/72/176 815/72/181 816/73/181
f 804/73/176 803/72/176 816/73/181
f 819/99/30 818/73/16 817/73/30
f 818/73/16 819/99/30 820/99/16
f 817/73/1 822/73/1 821/73/1
f 822/73/1 817/73/1 823/73/1
f 823/73/1 817/73/1 818/73/1
f 823/73/1 818/73/1 824/73/1
f 824/73/1 818/73/1 825/73/1
f 824/73/1 825/73/1 826/73/1
f 819/99/30 821/73/29 827/99/29
f 821/73/29 819/99/30 817/73/30
f 830/100/1 829/100/1 828/100/1
f 829/100/1 830/100/1 831/100/1
f 831/100/1 830/100/1 832/100/1
f 831/100/1 832/100/1 833/100/1
f 833/100/1 832/100/1 834/100/1
f 833/100/1 834/100/1 835/100/1
f 837/99/8 827/99/8 836/99/8
f 827/99/8 837/99/8 819/99/8
f 819/99/8 837/99/8 838/99/8
f 819/99/8 838/99/8 820/99/8
f 820/99/8 838/99/8 839/99/8
f 820/99/8 839/99/8 840/99/8
f 825/73/17 839/99/18 826/73/18
f 839/99/18 825/73/17 840/99/17
f 842/72/30 828/100/29 841/72/29
f 828/100/29 842/72/30 830/100/30
f 836/99/28 823/73/27 837/99/27
f 823/73/27 836/99/28 822/73/28
f 844/72/8 841/72/8 843/72/8
f 841/72/8 844/72/8 842/72/8
f 842/72/8 844/72/8 845/72/8
f 842/72/8 845/72/8 846/72/8
f 846/72/8 845/72/8 847/72/8
f 846/72/8 847/72/8 848/72/8
f 838/99/19 823/73/27 824/73/19
f 823/73/27 838/99/19 837/99/27
f 841/72/29 829/100/28 843/72/28
f 829/100/28 841/72/29 828/100/29
f 842/72/30 832/100/16 830/100/30
f 832/100/16 842/72/30 846/72/16
f 845/72/19 831/100/27 833/100/19
f 831/100/27 845/72/19 844/72/27
f 843/72/28 831/100/27 844/72/27
f 831/100/27 843/72/28 829/100/28
f 827/99/29 822/73/28 836/99/28
f 822/73/28 827/99/29 821/73/29
f 820/99/16 825/73/17 818/73/16
f 825/73/17 820/99/16 840/99/17
f 846/72/16 834/100/17 832/100/16
f 834/100/17 846/72/16 848/72/17
f 834/100/17 847/72/18 835/100/18
f 847/72/18 834/100/17 848/72/17
f 847/72/18 833/100/19 835/100/18
f 833/100/19 847/72/18 845/72/19
f 839/99/18 824/73/19 826/73/18
f 824/73/19 839/99/18 838/99/19
f 851/72/175 850/73/174 849/72/174
f 850/73/174 851/72/175 852/73/175
f 849/72/177 850/73/177 851/72/176
f 852/73/176 851/72/176 850/73/177
f 855/72/174 854/73/175 853/72/175
f 854/73/175 855/72/174 856/73/174
f 853/72/176 854/73/176 855/72/177
f 856/73/177 855/72/177 854/73/176
f 857/72/174 856/73/174 855/72/174
f 856/73/174 857/72/174 858/73/174
f 855/72/177 856/73/177 857/72/177
f 858/73/177 857/72/177 856/73/177
f 849/72/174 860/73/178 859/72/178
f 860/73/178 849/72/174 850/73/174
f 859/72/179 860/73/179 849/72/177
f 850/73/177 849/72/177 860/73/179
f 861/72/175 858/73/174 857/72/174
f 858/73/174 861/72/175 862/73/175
f 857/72/177 858/73/177 861/72/176
f 862/73/176 861/72/176 858/73/177
f 863/72/180 862/73/175 861/72/175
f 862/73/175 863/72/180 864/73/180
f 861/72/176 862/73/176 863/72/181
f 864/73/181 863/72/181 862/73/176
f 865/72/180 852/73/175 851/72/175
f 852/73/175 865/72/180 866/73/180
f 866/73/180 865/72/180 853/72/175
f 866/73/180 853/72/175 854/73/175
f 851/72/176 852/73/176 865/72/181
f 866/73/181 865/72/181 852/73/176
f 853/72/176 865/72/181 866/73/181
f 854/73/176 853/72/176 866/73/181
f 227/101/31 229/102/31 232/101/31
f 229/102/31 227/101/31 225/102/31
f 226/102/47 231/101/47 230/102/47
f 231/101/47 226/102/47 228/101/47
f 235/101/31 237/102/31 240/101/31
f 237/102/31 235/101/31 233/102/31
f 234/102/47 239/101/47 238/102/47
f 239/101/47 234/102/47 236/101/47
f 243/101/31 245/102/31 248/101/31
f 245/102/31 243/101/31 241/102/31
f 242/102/47 247/101/47 246/102/47
f 247/101/47 242/102/47 244/101/47
f 251/101/31 253/102/31 256/101/31
f 253/102/31 251/101/31 249/102/31
f 250/102/47 255/101/47 254/102/47
f 255/101/47 250/102/47 252/101/47
f 869/104/12 868/103/12 867/103/12
f 868/103/12 869/104/12 870/104/12
f 871/104/12 870/104/12 869/104/12
f 872/104/12 870/104/12 871/104/12
f 872/104/12 873/105/12 870/104/12
f 872/104/12 871/104/12 874/103/12
f 874/103/12 871/104/12 875/103/12
f 876/105/12 873/105/12 872/104/12
f 876/105/12 877/106/12 873/105/12
f 877/106/12 876/105/12 878/106/12
f 879/103/31 872/104/73 874/103/31
f 872/104/73 879/103/31 880/104/73
f 881/104/71 868/103/47 870/104/71
f 868/103/47 881/104/71 882/103/47
f 883/105/80 870/104/71 873/105/80
f 870/104/71 883/105/80 881/104/71
f 883/105/80 877/106/182 884/106/182
f 877/106/182 883/105/80 873/105/80
f 884/106/182 878/106/183 885/106/183
f 878/106/183 884/106/182 877/106/182
f 885/106/183 876/105/69 886/105/69
f 876/105/69 885/106/183 878/106/183
f 880/104/73 876/105/69 872/104/73
f 876/105/69 880/104/73 886/105/69
f 888/104/9 879/103/9 887/103/9
f 879/103/9 888/104/9 880/104/9
f 881/104/9 880/104/9 888/104/9
f 881/104/9 888/104/9 889/104/9
f 881/104/9 889/104/9 890/103/9
f 881/104/9 890/103/9 882/103/9
f 883/105/9 880/104/9 881/104/9
f 883/105/9 886/105/9 880/104/9
f 884/106/9 886/105/9 883/105/9
f 886/105/9 884/106/9 885/106/9
f 893/108/31 892/103/31 891/107/31
f 892/103/31 893/108/31 894/103/31
f 894/103/31 893/108/31 895/106/31
f 894/103/31 895/106/31 896/106/31
f 899/103/47 898/107/47 897/103/47
f 898/107/47 899/103/47 900/108/47
f 900/108/47 899/103/47 901/106/47
f 901/106/47 899/103/47 902/106/47
f 900/108/56 903/107/184 898/107/184
f 903/107/184 900/108/56 904/108/56
f 904/108/31 905/103/31 903/107/31
f 905/103/31 904/108/31 906/103/185
f 906/103/185 904/108/31 907/106/31
f 906/103/185 907/106/31 908/106/185
f 911/106/186 910/103/187 909/103/186
f 910/103/187 911/106/186 912/106/187
f 898/107/184 905/103/12 897/103/12
f 905/103/12 898/107/184 903/107/184
f 911/106/186 906/103/185 908/106/185
f 906/103/185 911/106/186 909/103/186
f 900/108/56 907/106/188 904/108/56
f 907/106/188 900/108/56 901/106/188
f 915/103/190 914/106/189 913/103/189
f 914/106/189 915/103/190 916/106/190
f 918/106/191 915/103/190 917/103/191
f 915/103/190 918/106/191 916/106/190
f 919/108/56 895/106/188 893/108/56
f 895/106/188 919/108/56 920/106/188
f 919/108/56 891/107/184 921/107/184
f 891/107/184 919/108/56 893/108/56
f 913/103/189 921/107/47 922/103/47
f 921/107/47 913/103/189 919/108/47
f 919/108/47 913/103/189 920/106/47
f 920/106/47 913/103/189 914/106/189
f 912/106/187 917/103/191 910/103/187
f 917/103/191 912/106/187 918/106/191
f 921/107/184 892/103/12 922/103/12
f 892/103/12 921/107/184 891/107/184
f 920/106/188 896/106/8 895/106/188
f 896/106/8 920/106/188 918/106/8
f 918/106/8 902/106/8 896/106/8
f 918/106/8 920/106/188 916/106/8
f 916/106/8 920/106/188 914/106/8
f 912/106/8 902/106/8 918/106/8
f 912/106/8 901/106/188 902/106/8
f 911/106/8 901/106/188 912/106/8
f 908/106/8 901/106/188 911/106/8
f 901/106/188 908/106/8 907/106/188
f 922/103/1 915/103/1 913/103/1
f 922/103/1 917/103/1 915/103/1
f 892/103/1 917/103/1 922/103/1
f 894/103/1 917/103/1 892/103/1
f 899/103/1 917/103/1 894/103/1
f 917/103/1 899/103/1 910/103/1
f 897/103/1 910/103/1 899/103/1
f 897/103/1 909/103/1 910/103/1
f 905/103/1 909/103/1 897/103/1
f 909/103/1 905/103/1 906/103/1
f 896/106/12 899/103/12 894/103/12
f 899/103/12 896/106/12 902/106/12
f 925/103/47 924/109/47 923/103/47
f 924/109/47 925/103/47 926/110/47
f 926/110/47 925/103/47 927/110/47
f 924/109/126 928/103/12 923/103/12
f 928/103/12 924/109/126 929/109/126
f 930/110/31 928/103/31 929/109/31
f 928/103/31 930/110/31 931/103/31
f 931/103/31 930/110/31 932/110/31
f 926/110/124 929/109/126 924/109/126
f 929/109/126 926/110/124 930/110/124
f 935/103/1 934/103/1 933/103/1
f 934/103/1 935/103/1 936/103/1
f 936/103/1 935/103/1 937/103/1
f 936/103/1 937/103/1 938/103/1
f 938/103/1 937/103/1 939/103/1
f 938/103/1 939/103/1 940/103/1
f 940/103/1 939/103/1 931/103/1
f 931/103/1 939/103/1 925/103/1
f 931/103/1 925/103/1 923/103/1
f 923/103/1 928/103/1 931/103/1
f 941/109/126 933/103/12 934/103/12
f 933/103/12 941/109/126 942/109/126
f 943/110/124 942/109/126 941/109/126
f 942/109/126 943/110/124 944/110/124
f 936/103/47 941/109/47 934/103/47
f 941/109/47 936/103/47 943/110/47
f 943/110/47 936/103/47 945/110/47
f 944/110/31 933/103/31 942/109/31
f 933/103/31 944/110/31 935/103/31
f 935/103/31 944/110/31 946/110/31
f 943/110/124 946/110/8 944/110/124
f 946/110/8 943/110/124 945/110/8
f 946/110/8 945/110/8 947/110/192
f 947/110/192 945/110/8 948/110/192
f 947/110/78 935/103/78 946/110/78
f 935/103/78 947/110/78 937/103/193
f 937/103/193 947/110/78 949/106/78
f 937/103/193 949/106/78 950/106/193
f 938/103/194 945/110/194 936/103/194
f 945/110/194 938/103/194 948/110/194
f 948/110/194 938/103/194 951/106/194
f 951/106/194 938/103/194 952/106/194
f 953/106/12 938/103/12 940/103/12
f 938/103/12 953/106/12 952/106/12
f 954/110/195 931/103/195 932/110/195
f 931/103/195 954/110/195 940/103/195
f 940/103/195 954/110/195 955/106/195
f 940/103/195 955/106/195 953/106/195
f 950/106/193 939/103/196 937/103/193
f 939/103/196 950/106/193 956/106/196
f 939/103/196 927/110/75 925/103/75
f 927/110/75 939/103/196 957/110/75
f 957/110/75 939/103/196 958/106/75
f 958/106/75 939/103/196 956/106/196
f 954/110/197 958/106/197 955/106/197
f 958/106/197 954/110/197 957/110/197
f 926/110/124 932/110/8 930/110/124
f 927/110/8 932/110/8 926/110/124
f 957/110/197 932/110/8 927/110/8
f 932/110/8 957/110/197 954/110/197
f 951/106/192 950/106/8 949/106/192
f 950/106/8 951/106/192 952/106/8
f 950/106/8 952/106/8 956/106/8
f 956/106/8 952/106/8 953/106/8
f 956/106/8 953/106/8 955/106/197
f 956/106/8 955/106/197 958/106/197
f 948/110/192 949/106/192 947/110/192
f 949/106/192 948/110/192 951/106/192
f 961/111/199 960/106/198 959/111/198
f 960/106/198 961/111/199 962/106/199
f 965/113/200 964/112/52 963/112/52
f 964/112/52 965/113/200 966/113/200
f 969/106/201 968/111/202 967/111/201
f 968/111/202 969/106/201 970/106/202
f 973/112/107 972/114/125 971/112/107
f 972/114/125 973/112/107 974/114/125
f 977/113/200 976/112/52 975/112/52
f 976/112/52 977/113/200 978/113/200
f 979/106/203 968/111/202 970/106/202
f 968/111/202 979/106/203 980/111/203
f 982/115/204 977/113/200 981/115/204
f 977/113/200 982/115/204 978/113/200
f 972/114/125 984/103/9 983/103/9
f 984/103/9 972/114/125 974/114/125
f 964/112/8 971/112/107 963/112/8
f 971/112/107 964/112/8 973/112/107
f 986/115/204 965/113/200 985/115/204
f 965/113/200 986/115/204 966/113/200
f 988/115/8 981/115/204 987/115/8
f 981/115/204 988/115/8 982/115/204
f 960/106/198 989/111/205 959/111/198
f 989/111/205 960/106/198 990/106/205
f 993/114/125 992/103/9 991/103/9
f 992/103/9 993/114/125 994/114/125
f 976/112/8 995/112/107 975/112/8
f 995/112/107 976/112/8 996/112/107
f 996/112/107 993/114/125 995/112/107
f 993/114/125 996/112/107 994/114/125
f 999/115/9 998/106/9 997/106/9
f 999/115/9 1000/111/9 998/106/9
f 1000/111/9 999/115/9 1001/111/9
f 1002/115/9 1001/111/9 999/115/9
f 1001/111/9 1002/115/9 1003/106/9
f 1003/106/9 1002/115/9 1004/106/9
f 996/112/47 992/103/47 994/114/47
f 976/112/47 992/103/47 996/112/47
f 976/112/47 1005/103/47 992/103/47
f 978/113/47 1005/103/47 976/112/47
f 982/115/47 1005/103/47 978/113/47
f 982/115/47 1006/111/47 1005/103/47
f 988/115/47 1006/111/47 982/115/47
f 1006/111/47 988/115/47 1007/111/47
f 1008/106/47 1007/111/47 988/115/47
f 998/106/47 1007/111/47 1008/106/47
f 1007/111/47 998/106/47 1000/111/47
f 1009/106/31 1001/111/31 1003/106/31
f 1001/111/31 1009/106/31 1010/111/31
f 1010/111/31 1009/106/31 1011/115/31
f 1010/111/31 1011/115/31 1012/111/31
f 1012/111/31 1011/115/31 985/115/31
f 1012/111/31 985/115/31 1013/103/31
f 1013/103/31 985/115/31 965/113/31
f 1013/103/31 965/113/31 963/112/31
f 1013/103/31 963/112/31 983/103/31
f 983/103/31 963/112/31 971/112/31
f 983/103/31 971/112/31 972/114/31
f 992/103/1 1014/103/1 991/103/1
f 1014/103/1 992/103/1 1005/103/1
f 1006/111/206 1014/103/206 1005/103/206
f 1014/103/206 1006/111/206 1015/111/206
f 1016/111/1 1010/111/1 1012/111/1
f 1010/111/1 1016/111/1 1001/111/1
f 1001/111/1 1016/111/1 959/111/1
f 959/111/1 1016/111/1 961/111/1
f 989/111/1 1001/111/1 959/111/1
f 967/111/1 1001/111/1 989/111/1
f 967/111/1 1000/111/1 1001/111/1
f 968/111/1 1000/111/1 967/111/1
f 968/111/1 1007/111/1 1000/111/1
f 968/111/1 1006/111/1 1007/111/1
f 980/111/1 1006/111/1 968/111/1
f 1006/111/1 980/111/1 1015/111/1
f 984/103/1 1013/103/1 983/103/1
f 1013/103/1 984/103/1 1017/103/1
f 1016/111/206 1013/103/206 1017/103/206
f 1013/103/206 1016/111/206 1012/111/206
f 1019/115/8 999/115/8 1018/115/8
f 999/115/8 1019/115/8 1002/115/8
f 997/106/8 969/106/8 1020/106/8
f 998/106/8 969/106/8 997/106/8
f 969/106/8 998/106/8 970/106/8
f 1008/106/8 970/106/8 998/106/8
f 1021/106/8 970/106/8 1008/106/8
f 970/106/8 1021/106/8 979/106/8
f 987/115/9 1008/106/9 988/115/9
f 1008/106/9 987/115/9 1021/106/9
f 1021/106/31 980/111/203 979/106/203
f 980/111/203 1021/106/31 987/115/31
f 980/111/203 987/115/31 1015/111/31
f 1015/111/31 987/115/31 981/115/31
f 1015/111/31 981/115/31 1014/103/31
f 1014/103/31 981/115/31 977/113/31
f 1014/103/31 977/113/31 975/112/31
f 1014/103/31 975/112/31 991/103/31
f 991/103/31 975/112/31 995/112/31
f 991/103/31 995/112/31 993/114/31
f 999/115/47 1020/106/47 1018/115/47
f 1020/106/47 999/115/47 997/106/47
f 1022/115/8 985/115/204 1011/115/8
f 985/115/204 1022/115/8 986/115/204
f 990/106/8 1004/106/8 1023/106/8
f 1004/106/8 990/106/8 1003/106/8
f 1003/106/8 990/106/8 960/106/8
f 1003/106/8 960/106/8 1009/106/8
f 1009/106/8 960/106/8 1024/106/8
f 1024/106/8 960/106/8 962/106/8
f 1009/106/9 1022/115/9 1011/115/9
f 1022/115/9 1009/106/9 1024/106/9
f 973/112/47 984/103/47 974/114/47
f 964/112/47 984/103/47 973/112/47
f 964/112/47 1017/103/47 984/103/47
f 966/113/47 1017/103/47 964/112/47
f 986/115/47 1017/103/47 966/113/47
f 986/115/47 1016/111/47 1017/103/47
f 1022/115/47 1016/111/47 986/115/47
f 1022/115/47 961/111/199 1016/111/47
f 961/111/199 1022/115/47 962/106/199
f 1024/106/47 962/106/199 1022/115/47
f 1004/106/31 1019/115/31 1023/106/31
f 1019/115/31 1004/106/31 1002/115/31
f 1019/115/12 990/106/205 1023/106/12
f 1019/115/12 989/111/205 990/106/205
f 989/111/205 1019/115/12 967/111/201
f 1018/115/12 967/111/201 1019/115/12
f 967/111/201 1018/115/12 969/106/201
f 969/106/201 1018/115/12 1020/106/12

