<?xml version="1.0" encoding="utf-8"?>
<COLLADA xmlns="http://www.collada.org/2005/11/COLLADASchema" version="1.4.1">
  <asset>
    <contributor>
      <author>Blender User</author>
      <authoring_tool>Blender 2.78.0 commit date:2016-10-24, commit time:12:20, hash:e8299c8</authoring_tool>
    </contributor>
    <created>2017-01-08T17:01:41</created>
    <modified>2017-01-08T17:01:41</modified>
    <unit name="meter" meter="1"/>
    <up_axis>Z_UP</up_axis>
  </asset>
  <library_cameras>
    <camera id="Camera-camera" name="Camera">
      <optics>
        <technique_common>
          <perspective>
            <xfov sid="xfov">49.13434</xfov>
            <aspect_ratio>1.777778</aspect_ratio>
            <znear sid="znear">0.1</znear>
            <zfar sid="zfar">100</zfar>
          </perspective>
        </technique_common>
      </optics>
      <extra>
        <technique profile="blender">
          <YF_dofdist>0</YF_dofdist>
          <shiftx>0</shiftx>
          <shifty>0</shifty>
        </technique>
      </extra>
    </camera>
  </library_cameras>
  <library_lights>
    <light id="Lamp-light" name="Lamp">
      <technique_common>
        <point>
          <color sid="color">1 1 1</color>
          <constant_attenuation>1</constant_attenuation>
          <linear_attenuation>0</linear_attenuation>
          <quadratic_attenuation>0.00111109</quadratic_attenuation>
        </point>
      </technique_common>
      <extra>
        <technique profile="blender">
          <adapt_thresh>0.000999987</adapt_thresh>
          <area_shape>1</area_shape>
          <area_size>0.1</area_size>
          <area_sizey>0.1</area_sizey>
          <area_sizez>1</area_sizez>
          <atm_distance_factor>1</atm_distance_factor>
          <atm_extinction_factor>1</atm_extinction_factor>
          <atm_turbidity>2</atm_turbidity>
          <att1>0</att1>
          <att2>1</att2>
          <backscattered_light>1</backscattered_light>
          <bias>1</bias>
          <blue>1</blue>
          <buffers>1</buffers>
          <bufflag>0</bufflag>
          <bufsize>2880</bufsize>
          <buftype>2</buftype>
          <clipend>30.002</clipend>
          <clipsta>1.000799</clipsta>
          <compressthresh>0.04999995</compressthresh>
          <dist sid="blender_dist">29.99998</dist>
          <energy sid="blender_energy">1</energy>
          <falloff_type>2</falloff_type>
          <filtertype>0</filtertype>
          <flag>0</flag>
          <gamma sid="blender_gamma">1</gamma>
          <green>1</green>
          <halo_intensity sid="blnder_halo_intensity">1</halo_intensity>
          <horizon_brightness>1</horizon_brightness>
          <mode>8192</mode>
          <ray_samp>1</ray_samp>
          <ray_samp_method>1</ray_samp_method>
          <ray_samp_type>0</ray_samp_type>
          <ray_sampy>1</ray_sampy>
          <ray_sampz>1</ray_sampz>
          <red>1</red>
          <samp>3</samp>
          <shadhalostep>0</shadhalostep>
          <shadow_b sid="blender_shadow_b">0</shadow_b>
          <shadow_g sid="blender_shadow_g">0</shadow_g>
          <shadow_r sid="blender_shadow_r">0</shadow_r>
          <sky_colorspace>0</sky_colorspace>
          <sky_exposure>1</sky_exposure>
          <skyblendfac>1</skyblendfac>
          <skyblendtype>1</skyblendtype>
          <soft>3</soft>
          <spotblend>0.15</spotblend>
          <spotsize>75</spotsize>
          <spread>1</spread>
          <sun_brightness>1</sun_brightness>
          <sun_effect_type>0</sun_effect_type>
          <sun_intensity>1</sun_intensity>
          <sun_size>1</sun_size>
          <type>0</type>
        </technique>
      </extra>
    </light>
  </library_lights>
  <library_images/>
  <library_effects>
    <effect id="Color_C06-effect">
      <profile_COMMON>
        <technique sid="common">
          <phong>
            <emission>
              <color sid="emission">0 0 0 1</color>
            </emission>
            <ambient>
              <color sid="ambient">0 0 0 1</color>
            </ambient>
            <diffuse>
              <color sid="diffuse">0.8 0.4 0 1</color>
            </diffuse>
            <specular>
              <color sid="specular">0.33 0.33 0.33 1</color>
            </specular>
            <shininess>
              <float sid="shininess">50</float>
            </shininess>
            <index_of_refraction>
              <float sid="index_of_refraction">1</float>
            </index_of_refraction>
          </phong>
        </technique>
      </profile_COMMON>
    </effect>
    <effect id="FrontColor-effect">
      <profile_COMMON>
        <technique sid="common">
          <phong>
            <emission>
              <color sid="emission">0 0 0 1</color>
            </emission>
            <ambient>
              <color sid="ambient">0 0 0 1</color>
            </ambient>
            <diffuse>
              <color sid="diffuse">1 1 1 1</color>
            </diffuse>
            <specular>
              <color sid="specular">0.33 0.33 0.33 1</color>
            </specular>
            <shininess>
              <float sid="shininess">50</float>
            </shininess>
            <index_of_refraction>
              <float sid="index_of_refraction">1</float>
            </index_of_refraction>
          </phong>
        </technique>
      </profile_COMMON>
    </effect>
    <effect id="Color_I12-effect">
      <profile_COMMON>
        <technique sid="common">
          <phong>
            <emission>
              <color sid="emission">0 0 0 1</color>
            </emission>
            <ambient>
              <color sid="ambient">0 0 0 1</color>
            </ambient>
            <diffuse>
              <color sid="diffuse">0.117647 0.117647 0.6 1</color>
            </diffuse>
            <specular>
              <color sid="specular">0.33 0.33 0.33 1</color>
            </specular>
            <shininess>
              <float sid="shininess">50</float>
            </shininess>
            <index_of_refraction>
              <float sid="index_of_refraction">1</float>
            </index_of_refraction>
          </phong>
        </technique>
      </profile_COMMON>
    </effect>
  </library_effects>
  <library_materials>
    <material id="Color_C06-material" name="Color_C06">
      <instance_effect url="#Color_C06-effect"/>
    </material>
    <material id="FrontColor-material" name="FrontColor">
      <instance_effect url="#FrontColor-effect"/>
    </material>
    <material id="Color_I12-material" name="Color_I12">
      <instance_effect url="#Color_I12-effect"/>
    </material>
  </library_materials>
  <library_geometries>
    <geometry id="Mesh2_Group1_Model-mesh" name="Mesh2 Group1 Model">
      <mesh>
        <source id="Mesh2_Group1_Model-mesh-positions">
          <float_array id="Mesh2_Group1_Model-mesh-positions-array" count="627">0.253044 1.5542 0.188031 0.253044 1.22186 -0.144309 0.253044 1.236 -0.158451 0.253044 1.56834 0.173889 0.04147487 1.35836 -0.007808983 0.03253358 1.35012 -0.01604849 0.02088117 1.3438 -0.02237087 -0.266956 1.22186 -0.144309 0.007311642 1.33982 -0.02634525 0.007312774 1.27276 -0.02754485 0.006542503 1.27276 -0.02765935 -0.007250249 1.27276 -0.02907425 -0.001156151 1.27276 -0.02844905 -0.007250249 1.33847 -0.0277009 -0.008004605 1.27276 -0.02896207 -0.0218122 1.27276 -0.02754497 -0.0218122 1.33982 -0.02634525 -0.02252888 1.27276 -0.02720946 -0.03538167 1.27276 -0.02305334 -0.03538167 1.3438 -0.02237087 -0.03603094 1.27276 -0.0224899 -0.0470342 1.27276 -0.01588457 -0.0470342 1.35012 -0.01604849 -0.05538129 1.27276 -0.007373631 -0.05597537 1.35836 -0.007808983 -0.05597537 1.27276 -0.006498694 -0.06118375 1.27276 0.003367125 -0.06159609 1.36796 0.001786112 -0.06159609 1.27276 0.004491746 -0.0633586 1.27276 0.01502996 -0.06351315 1.37825 0.01208299 -0.06351315 1.27276 0.016357 -0.06176435 1.27276 0.02684879 -0.06159609 1.38855 0.02237975 -0.06159609 1.27276 0.02829378 -0.05650597 1.27276 0.03803259 -0.05597537 1.39814 0.03197485 -0.05597537 1.27276 0.03948026 -0.04792815 1.27276 0.04781717 -0.0470342 1.40638 0.04021435 -0.0470342 1.27276 0.04913377 -0.04586899 1.27276 0.05014407 -0.03538167 1.27276 0.05657047 -0.03538167 1.41271 0.0465368 -0.03396737 1.27276 0.05723249 -0.0218122 1.27276 0.06125819 -0.0218122 1.41668 0.0505113 -0.02025586 1.27276 0.0614897 -0.007250249 1.27276 0.06285929 -0.007250249 1.41804 0.05186688 -0.005680859 1.27276 0.06262576 0.007311642 1.27276 0.06125819 0.007311642 1.41668 0.0505113 0.008761882 1.27276 0.06057935 0.02088117 1.27276 0.05657047 0.02088117 1.41271 0.0465368 0.02209568 1.27276 0.05551725 0.03253358 1.27276 0.04913377 0.03253358 1.40638 0.04021435 0.04063069 1.27276 0.04072338 0.0362522 1.27276 0.04527127 0.04147487 1.39814 0.03197485 0.04147487 1.27276 0.03948026 0.04709559 1.38855 0.02237975 0.04901266 1.37825 0.01208299 0.04709559 1.36796 0.001786112 0.04709559 1.27276 0.004491746 0.0418483 1.27276 -0.005479872 -0.001156151 1.27276 0.03316646 0.04660195 1.27276 0.02964037 0.04709559 1.27276 0.02829378 0.04885804 1.27276 0.01768386 0.04901266 1.27276 0.016357 0.0472362 1.27276 0.00569868 0.04147487 1.27276 -0.006498694 0.03307396 1.27276 -0.01508879 0.03253358 1.27276 -0.01588457 0.03182935 1.27276 -0.01649516 0.02088117 1.27276 -0.02305334 0.02012437 1.27276 -0.02340769 -0.06159609 1.19276 0.02755677 -0.06188076 1.19276 0.0251134 -0.05684459 1.19276 0.03664779 -0.05597537 1.19276 0.03901904 -0.04846346 1.19276 0.04680144 -0.0470342 1.19276 0.04890626 -0.04517149 1.19276 0.05052137 -0.03538167 1.19276 0.0565204 -0.03315889 1.19276 0.0575608 -0.0218122 1.19276 0.06131869 -0.01939076 1.19276 0.06167888 -0.007250249 1.19276 0.06295746 -0.004816651 1.19276 0.06259536 0.007311642 1.19276 0.06131869 0.009567975 1.19276 0.06026256 0.02088117 1.19276 0.0565204 0.02278995 1.19276 0.0548653 0.03253358 1.19276 0.04890626 0.04009217 1.19276 0.04105526 0.04147487 1.19276 0.03901904 0.04626089 1.19276 0.02983367 0.04709559 1.19276 0.02755677 0.0487408 1.19276 0.01765257 0.04901266 1.19276 0.01531934 0.04735428 1.19276 0.00537008 0.04709559 1.19276 0.003148913 0.04219734 1.19276 -0.006159424 0.04147487 1.19276 -0.008130431 0.03363275 1.19276 -0.0161491 0.03253358 1.19276 -0.01776778 0.03110116 1.19276 -0.01900976 0.02088117 1.19276 -0.02513176 0.01927214 1.19276 -0.02588498 0.007314205 1.19276 -0.02974694 0.005625069 1.19276 -0.029998 0.007319092 0.908161 -0.03686028 0.006192922 1.19276 -0.006350636 9.89837e-4 1.19276 -0.005918025 -0.003923952 1.19276 -0.004153549 -0.007250249 1.19276 -0.03131878 -0.008213698 1.19276 -0.00117737 -0.008922994 1.19276 -0.03106987 -0.01158696 1.19276 0.002807557 -0.01381385 1.19276 0.007529854 -0.01474279 1.19276 0.01266765 -0.0218122 1.19276 -0.02974706 -0.02338379 1.19276 -0.02901148 -0.03538167 1.19276 -0.02513176 -0.03615677 1.19276 -0.02445977 -0.03625267 1.19276 -0.02437585 -0.03676217 1.19276 -0.02393364 -0.0470342 1.19276 -0.01776778 -0.05482608 1.19276 -0.009822905 -0.05597537 1.19276 -0.008130431 -0.06083738 1.19276 0.001079201 -0.06159609 1.19276 0.003148913 -0.06324136 1.19276 0.0129863 -0.06351315 1.19276 0.01531934 -0.06351315 0.06999999 -0.002932131 -0.06159609 0.06999999 -0.01749408 -0.05597537 0.06999999 -0.03106355 -0.0470342 0.06999999 -0.04271596 -0.03942698 0.901173 -0.0294404 -0.03538167 0.06999999 -0.05165725 -0.0218122 0.06999999 -0.05727797 -0.007250249 0.06999999 -0.0591951 0.007311642 0.06999999 -0.05727797 0.02088117 0.06999999 -0.05165725 0.03253358 0.06999999 -0.04271596 0.04147487 0.06999999 -0.03106355 0.02521127 1.19276 0.01458507 0.02428239 1.19276 0.01972275 0.02205544 1.19276 0.02444505 0.01868218 1.19276 0.0284301 0.01439249 1.19276 0.03140628 0.009478628 1.19276 0.03317075 0.0042755 1.19276 0.03360337 -8.62216e-4 1.19276 0.03267455 -0.005584478 1.19276 0.0304476 -0.009569525 1.19276 0.02707439 -0.0125457 1.19276 0.02278459 -0.01431018 1.19276 0.01787078 -0.007250249 0.06999999 0.05333077 0.007311642 0.06999999 0.05141365 0.02088117 0.06999999 0.04579299 0.03253358 0.06999999 0.03685176 0.04709559 0.06999999 -0.01749408 0.04147487 0.06999999 0.02519929 0.04709559 0.06999999 0.01162976 0.04901266 0.06999999 -0.002932131 -0.0218122 0.06999999 0.05141365 -0.03538167 0.06999999 0.04579299 -0.03537738 0.892617 0.05366265 -0.0470342 0.06999999 0.03685176 -0.0470373 0.930773 0.04608625 -0.05597537 0.06999999 0.02519929 -0.06159609 0.06999999 0.01162976 -0.01474279 1.23276 0.01266765 -0.01431018 1.23276 0.01787078 -0.01381385 1.23276 0.007529854 -0.01158696 1.23276 0.002807557 -0.008213698 1.23276 -0.00117737 -0.003923952 1.23276 -0.004153549 9.89837e-4 1.23276 -0.005918025 0.006192922 1.23276 -0.006350636 0.01133066 1.19276 -0.005421757 0.01133066 1.23276 -0.005421757 0.01605296 1.19276 -0.003194868 0.02003794 1.19276 1.78391e-4 0.02301418 1.19276 0.004468083 0.02477866 1.19276 0.009381949 0.02521127 1.23276 0.01458507 0.02477866 1.23276 0.009381949 0.02428239 1.23276 0.01972275 0.02205544 1.23276 0.02444505 0.01868218 1.23276 0.0284301 0.01439249 1.23276 0.03140628 0.009478628 1.23276 0.03317075 0.0042755 1.23276 0.03360337 -8.62216e-4 1.23276 0.03267455 -0.005584478 1.23276 0.0304476 -0.009569525 1.23276 0.02707439 -0.0125457 1.23276 0.02278459 0.01605296 1.23276 -0.003194868 0.02003794 1.23276 1.78391e-4 0.02301418 1.23276 0.004468083 -0.266956 1.5542 0.188031 -0.266956 1.56834 0.173889 -0.266956 1.236 -0.158451</float_array>
          <technique_common>
            <accessor source="#Mesh2_Group1_Model-mesh-positions-array" count="209" stride="3">
              <param name="X" type="float"/>
              <param name="Y" type="float"/>
              <param name="Z" type="float"/>
            </accessor>
          </technique_common>
        </source>
        <source id="Mesh2_Group1_Model-mesh-normals">
          <float_array id="Mesh2_Group1_Model-mesh-normals-array" count="1311">1 0 0 1 2.41007e-7 0 1 2.47713e-7 0 -4.6544e-5 -0.7070718 0.7071418 -1.68805e-6 -0.7071063 0.7071074 -3.29908e-6 -0.7071077 0.7071059 -3.02732e-5 -0.707135 0.7070786 1.16418e-5 -0.7071728 0.7070407 1.01366e-6 -0.7071068 0.7071069 4.77468e-5 -0.7071624 0.7070512 -0.1544598 -0.01855576 0.9878249 -0.2441567 -0.01520228 0.9696166 -0.3716549 -0.01128613 0.9283024 -0.124681 -0.01800483 0.9920335 -0.01504153 -0.02001929 0.9996865 0 0.364245 0.9313032 0.06264215 -0.01996725 0.9978364 0.12448 -0.02046924 0.992011 0.2083282 -0.0183236 0.9778873 0.2774209 -0.01480776 0.9606344 0.3667556 -0.01590484 0.9301815 0.4220722 -0.01088285 0.906497 0.4873457 -0.005251586 0.8731934 0.5875533 -0.006721556 0.8091577 0.5737 -9.3869e-4 0.819065 0.62986 0.003967463 0.7766987 0.7444951 0.006205022 0.6675992 0.8223121 0.009136021 0.5689635 0.8571704 0.007882058 0.5149727 0.8994199 0.009668588 0.4369788 0.9542973 0.008301556 0.2987438 0.9667277 0.007267177 0.2557049 0.9882825 0.005254328 0.1525458 0.999929 -9.60171e-4 -0.01188266 0.999697 -9.96394e-4 -0.02459639 0.9883885 -0.006921768 -0.1517906 0.9490962 -0.01647347 -0.3145553 0.9555951 -0.0150308 -0.2942994 0.901706 -0.02384734 -0.4316917 0.8217576 -0.0342195 -0.5688089 0.8470917 -0.03175371 -0.5304974 0.7511579 -0.04158771 -0.6588113 0.6493121 -0.05141371 -0.7587822 0.7467953 -0.04429191 -0.6635775 0.5899357 -0.05471771 -0.805594 0.4826643 -0.06185787 -0.8736183 0.3860391 -0.06700235 -0.920046 0.3689734 -0.06711697 -0.9270135 0.2540512 -0.07151645 -0.9645431 0.1630569 -0.07382673 -0.9838507 0.1253433 -0.07411289 -0.9893414 0.0191335 -0.07525914 -0.9969804 -0.06305056 -0.07493364 -0.9951933 -0.1255857 -0.07461851 -0.9892727 -0.2115083 -0.07295334 -0.9746498 -0.2856893 -0.07032245 -0.9557387 -0.3687901 -0.06856143 -0.9269807 -0.4297629 -0.06507539 -0.9005938 -0.4987558 -0.06043207 -0.8646332 -0.589504 -0.0568208 -0.8057645 -0.5851993 -0.05478286 -0.8090369 -0.6446709 -0.05005705 -0.7628197 -0.7515189 -0.0417968 -0.6583862 0 1 0 -0.806187 -0.03614199 -0.5905561 -0.8638182 -0.02928197 -0.5029522 -0.9291417 -0.0203278 -0.3691648 -3.99219e-5 -0.7070887 0.7071249 1.1489e-4 -0.7071726 0.707041 3.35091e-4 -0.707302 0.7069115 -8.48714e-5 -0.7070577 0.7071559 -0.9705277 0.007543623 0.2408716 -0.8308654 0.008779168 0.5564044 -0.9310466 0.008865356 0.3647926 -0.913925 0.00705409 0.405822 0 1 -1.54715e-5 0 1 1.00615e-6 0 1 1.35837e-5 0.9557338 0.002702057 -0.2942206 0.9901844 0.001591622 -0.1397582 0.955684 0.002720057 -0.2943822 0.9145388 0.003131449 -0.4044862 0.9144991 0.003133475 -0.4045759 0.8474635 0.003055989 -0.5308448 0.8473576 0.003062486 -0.531014 0.7762767 0.002809941 -0.6303862 0.7761949 0.002811074 -0.630487 0.7476148 0.001888215 -0.66413 0.7473905 0.001889288 -0.6643823 0.5912051 0.001350939 -0.8065202 0.4739411 5.51511e-4 -0.8805564 0.590793 0.001345157 -0.8068221 0.3701866 -7.12031e-5 -0.9289575 0.4739558 5.5159e-4 -0.8805486 0.2316316 -7.35848e-4 -0.9728034 0.3698571 -7.53205e-5 -0.9290887 0.1261082 -9.82311e-4 -0.992016 0.231615 -7.35735e-4 -0.9728074 -0.02138465 -0.001226663 -0.9997706 0.1258172 -9.86295e-4 -0.992053 -0.1260921 -9.85315e-4 -0.9920181 -0.02139067 -0.00122714 -0.9997705 -0.2680249 -7.28903e-4 -0.9634118 -0.1258175 -9.81669e-4 -0.992053 -0.3695558 -4.93627e-5 -0.9292086 -0.2679862 -7.28597e-4 -0.9634226 -0.4941722 5.44741e-4 -0.8693639 -0.3692513 -4.08326e-5 -0.9293296 -0.5905681 0.001446664 -0.8069867 -0.4942167 5.4388e-4 -0.8693386 -0.6264477 0.002216339 -0.7794603 -0.5905028 0.001461327 -0.8070343 -0.626282 0.002216696 -0.7795934 -0.7203956 0.00197196 -0.6935607 -0.8586015 0.002955377 -0.5126352 -0.7765592 0.002617537 -0.630039 -0.8584025 0.002957224 -0.5129683 -0.9146471 0.002924382 -0.404243 -0.9669241 0.002349615 -0.2550539 -0.9148325 0.00292313 -0.403823 -0.9901723 0.001506209 -0.1398446 -0.9669529 0.00234884 -0.2549443 -0.9996958 -3.19276e-4 0.02466177 -0.9901721 0.001506328 -0.1398463 -0.9901263 -0.002037823 0.1401638 -0.9996976 -3.18467e-4 0.02459007 -0.9552494 -0.004963815 0.2957603 -0.9901444 -0.002037107 0.1400353 -0.9138373 -0.007436215 0.4060124 -0.9552792 -0.004962861 0.2956641 -0.845719 -0.01088243 0.5335175 -0.9140306 -0.007433354 0.4055774 -0.7738832 -0.01379758 0.6331781 -0.8457151 -0.01088154 0.5335237 -0.7474613 -0.0156334 0.6641214 -0.7743009 -0.0137937 0.6326674 -0.5866386 -0.02010804 0.8095992 -0.7474252 -0.01563441 0.664162 -0.4693523 -0.02293312 0.8827133 -0.5865818 -0.02010989 0.8096402 -0.3662998 -0.02490228 0.9301636 -0.4690596 -0.02293676 0.8828686 -0.3661215 -0.02490854 0.9302337 -0.2278606 -0.02679377 0.973325 -0.2280327 -0.02679514 0.9732847 -0.3663489 -0.009675025 0.9304274 -0.4707701 -0.005814135 0.8822368 -0.6391623 -3.23576e-4 0.7690719 -0.5867326 6.65175e-4 0.8097805 -0.7475891 0.001407086 0.6641601 -0.7442027 0.005739986 0.6679291 -0.8457417 0.008165955 0.5335302 -0.1247346 -0.02756297 0.9918073 -0.1242864 -0.02756977 0.9918634 -0.2281563 -0.02433121 0.9733206 -0.1190234 -0.02467727 0.9925848 -0.203497 -0.02417057 0.9787772 0 -1 2.26087e-6 0 -1 3.26588e-7 0 -1 0 0 -1 1.80022e-6 0 -1 3.1881e-6 0 -1 0 0 -1 8.23583e-7 0 -1 -7.8794e-5 0 -1 0 0 -1 0 0 -1 -4.59329e-6 0 -1 -1.13446e-5 0 -1 1.90277e-6 0 -1 -2.01515e-7 0 -1 0 0 -1 -2.20226e-6 0 -1 -7.32038e-6 0 -1 6.02543e-7 0 -1 2.65003e-6 0 -1 3.59835e-5 0.9999247 1.30901e-4 -0.01228016 0.9996975 3.99767e-4 -0.0245952 0.9905803 0.002044916 -0.1369184 0.9905547 -0.002335369 0.1370986 0.966329 -0.004589498 0.2572689 0.9667405 -0.004701554 0.2557164 0.9171217 -0.007618784 0.3985345 0.8615545 -0.0101239 0.5075643 0.8571559 -0.01051825 0.5149499 0.7802999 -0.01315665 0.6252673 0.5310637 -0.01731908 0.8471549 0.6009276 -0.01825952 0.7990949 0.4261724 -0.01990193 0.9044231 0.3316775 -0.01804524 0.9432203 0.5320326 -0.0202623 0.8464814 0.4341508 -0.02183729 0.9005755 0.3665171 -0.02267718 0.930135 0.3061897 -0.02353626 0.9516796 0.1918568 -0.02426594 0.981123 0.1247496 -0.02458518 0.9918836 0.05889415 -0.02485036 0.997955 -0.05277007 -0.02465283 0.9983024 -0.3164615 -0.02261716 0.9483357 -0.351031 -0.02258688 0.9360915 -0.4409081 -0.02100157 0.8973065 -0.5441162 -0.01907002 0.8387932 -0.5866841 -0.01820141 0.8096114 -0.7275559 -0.01523369 0.6858793 -0.7070267 -0.01571011 0.7070124 -0.822632 -0.01232922 0.5684406 -0.7741967 -0.01381689 0.6327943 0 -1 0 0 -1 4.35508e-7 0 -1 3.82963e-7 0 -1 2.64508e-6 0 -1 2.26652e-6 0 -1 2.24521e-6 0 -1 2.33951e-6 0 -1 -3.15787e-6 0 -1 -4.07158e-6 0 -1 -2.32391e-6 0 -1 -3.42745e-6 0 -1 -1.88071e-6 0 -1 -2.0822e-6 0 -1 -4.46021e-6 0 -1 8.92925e-6 0 -1 1.77723e-5 0 -1 -3.34568e-6 0.1260936 0.008739173 -0.9919799 0.06338578 0.008730232 -0.997951 0.1980677 0.008724749 -0.9801495 -0.05802434 0.008495092 -0.998279 -0.1925552 0.008485972 -0.9812495 -0.1261165 0.008516848 -0.9919789 -0.3070869 0.008199572 -0.9516462 -0.4357372 0.008107542 -0.9000375 -0.3696549 0.008242785 -0.9291326 -0.5339987 0.007815122 -0.8454493 -0.6650782 0.007715106 -0.7467339 -0.5904071 0.007824897 -0.8070678 -0.6261123 0.008371174 -0.7796881 -0.7822694 0.007345199 -0.622897 0 -1 -5.37647e-7 -0.8749813 -0.01007074 0.484052 -0.9427081 -0.006643056 0.3335529 -0.9137949 -0.008086204 0.4060956 0 -1 0 0 -1 -5.73417e-6 -0.8585338 0.00631088 -0.5127182 -0.8622648 0.006468415 -0.5064165 -0.917849 0.005370438 -0.3968936 -0.9734318 0.003821134 -0.2289453 -0.9669244 0.003617882 -0.2550373 -0.9901594 0.002201497 -0.1399276 0 -1 3.55101e-7 0 -1 2.66745e-7 0 -1 6.35359e-6 -0.9705722 -0.004492521 0.2407684 -0.9975087 -0.001328468 0.07053142 -0.9901193 -0.002499222 0.1402056 -0.9996214 5.11211e-4 -0.02751016 0.3155719 0.008859932 -0.9488603 0.3697379 0.008823394 -0.9290942 0.4437903 0.008743643 -0.8960881 0.453436 0.008506417 -0.8912482 0.5466992 0.008661925 -0.8372844 0.5905563 0.00854057 -0.8069512 0.7039622 0.007896065 -0.7101936 0.7274 0.007373511 -0.6861743 0.7502098 0.007056891 -0.6611624 0.7820879 0.007015287 -0.6231287 0.8569386 0.006043493 -0.5153831 0.8474563 0.006545662 -0.5308248 0.9176885 0.005149245 -0.3972674 0.9609864 0.003710508 -0.2765704 0.9556753 0.004195868 -0.2943931 0.9988504 0 0.04793828 0.977221 0 -0.2122247 0.9772207 0 -0.2122258 0.9524079 0 0.3048264 0.9988504 0 0.04793804 0.8410647 0 0.5409346 0.9524081 0 0.304826 0.6723998 0 0.7401882 0.4579129 0 0.8889971 0.6723989 0 0.740189 0.2122207 0 0.9772219 0.4579118 0 0.8889977 -0.04793494 0 0.9988505 0.2122204 0 0.9772218 -0.3048231 0 0.9524091 -0.04793477 0 0.9988505 0 -1 -1.96434e-6 0 -1 -3.09617e-7 0 -1 -1.5213e-6 0 -1 8.31108e-6 0 -1 1.90104e-6 -0.9988503 0 -0.04793947 -0.9772214 0 0.2122228 -0.9772213 0 0.2122231 -0.9524075 0 -0.3048276 -0.9988502 0 -0.04794019 -0.8410621 0 -0.5409387 -0.9524075 0 -0.304828 -0.6723994 0 -0.7401887 -0.8410624 0 -0.5409383 -0.4579168 0 -0.8889951 -0.6723999 0 -0.7401881 -0.2122241 0 -0.9772211 0.04792916 0 -0.9988508 -0.2122226 0 -0.9772214 0.3048263 0 -0.9524081 0.0479297 0 -0.9988507 0.5409388 0 -0.841062 0.3048257 0 -0.9524081 0.7401885 0 -0.6723995 0.5409387 0 -0.841062 0.8889979 0 -0.4579114 0.7401887 0 -0.6723993 0.8889985 0 -0.4579104 0 -1 -1.27605e-5 0 -1 3.91054e-6 -0.5409393 0 0.8410617 -0.3048219 0 0.9524095 -0.7401884 0 0.6723995 -0.5409374 0 0.8410629 -0.8889961 0 0.4579149 -0.7401869 0 0.6724011 -0.8889957 0 0.4579157 -0.1020084 -0.02789884 0.9943923 0.1247051 -0.02756392 0.9918109 0.02267926 -0.02803802 0.9993497 0.02274709 -0.0280379 0.9993481 0.2667298 -0.02651047 0.9634068 0.1245011 -0.02756196 0.9918367 0.3663402 -0.02486622 0.9301487 0.3664831 -0.02486628 0.9300924 0.491108 -0.02263683 0.8708045 0.5784934 -0.02119559 0.8154118 0.6566365 -0.01961588 0.7539521 0.6568421 -0.01961159 0.753773 0.5873158 -0.01997065 0.8091115 0.5870304 -0.01997381 0.8093186 0.6192204 -0.01849102 0.7849995 0.6191712 -0.01847934 0.7850387 0.5870008 -0.02064889 0.809323 0.6568197 -0.02024251 0.753776 0.7736633 -0.01402455 0.6334418 0.7736266 -0.01402598 0.6334866 0.8569318 -0.01051056 0.5153229 0.8571552 -0.01050305 0.5149512 0.9136081 -0.007669925 0.4065239 0.9136571 -0.00766611 0.4064137 0.9667617 -0.004290997 0.2556432 0.9667487 -0.004291713 0.2556926 0.9900856 -0.002137124 0.1404496 0.9901518 -0.002125442 0.1399827 0.9996979 3.03842e-4 -0.02457612 0.9997018 3.33248e-4 -0.02442103 0.9901342 0.001599907 -0.1401135 -0.9901331 0.004293918 0.140065 -0.9971329 0.002608299 0.07562536 -0.9975268 -0.003465175 -0.07020175 -0.9901613 -0.005971133 -0.1398032 -0.9735229 -0.01128798 -0.2283107 -0.914566 -0.02142494 -0.4038689 -1.31902e-4 -0.707004 0.7072097 -6.92679e-6 -0.7071084 0.7071052 -7.9195e-5 -0.7070354 0.7071782 0 -0.7070391 0.7071746 3.29213e-6 -0.7071078 0.7071058 7.91052e-5 -0.7070346 0.707179 7.28969e-6 -0.7071092 0.7071045 1.31985e-4 -0.707004 0.7072097 -1.15129e-4 -0.707174 0.7070397 4.02298e-5 -0.7070862 0.7071273 -7.96987e-5 -0.707154 0.7070596 9.76654e-5 -0.7070472 0.7071664 4.65057e-5 -0.7070686 0.707145 3.02728e-5 -0.7071322 0.7070814 -8.51213e-5 -0.7070201 0.7071935 1.05759e-4 -0.7072302 0.7069835 -2.25328e-4 -0.7068573 0.7073562 -1 0 0 -1 -4.82015e-7 0 -1 0 0 0 0.7071613 0.7070524 0 0.7071613 0.7070523 0 0.7071613 0.7070522 0 0.7071068 -0.7071068 0 0.7071069 -0.7071067 0 -0.7071613 -0.7070523 0 -0.7071613 -0.7070524 1 0 0 0 1 -7.92748e-6 0 1 -1.9523e-5 0 1 1.68785e-5 0 1 8.6591e-6 0 1 2.34195e-5 0 1 -5.00987e-6 0 1 -3.8878e-6 0 1 4.4456e-6 0 1 -1.74815e-5 0 1 3.47218e-6 0 1 -2.24809e-5 0 1 3.88794e-6 0 0.9999999 -5.05194e-4 0 1 7.44343e-6 0 1 1.64913e-6 0 1 -5.98411e-6 0 1 -1.41521e-5 0 1 -2.43544e-6 0 1 -6.1847e-5 0 1 -9.33551e-6 0 1 2.56247e-6 0 1 1.97103e-4 0 1 4.51847e-6 0 1 3.89538e-5 0 1 9.09135e-6 0 1 2.35228e-5 0 1 3.33055e-4 0 1 2.57499e-4 0 0.9999996 -9.06816e-4 -0.776386 0.002611339 -0.6302525 0 -1 -3.14391e-6 0 -1 -8.18625e-6 0 -1 -1.09297e-6 0 -1 -8.29537e-5 0 -1 6.60054e-5 0 -1 -8.47503e-5 0 -1 -4.2375e-6 0 -1 6.00022e-6 0 -1 1.32004e-4 0 -1 -1.32004e-4 0 -1 -2.5026e-5 0 -1 -6.60007e-5 0.2664668 -0.02652269 0.9634792 -1 -4.95426e-7 0 0 0.7071067 -0.707107 0 -0.7071613 -0.7070522</float_array>
          <technique_common>
            <accessor source="#Mesh2_Group1_Model-mesh-normals-array" count="437" stride="3">
              <param name="X" type="float"/>
              <param name="Y" type="float"/>
              <param name="Z" type="float"/>
            </accessor>
          </technique_common>
        </source>
        <source id="Mesh2_Group1_Model-mesh-map-0">
          <float_array id="Mesh2_Group1_Model-mesh-map-0-array" count="2928">20.0212 48.3831 7.49368 62.0241 6.9369 61.4673 25.7778 27.6549 34.1073 20.0549 34.1073 38.5588 25.4258 27.1962 34.1073 20.0549 25.7778 27.6549 24.967 26.8441 34.1073 20.0549 25.4258 27.1962 34.1073 20.0549 24.967 26.8441 13.6348 20.0549 13.6348 20.0549 24.967 26.8441 24.4328 26.6228 19.2298 52.6493 19.2168 50.0084 19.7865 52.8058 21.907 52.6864 21.8694 50.0455 21.9001 50.0455 22.7007 50.0516 22.1548 50.0516 22.396 50.0516 22.3604 52.5977 22.3555 50.0099 22.9361 52.651 25.8703 52.7198 25.8482 50.132 25.8782 50.132 25.2857 50.1138 25.3102 52.7015 24.7392 50.1138 24.5895 52.7839 24.5938 50.143 25.1653 52.7306 27.6089 52.9547 27.5977 50.3138 27.6289 50.3138 26.8713 50.264 26.8877 52.9048 26.3395 50.264 26.0915 53.1051 26.099 50.308 26.6482 52.9487 27.1593 53.2072 27.143 50.4101 27.1769 50.4101 27.3213 50.3775 27.3408 53.1746 26.816 50.3775 26.7369 53.4373 26.7338 50.3913 27.2589 53.1884 26.294 50.3787 26.2986 53.4246 25.8246 50.3787 26.0369 53.7193 26.0423 50.3489 26.5156 53.3949 24.4434 53.6698 24.4007 50.2994 24.4424 50.2994 23.1508 50.2955 23.1964 53.6659 22.7115 50.2955 23.1701 53.9897 23.1241 50.2413 23.6078 53.6119 20.8729 53.9808 20.7729 50.2326 20.8201 50.2326 17.5517 50.2968 17.6568 54.0449 17.1311 50.2968 17.4736 54.4188 17.3605 50.2653 17.8859 54.0134 16.2756 54.4464 16.1085 50.2929 16.1611 50.2929 9.9508 50.5429 10.1168 54.6964 9.53204 50.5429 9.4471 55.1382 9.27504 50.5792 9.85944 54.7328 10.8547 55.0814 10.6234 50.5225 10.6807 50.5225 1.6606 50.9728 1.86696 55.533 1.22798 50.9728 0.794794 55.9956 0.596378 51.0572 1.23248 55.6177 4.73029 55.8287 4.45286 50.891 4.51356 50.891 -6.03895 51.3678 -5.82635 56.3086 -6.49514 51.3678 -6.99359 56.7096 -7.17795 51.4432 -6.51512 56.3848 -1.97039 56.5683 -2.2609 51.3036 -2.19824 51.3036 -8.486411 56.7981 -8.777171 51.5305 -8.71645 51.5305 -12.5866 51.604 -12.3432 56.874 -13.0708 51.604 -13.3812 57.166 -13.5798 51.6455 -12.8595 56.9166 -15.3042 57.1382 -15.5331 51.6167 -15.4716 51.6167 -17.8511 51.5563 -17.6659 57.0794 -18.3553 51.5563 -18.5035 57.2452 -18.6306 51.5645 -17.947 57.0884 -21.2153 57.0531 -21.3395 51.3713 -21.2775 51.3713 -21.9708 51.3122 -21.8646 56.9944 -22.4857 51.3122 -22.5154 57.0453 -22.5586 51.3094 -21.9397 56.9918 -25.4093 56.5958 -25.4081 50.8601 -25.3457 50.8601 -25.0329 50.9404 -25.0158 56.6761 -25.5472 50.9404 -25.5409 56.6295 -25.4988 50.9475 -24.9652 56.683 -27.3646 55.9813 -27.2483 50.302 -27.1853 50.302 -27.0052 50.5192 -27.0755 56.1993 -27.5078 50.5192 -27.5669 56.0705 -27.4486 50.5477 -27.0103 56.2273 -27.0572 55.4413 -26.8618 49.9233 -26.7985 49.9233 -27.6815 50.1398 -27.8252 55.6594 -28.1632 50.1398 -28.3958 55.4573 -28.2199 50.1876 -27.874 55.7067 -26.5711 49.8837 -27.0307 49.8837 -26.7822 49.8837 -27.5677 54.8751 -27.3029 49.9335 -27.0892 55.1998 -25.3029 54.8224 -25.0585 49.883 -24.9993 49.883 -23.9182 54.8304 -24.3558 54.4525 -23.6595 49.8917 25.9991 29.3358 34.1073 38.5588 25.7778 29.87 26.0746 28.7624 34.1073 38.5588 25.9991 29.3358 25.9991 28.1891 34.1073 38.5588 26.0746 28.7624 25.7778 27.6549 34.1073 38.5588 25.9991 28.1891 0.468913 54.5466 0.03114265 54.1688 0.561473 50.7981 -0.870032 50.6456 -0.42641 50.6456 -0.958026 54.016 25.7925 14.5554 25.447 14.9337 24.0994 13.0339 22.258 12.4571 24.0994 13.0339 21.9203 12.8424 10.6522 47.2125 10.6807 50.3621 10.6234 50.3621 1.28247 47.1284 1.6606 50.278 1.22798 50.278 4.46991 47.1875 4.51356 50.3371 4.45286 50.3371 -6.45173 47.138 -6.03895 50.2876 -6.49514 50.2876 -2.25349 47.1965 -2.19824 50.3461 -2.2609 50.3461 -8.777171 50.3352 -8.710591 47.1855 -8.71645 50.3352 -13.0708 50.3749 -12.6178 47.2253 -12.5866 50.3749 -15.5331 50.3751 -15.4708 47.2255 -15.4716 50.3751 -18.3553 50.4002 -17.8854 47.2506 -17.8511 50.4002 -21.3395 50.3982 -21.2779 47.2486 -21.2775 50.3982 -22.4857 50.4042 -22.0054 47.2546 -21.9708 50.4042 -25.4081 50.3967 -25.3451 47.2471 -25.3457 50.3967 -25.5472 50.3938 -25.0668 47.2442 -25.0329 50.3938 -27.2483 50.3871 -27.1843 47.2375 -27.1853 50.3871 -27.5078 50.3846 -27.0393 47.235 -27.0052 50.3846 -26.8618 50.3902 -26.7998 47.2406 -26.7985 50.3902 -28.1632 50.3931 -27.7182 47.2435 -27.6815 50.3931 -26.5775 47.2562 -26.5711 50.4058 -26.7822 50.4058 -25.0735 47.2827 -24.9993 50.4323 -25.0585 50.4323 -23.6869 50.4318 -23.2662 47.2821 -23.2501 50.4318 -21.3658 50.4495 -21.2976 47.2999 -21.3093 50.4495 -17.731 50.4222 -17.3362 47.2726 -17.3075 50.4222 -16.6212 50.4232 -16.5693 47.2736 -16.5686 50.4232 -9.64784 50.327 -9.26273 47.1774 -9.222431 50.327 -11.059 50.3333 -11.0235 47.1837 -11.0112 50.3333 -0.870032 50.1539 -0.473195 47.0042 -0.42641 50.1539 -4.83203 50.1804 -4.8097 47.0307 -4.78931 50.1804 7.11563 49.9734 7.54274 46.8234 7.58867 49.9734 1.90302 49.9931 1.91872 46.8432 1.94089 49.9931 9.36961 49.8816 9.35773 46.7315 9.4063 49.8816 13.583 49.7969 14.01 46.6466 14.0855 49.7969 16.116 49.799 16.1142 46.6485 16.1489 49.799 18.9785 46.6378 18.5104 49.7885 18.4838 46.6378 19.0407 50.1485 19.0816 52.9456 18.5106 50.1485 16.1603 52.9697 16.116 50.1726 16.1489 50.1726 14.7881 52.9684 14.7754 50.1713 15.31 53.2173 14.0855 50.3796 14.1183 53.4256 13.583 50.3796 9.40207 53.4774 9.36961 50.4315 9.4063 50.4315 1.89768 53.4677 1.90302 50.4218 1.94089 50.4218 8.468561 53.5551 8.50985 50.5092 8.947251 53.8795 7.58867 50.6903 7.55179 54.0608 7.11563 50.6903 -4.88046 53.9104 -4.83203 50.54 -4.78931 50.54 21.8874 46.7043 21.8694 49.8551 21.8202 46.7043 21.8874 46.7547 21.8202 46.7547 21.8464 35.5468 -24.3887 14.5897 -24.3664 15.5207 -24.4329 15.5108 -24.1839 14.5727 -24.3664 15.5207 -24.3887 14.5897 -23.9904 14.5032 -24.3664 15.5207 -24.1839 14.5727 -23.9904 14.5032 -23.8595 15.5727 -24.3664 15.5207 -23.8215 14.3861 -23.8595 15.5727 -23.9904 14.5032 -23.8215 14.3861 -23.7936 15.5629 -23.8595 15.5727 -23.6887 14.2292 -23.7936 15.5629 -23.8215 14.3861 -23.6011 14.0432 -23.7936 15.5629 -23.6887 14.2292 -23.5645 13.841 -23.7936 15.5629 -23.6011 14.0432 -23.2862 11.9256 -23.7936 15.5629 -23.5645 13.841 -23.2862 11.9256 -23.2862 15.5108 -23.7936 15.5629 -23.2862 11.9256 -23.2243 15.4819 -23.2862 15.5108 -22.8395 12.0735 -23.2243 15.4819 -23.2862 11.9256 -22.8395 12.0735 -22.7519 15.3291 -23.2243 15.4819 -22.7519 12.1145 -22.7519 15.3291 -22.8395 12.0735 -22.7519 12.1145 -22.7214 15.3027 -22.7519 15.3291 -22.7519 12.1145 -22.7177 15.2994 -22.7214 15.3027 -22.7519 12.1145 -22.6976 15.282 -22.7177 15.2994 -22.3665 12.3507 -22.6976 15.282 -22.7519 12.1145 -22.2932 12.4143 -22.6976 15.282 -22.3665 12.3507 -22.2932 12.4143 -22.2932 15.0392 -22.6976 15.282 -22.2369 12.4971 -22.2932 15.0392 -22.2932 12.4143 -22.2369 12.4971 -21.9864 14.7264 -22.2932 15.0392 -22.2369 12.4971 -21.9412 14.6598 -21.9864 14.7264 -21.9412 12.8035 -21.9412 14.6598 -22.2369 12.4971 -21.9069 12.8969 -21.9412 14.6598 -21.9412 12.8035 -21.9069 12.8969 -21.7497 14.2972 -21.9412 14.6598 -21.7199 13.2548 -21.7497 14.2972 -21.9069 12.8969 -21.7199 13.2548 -21.7199 14.2157 -21.7497 14.2972 -21.7087 13.351 -21.7199 14.2157 -21.7199 13.2548 -21.7087 13.351 -21.6551 13.8284 -21.7199 14.2157 -21.6551 13.8284 -21.7087 13.351 -21.6444 13.7366 10.6999 2.97079 9.99109 47.1739 9.60018 47.1739 16.1491 47.2745 16.8628 3.07151 16.2415 47.2745 17.7349 3.07513 16.5367 47.2782 17.1566 3.07513 18.4054 3.09165 17.6039 47.2948 17.2112 47.2948 20.8225 47.3343 21.5856 3.13047 20.9093 47.3343 22.7746 3.1337 21.5322 47.3377 22.1963 3.1337 24.006 3.14982 23.2076 47.3548 22.7976 47.3548 24.4539 47.3478 25.2008 3.14197 24.5344 47.3478 26.2819 3.13178 25.0677 47.3381 25.7036 3.13178 27.0482 3.10693 26.3469 47.3152 25.9088 47.3152 27.4451 3.02155 27.3978 35.7504 26.8913 47.232 12.0513 2.79393 12.7688 46.999 12.5626 35.5188 27.1917 47.2909 27.3391 3.08025 27.2321 47.2909 28.0179 3.04981 27.3821 47.2605 27.4396 3.04981 26.686 2.84065 26.8611 47.0548 26.3647 47.0548 27.5973 47.1297 27.5475 2.91526 27.6656 47.1297 27.8642 2.88803 27.4494 47.1023 27.2859 2.88803 24.8587 2.68873 25.2582 46.9048 24.7481 46.9048 25.8247 46.9281 25.4746 2.71158 25.8912 46.9281 25.8313 2.70321 25.688 46.9196 25.253 2.70321 22.0338 2.56371 22.6553 46.7802 22.1458 46.7802 22.5476 46.7784 21.9195 2.56209 22.5848 35.5705 22.0577 2.55911 22.1629 35.5672 21.4795 2.55911 17.8269 2.49021 18.669 46.7049 18.0847 35.4974 16.0443 46.7179 15.0939 2.50541 16.1142 46.7179 16.8007 2.4949 17.2003 46.7084 16.2224 2.4949 13.0043 2.489 14.01 46.701 13.541 46.701 9.28309 46.7827 8.137061 2.57408 9.35773 46.7827 10.4184 2.53688 11.0163 46.7467 9.840141 2.53688 2.76757 2.62918 3.34582 2.62918 3.54681 46.8362 1.91872 46.8427 1.84169 46.8427 1.60639 2.63585 -25.4258 12.4143 -25.4258 15.0392 -25.469 14.9755 -25.4258 12.4143 -25.3694 15.0881 -25.4258 15.0392 -25.4258 12.4143 -25.1375 13.7655 -25.3694 15.0881 -25.4258 12.4143 -25.1009 13.5632 -25.1375 13.7655 -25.0422 12.1796 -25.1009 13.5632 -25.4258 12.4143 -25.0422 12.1796 -25.0132 13.3773 -25.1009 13.5632 -24.967 12.1145 -25.0132 13.3773 -25.0422 12.1796 -24.967 12.1145 -24.8804 13.2204 -25.0132 13.3773 -24.967 12.1145 -24.7116 13.1032 -24.8804 13.2204 -24.5216 11.9672 -24.7116 13.1032 -24.967 12.1145 -24.5216 11.9672 -24.5181 13.0338 -24.7116 13.1032 -24.4328 11.9256 -24.5181 13.0338 -24.5216 11.9672 -24.4328 11.9256 -24.3133 13.0167 -24.5181 13.0338 -24.4328 11.9256 -24.111 13.0533 -24.3133 13.0167 -23.9553 11.8753 -24.111 13.0533 -24.4328 11.9256 -23.9553 11.8753 -23.9251 13.141 -24.111 13.0533 -23.8595 11.8611 -23.9251 13.141 -23.9553 11.8753 -23.8595 11.8611 -23.7682 13.2738 -23.9251 13.141 -23.8595 11.8611 -23.651 13.4427 -23.7682 13.2738 -23.8595 11.8611 -23.5815 13.6361 -23.651 13.4427 -23.3815 11.9114 -23.5815 13.6361 -23.8595 11.8611 -23.5815 13.6361 -23.3815 11.9114 -23.5645 13.841 -23.2862 11.9256 -23.5645 13.841 -23.3815 11.9114 -21.3742 47.0991 -21.7987 2.89439 -21.2779 47.0991 -22.4464 2.909 -22.0054 47.1136 -22.4861 47.1136 -25.253 2.95742 -25.2035 47.162 -25.8313 2.95742 -25.442 47.1677 -25.979 2.96318 -25.3451 47.1677 -25.5878 2.94908 -25.0668 47.1537 -25.547 47.1537 -27.2859 3.01758 -27.1367 47.222 -27.8642 3.01758 -27.2823 47.2326 -27.9272 3.02843 -27.1843 47.2326 -27.641 2.99725 -27.0393 47.202 -27.5084 47.202 -27.4396 3.07394 -27.1825 47.2782 -28.0179 3.07394 -26.8992 47.2826 -27.6536 3.07868 -26.7998 47.2826 -28.4155 3.05488 -27.7182 47.2597 -28.1679 47.2597 -26.9194 3.10396 -26.5775 47.3081 -27.0066 47.3081 -25.4258 12.4143 -25.469 14.9755 -25.7234 12.7233 -25.7234 12.7233 -25.469 14.9755 -25.7778 14.6598 6.89724 2.61535 7.54274 46.8228 7.10117 46.8228 -4.51331 2.80142 -3.93505 2.80142 -3.67915 47.0057 -4.8097 47.0144 -4.89234 47.0144 -5.16231 2.81017 -25.9662 13.1651 -25.7778 14.6598 -25.8062 14.5822 -25.7778 12.8035 -25.7778 14.6598 -25.9662 13.1651 -25.7234 12.7233 -25.7778 14.6598 -25.7778 12.8035 -25.0735 47.3338 -25.5236 3.12975 -24.9766 47.3338 -23.7487 3.12911 -23.2662 47.3328 -23.674 47.3328 -22.1963 3.13739 -22.0998 47.341 -22.7746 3.13739 -21.3931 47.3335 -21.9818 3.13003 -21.2976 47.3335 -17.9547 3.08854 -17.3362 47.2916 -17.7314 47.2916 -25.9991 13.2548 -26.0093 14.1283 -26.0639 13.6447 -25.9991 13.2548 -25.9991 14.2157 -26.0093 14.1283 -25.9662 13.1651 -25.9991 14.2157 -25.9991 13.2548 -25.9662 13.1651 -25.8062 14.5822 -25.9991 14.2157 -1.19241 2.7772 -0.473195 46.9818 -0.88731 46.9818 -11.5063 2.96764 -10.9281 2.96764 -10.7005 47.1707 -11.0235 47.1732 -11.1115 47.1732 -11.3406 2.97016 -9.97151 2.95911 -9.26273 47.1622 -9.65984 47.1622 -17.7349 3.08506 -17.1566 3.08506 -17.0225 47.2881 -16.5693 47.2876 -16.6617 47.2876 -16.7973 3.08449 -26.0639 13.6447 -26.0093 14.1283 -26.0746 13.7366 -25.7036 3.12804 -25.7535 47.3323 -26.2819 3.12804 -21.4795 2.90072 -21.5304 47.1054 -22.0577 2.90072 -18.2334 2.87489 -17.8854 47.0794 -18.356 47.0794 -15.5674 47.0446 -15.8694 2.83975 -15.4708 47.0446 -16.3429 35.2427 -16.8024 2.85497 -16.2242 2.85497 -12.6122 47.0546 -13.0056 35.2377 -12.8435 2.85016 -8.80765 47.022 -8.976901 2.81729 -8.710591 47.022 -10.0605 36.7214 -10.4175 2.83144 -9.83925 2.83144 -2.16846 36.7685 -2.16019 47.083 -2.26036 47.083 -2.76757 2.87063 -3.62234 47.0745 -3.34582 2.87063 -5.63442 2.81992 -6.02589 47.0245 -6.45173 47.0245 4.46991 47.1308 4.98075 2.92746 4.56934 47.1308 4.51331 2.917 3.53173 47.1204 3.93505 2.917 2.24204 2.86542 1.68632 47.0693 1.28247 47.0693 10.6522 47.1992 11.2751 2.99616 10.7491 47.1992 11.5063 2.99174 10.4032 47.1948 10.9281 2.99174 11.841 47.2372 11.6355 48.812 11.6355 47.2372 18.0179 47.2372 17.8123 48.812 17.8123 47.2372 22.9738 47.2372 22.7683 48.812 22.7683 47.2372 26.3712 47.2372 26.1656 48.812 26.1656 47.2372 27.9784 47.2372 27.7728 48.812 27.7728 47.2372 27.6859 47.2372 27.4803 48.812 27.4803 47.2372 25.5137 47.2372 25.3081 48.812 25.3081 47.2372 21.6097 47.2372 21.4042 48.812 21.4042 47.2372 -24.3887 14.5897 -24.4329 15.5108 -24.591 14.5532 -24.591 14.5532 -24.4329 15.5108 -24.9037 15.3588 18.4833 46.6942 18.3975 35.4865 18.9781 46.6942 -24.591 14.5532 -24.9037 15.3588 -24.7769 14.4655 -24.7769 14.4655 -24.9037 15.3588 -24.9338 14.3327 -24.9338 14.3327 -24.9037 15.3588 -24.967 15.3291 -24.9338 14.3327 -24.967 15.3291 -25.051 14.1638 -25.051 14.1638 -24.967 15.3291 -25.3694 15.0881 -25.051 14.1638 -25.3694 15.0881 -25.1205 13.9703 -25.1205 13.9703 -25.3694 15.0881 -25.1375 13.7655 -11.6355 47.2372 -11.841 48.812 -11.841 47.2372 -17.8123 47.2372 -18.0179 48.812 -18.0179 47.2372 -22.7683 47.2372 -22.9738 48.812 -22.9738 47.2372 -26.1656 47.2372 -26.3712 48.812 -26.3712 47.2372 -27.7728 47.2372 -27.9784 48.812 -27.9784 47.2372 -27.4803 47.2372 -27.6859 48.812 -27.6859 47.2372 -25.3081 47.2372 -25.5137 48.812 -25.5137 47.2372 -21.4042 47.2372 -21.6097 48.812 -21.6097 47.2372 -16.0346 47.2372 -16.2401 48.812 -16.2401 47.2372 -9.56524 47.2372 -9.770791 48.812 -9.770791 47.2372 -2.43704 47.2372 -2.6426 48.812 -2.6426 47.2372 4.86424 47.2372 4.65868 48.812 4.65868 47.2372 -24.111 13.0533 -23.8215 14.3861 -24.8804 13.2204 16.2401 47.2372 16.0346 48.812 16.0346 47.2372 9.770791 47.2372 9.56524 48.812 9.56524 47.2372 2.6426 47.2372 2.43704 48.812 2.43704 47.2372 -4.65868 47.2372 -4.86424 48.812 -4.86424 47.2372 22.6553 46.7187 22.7007 49.8695 22.396 49.8695 25.8482 50.0399 25.8912 46.8891 25.8782 50.0399 24.7392 50.013 25.2582 46.8622 25.2857 50.013 27.5973 47.1184 27.6289 50.269 27.5977 50.269 26.3647 47.0353 26.8713 50.1859 26.3395 50.1859 27.1785 50.4435 27.1917 47.2933 27.2321 47.2933 27.1633 50.4458 27.1718 47.2956 27.1768 47.2956 27.1585 47.2935 27.1769 50.4438 27.143 50.4438 26.8542 47.1989 27.3213 50.3492 26.816 50.3492 27.3258 47.1972 26.8541 47.1972 27.3474 35.7151 27.2214 35.8131 27.1851 47.2951 27.1585 47.2951 27.1718 47.2972 27.209 35.8152 27.1768 47.2972 25.9088 47.3195 26.294 50.4696 25.8246 50.4696 24.4539 47.3477 24.4424 50.4975 24.4007 50.4975 22.7976 47.3546 23.1508 50.5044 22.7115 50.5044 20.8225 47.3259 20.8201 50.4756 20.7729 50.4756 17.2112 47.2898 17.5517 50.4394 17.1311 50.4394 16.1491 47.267 16.1611 50.4166 16.1085 50.4166 9.60018 47.1867 9.9508 50.3363 9.53204 50.3363 -11.1648 54.2249 -11.059 50.4768 -11.0112 50.4768 -9.64784 50.5343 -9.222431 50.5343 -9.80069 54.2824 -9.05452 54.7394 -9.46686 54.334 -8.88888 50.5859 -16.7883 54.4257 -16.6212 50.2722 -16.5686 50.2722 -17.731 50.2151 -17.3075 50.2151 -17.9495 54.3687 -17.7871 54.7363 -18.1995 54.3309 -17.5579 50.1773 -21.5844 54.5895 -21.3658 50.03 -21.3093 50.03 -23.6869 49.9438 -23.2501 49.9438 -23.9494 54.5041 25.7778 29.87 34.1073 38.5588 25.4258 30.3287 25.4258 30.3287 34.1073 38.5588 24.967 30.6808 24.967 30.6808 34.1073 38.5588 24.4328 30.902 24.4328 30.902 34.1073 38.5588 23.8595 30.9775 13.6348 38.5588 23.8595 30.9775 34.1073 38.5588 13.6348 38.5588 23.2862 30.902 23.8595 30.9775 13.6348 38.5588 22.7519 30.6808 23.2862 30.902 13.6348 38.5588 22.2932 30.3287 22.7519 30.6808 13.6348 38.5588 21.9412 29.87 22.2932 30.3287 13.6348 38.5588 21.7199 29.3358 21.9412 29.87 13.6348 38.5588 21.6444 28.7624 21.7199 29.3358 13.6348 38.5588 21.7199 28.1891 21.6444 28.7624 13.6348 38.5588 21.9412 27.6549 21.7199 28.1891 13.6348 20.0549 21.9412 27.6549 13.6348 38.5588 21.9412 27.6549 13.6348 20.0549 22.2932 27.1962 22.2932 27.1962 13.6348 20.0549 22.7519 26.8441 22.7519 26.8441 13.6348 20.0549 23.2862 26.6228 23.2862 26.6228 13.6348 20.0549 23.8595 26.5474 13.6348 20.0549 24.4328 26.6228 23.8595 26.5474 -20.0212 48.3831 -7.49368 62.0241 -20.5779 48.9398 34.1073 48.3691 13.6348 49.1565 13.6348 48.3691 -34.1073 20.0549 -13.6348 38.5588 -34.1073 38.5588 -13.6348 48.3691 -34.1073 49.1565 -34.1073 48.3691 20.0212 48.3831 20.5779 48.9398 7.49368 62.0241 22.7007 50.0516 22.7361 52.6926 22.1548 50.0516 -26.5711 49.8837 -26.824 55.1503 -27.0307 49.8837 24.0994 15.4597 24.0994 13.0339 24.4025 15.4287 25.5722 12.5574 25.7446 12.7364 25.7778 12.7854 25.7778 12.7854 25.9796 13.1728 24.0994 13.0339 25.9991 13.2258 26.0685 13.6435 24.0994 13.0339 26.0046 14.1153 25.9991 14.1629 25.7925 14.5554 26.0685 13.6435 26.0046 14.1153 24.0994 13.0339 25.5722 12.5574 25.7778 12.7854 24.0994 13.0339 24.4025 15.4287 24.0994 13.0339 24.4328 15.4241 24.9372 15.2613 24.4328 15.4241 24.0994 13.0339 25.398 14.9891 24.967 15.2473 25.447 14.9337 25.447 14.9337 25.4258 14.9651 25.398 14.9891 25.7925 14.5554 25.7778 14.5956 25.447 14.9337 26.0746 13.6957 26.0046 14.1153 26.0685 13.6435 24.0994 13.0339 25.9796 13.1728 25.9991 13.2258 24.967 15.2473 24.0994 13.0339 25.447 14.9337 26.0046 14.1153 25.7925 14.5554 24.0994 13.0339 24.967 15.2473 24.9372 15.2613 24.0994 13.0339 21.7133 13.2827 21.7199 13.2258 21.9203 12.8424 21.9203 12.8424 21.9412 12.7854 22.258 12.4571 22.258 12.4571 22.2932 12.4053 22.3391 12.3655 22.3391 12.3655 22.7519 12.1125 24.0994 13.0339 22.8076 12.0865 23.2862 11.928 24.0994 13.0339 23.3474 11.9188 23.8595 11.8649 24.0994 13.0339 23.9213 11.8741 24.4328 11.928 24.0994 13.0339 24.4899 11.9547 24.967 12.1125 24.0994 13.0339 25.0148 12.154 25.4258 12.4053 24.0994 13.0339 24.0994 13.0339 24.0994 15.4597 23.8298 15.4799 25.4258 12.4053 25.5722 12.5574 24.0994 13.0339 24.4328 11.928 24.4899 11.9547 24.0994 13.0339 23.2862 11.928 23.3474 11.9188 24.0994 13.0339 22.258 12.4571 22.3391 12.3655 24.0994 13.0339 21.7133 13.2827 21.9203 12.8424 24.0994 13.0339 21.6505 13.748 21.6444 13.6957 21.7133 13.2827 21.7361 14.2071 21.7199 14.1629 21.6505 13.748 21.9646 14.63 21.9412 14.5956 24.0994 13.0339 22.7264 15.2251 22.2932 14.9651 24.0994 13.0339 23.258 15.4109 22.7519 15.2473 22.7264 15.2251 23.8298 15.4799 23.2862 15.4241 23.258 15.4109 24.0994 15.4597 23.8595 15.4844 23.8298 15.4799 24.967 12.1125 25.0148 12.154 24.0994 13.0339 22.7519 12.1125 22.8076 12.0865 24.0994 13.0339 21.6505 13.748 21.7133 13.2827 24.0994 13.0339 21.9412 14.5956 21.7361 14.2071 24.0994 13.0339 23.258 15.4109 22.7264 15.2251 24.0994 13.0339 24.0994 13.0339 23.8298 15.4799 23.258 15.4109 23.8595 11.8649 23.9213 11.8741 24.0994 13.0339 21.7361 14.2071 21.6505 13.748 24.0994 13.0339 24.0994 13.0339 22.2932 14.9651 21.9646 14.63 10.6522 47.2125 10.7491 47.2125 10.6807 50.3621 1.28247 47.1284 1.68632 47.1284 1.6606 50.278 4.46991 47.1875 4.56934 47.1875 4.51356 50.3371 -6.45173 47.138 -6.02589 47.138 -6.03895 50.2876 -2.25349 47.1965 -2.15332 47.1965 -2.19824 50.3461 -8.777171 50.3352 -8.80765 47.1855 -8.710591 47.1855 -13.0708 50.3749 -13.0698 47.2253 -12.6178 47.2253 -15.5331 50.3751 -15.5674 47.2255 -15.4708 47.2255 -18.3553 50.4002 -18.356 47.2506 -17.8854 47.2506 -21.3395 50.3982 -21.3742 47.2486 -21.2779 47.2486 -22.4857 50.4042 -22.4861 47.2546 -22.0054 47.2546 -25.4081 50.3967 -25.442 47.2471 -25.3451 47.2471 -25.5472 50.3938 -25.547 47.2442 -25.0668 47.2442 -27.2483 50.3871 -27.2823 47.2375 -27.1843 47.2375 -27.5078 50.3846 -27.5084 47.235 -27.0393 47.235 -26.8618 50.3902 -26.8992 47.2406 -26.7998 47.2406 -28.1632 50.3931 -28.1679 47.2435 -27.7182 47.2435 -26.7822 50.4058 -27.0307 50.4058 -27.0066 47.2562 -27.0066 47.2562 -26.5775 47.2562 -26.7822 50.4058 -25.0735 47.2827 -24.9766 47.2827 -24.9993 50.4323 -23.6869 50.4318 -23.674 47.2821 -23.2662 47.2821 -21.3658 50.4495 -21.3931 47.2999 -21.2976 47.2999 -17.731 50.4222 -17.7314 47.2726 -17.3362 47.2726 -16.6212 50.4232 -16.6617 47.2736 -16.5693 47.2736 -9.64784 50.327 -9.65984 47.1774 -9.26273 47.1774 -11.059 50.3333 -11.1115 47.1837 -11.0235 47.1837 -0.870032 50.1539 -0.88731 47.0042 -0.473195 47.0042 -4.83203 50.1804 -4.89234 47.0307 -4.8097 47.0307 7.11563 49.9734 7.10117 46.8234 7.54274 46.8234 1.90302 49.9931 1.84169 46.8432 1.91872 46.8432 9.36961 49.8816 9.28309 46.7315 9.35773 46.7315 13.583 49.7969 13.541 46.6466 14.01 46.6466 16.116 49.799 16.0443 46.6485 16.1142 46.6485 18.9785 46.6378 19.0404 49.7885 18.5104 49.7885 21.8874 46.7043 21.9001 49.8551 21.8694 49.8551 -16.3429 35.2427 -16.3857 47.0597 -16.8024 2.85497 -12.6122 47.0546 -13.0642 47.0546 -13.0056 35.2377 -10.0605 36.7214 -10.1282 47.036 -10.4175 2.83144 -2.16846 36.7685 -1.86781 2.8792 -2.16019 47.083 11.841 47.2372 11.841 48.812 11.6355 48.812 18.0179 47.2372 18.0179 48.812 17.8123 48.812 22.9738 47.2372 22.9738 48.812 22.7683 48.812 26.3712 47.2372 26.3712 48.812 26.1656 48.812 27.9784 47.2372 27.9784 48.812 27.7728 48.812 27.6859 47.2372 27.6859 48.812 27.4803 48.812 25.5137 47.2372 25.5137 48.812 25.3081 48.812 21.6097 47.2372 21.6097 48.812 21.4042 48.812 -11.6355 47.2372 -11.6355 48.812 -11.841 48.812 -17.8123 47.2372 -17.8123 48.812 -18.0179 48.812 -22.7683 47.2372 -22.7683 48.812 -22.9738 48.812 -26.1656 47.2372 -26.1656 48.812 -26.3712 48.812 -27.7728 47.2372 -27.7728 48.812 -27.9784 48.812 -27.4803 47.2372 -27.4803 48.812 -27.6859 48.812 -25.3081 47.2372 -25.3081 48.812 -25.5137 48.812 -21.4042 47.2372 -21.4042 48.812 -21.6097 48.812 -16.0346 47.2372 -16.0346 48.812 -16.2401 48.812 -9.56524 47.2372 -9.56524 48.812 -9.770791 48.812 -2.43704 47.2372 -2.43704 48.812 -2.6426 48.812 4.86424 47.2372 4.86424 48.812 4.65868 48.812 -25.1205 13.9703 -25.1375 13.7655 -25.1009 13.5632 -25.1009 13.5632 -25.0132 13.3773 -24.8804 13.2204 -24.8804 13.2204 -24.7116 13.1032 -24.5181 13.0338 -24.5181 13.0338 -24.3133 13.0167 -24.111 13.0533 -24.111 13.0533 -23.9251 13.141 -23.5815 13.6361 -23.7682 13.2738 -23.651 13.4427 -23.5815 13.6361 -23.5815 13.6361 -23.5645 13.841 -23.6011 14.0432 -23.6011 14.0432 -23.6887 14.2292 -23.8215 14.3861 -23.8215 14.3861 -23.9904 14.5032 -24.591 14.5532 -24.1839 14.5727 -24.3887 14.5897 -24.591 14.5532 -24.591 14.5532 -24.7769 14.4655 -24.9338 14.3327 -24.9338 14.3327 -25.051 14.1638 -25.1205 13.9703 -25.1205 13.9703 -25.1009 13.5632 -24.8804 13.2204 -24.8804 13.2204 -24.5181 13.0338 -24.111 13.0533 -23.9251 13.141 -23.7682 13.2738 -23.5815 13.6361 -23.5815 13.6361 -23.6011 14.0432 -24.111 13.0533 -23.9904 14.5032 -24.1839 14.5727 -24.591 14.5532 -24.591 14.5532 -24.9338 14.3327 -23.8215 14.3861 -25.1205 13.9703 -24.8804 13.2204 -23.8215 14.3861 -24.111 13.0533 -23.6011 14.0432 -23.8215 14.3861 -23.8215 14.3861 -24.9338 14.3327 -25.1205 13.9703 16.2401 47.2372 16.2401 48.812 16.0346 48.812 9.770791 47.2372 9.770791 48.812 9.56524 48.812 2.6426 47.2372 2.6426 48.812 2.43704 48.812 -4.65868 47.2372 -4.65868 48.812 -4.86424 48.812 22.396 49.8695 22.1548 49.8695 22.1458 46.7187 22.1458 46.7187 22.6553 46.7187 22.396 49.8695 25.8482 50.0399 25.8247 46.8891 25.8912 46.8891 24.7392 50.013 24.7481 46.8622 25.2582 46.8622 27.5973 47.1184 27.6656 47.1184 27.6289 50.269 26.3647 47.0353 26.8611 47.0353 26.8713 50.1859 27.1585 47.2935 27.1851 47.2935 27.1769 50.4438 26.8542 47.1989 27.3258 47.1989 27.3213 50.3492 25.9088 47.3195 26.3469 47.3195 26.294 50.4696 24.4539 47.3477 24.5344 47.3477 24.4424 50.4975 22.7976 47.3546 23.2076 47.3546 23.1508 50.5044 20.8225 47.3259 20.9093 47.3259 20.8201 50.4756 17.2112 47.2898 17.6039 47.2898 17.5517 50.4394 16.1491 47.267 16.2415 47.267 16.1611 50.4166 9.60018 47.1867 9.99109 47.1867 9.9508 50.3363 -20.0212 48.3831 -6.9369 61.4673 -7.49368 62.0241 34.1073 48.3691 34.1073 49.1565 13.6348 49.1565 -34.1073 20.0549 -13.6348 20.0549 -13.6348 38.5588 -13.6348 48.3691 -13.6348 49.1565 -34.1073 49.1565</float_array>
          <technique_common>
            <accessor source="#Mesh2_Group1_Model-mesh-map-0-array" count="1464" stride="2">
              <param name="S" type="float"/>
              <param name="T" type="float"/>
            </accessor>
          </technique_common>
        </source>
        <vertices id="Mesh2_Group1_Model-mesh-vertices">
          <input semantic="POSITION" source="#Mesh2_Group1_Model-mesh-positions"/>
        </vertices>
        <polylist material="Color_C06-material" count="38">
          <input semantic="VERTEX" source="#Mesh2_Group1_Model-mesh-vertices" offset="0"/>
          <input semantic="NORMAL" source="#Mesh2_Group1_Model-mesh-normals" offset="1"/>
          <input semantic="TEXCOORD" source="#Mesh2_Group1_Model-mesh-map-0" offset="2" set="0"/>
          <vcount>3 3 3 3 3 3 3 3 3 3 3 3 3 3 3 3 3 3 3 3 3 3 3 3 3 3 3 3 3 3 3 3 3 3 3 3 3 3 </vcount>
          <p>1 0 0 3 1 1 0 2 2 4 3 3 1 4 4 0 5 5 5 6 6 1 4 7 4 3 8 6 7 9 1 4 10 5 6 11 1 4 12 6 7 13 7 8 14 7 8 15 6 7 16 8 9 17 63 67 177 0 5 178 61 68 179 64 69 180 0 5 181 63 67 182 65 70 183 0 5 184 64 69 185 4 3 186 0 5 187 65 70 188 61 68 933 0 5 934 58 363 935 58 363 936 0 5 937 55 364 938 55 364 939 0 5 940 52 365 941 52 365 942 0 5 943 49 366 944 206 367 945 49 366 946 0 5 947 206 367 948 46 368 949 49 366 950 206 367 951 43 369 952 46 368 953 206 367 954 39 370 955 43 369 956 206 367 957 36 371 958 39 370 959 206 367 960 33 372 961 36 371 962 206 367 963 30 373 964 33 372 965 206 367 966 27 374 967 30 373 968 206 367 969 24 375 970 27 374 971 7 8 972 24 375 973 206 367 974 24 375 975 7 8 976 22 376 977 22 376 978 7 8 979 19 377 980 19 377 981 7 8 982 16 378 983 16 378 984 7 8 985 13 379 986 7 8 987 8 9 988 13 379 989 7 380 990 207 381 991 208 382 992 0 383 993 207 384 994 206 385 995 2 386 996 207 386 997 3 387 998 7 388 999 2 389 1000 1 388 1001 1 0 1002 2 390 1003 3 1 1004 7 380 1452 206 434 1453 207 381 1454 0 383 1455 3 384 1456 207 384 1457 2 386 1458 208 435 1459 207 386 1460 7 388 1461 208 436 1462 2 389 1463</p>
        </polylist>
        <polylist material="FrontColor-material" count="450">
          <input semantic="VERTEX" source="#Mesh2_Group1_Model-mesh-vertices" offset="0"/>
          <input semantic="NORMAL" source="#Mesh2_Group1_Model-mesh-normals" offset="1"/>
          <input semantic="TEXCOORD" source="#Mesh2_Group1_Model-mesh-map-0" offset="2" set="0"/>
          <vcount>3 3 3 3 3 3 3 3 3 3 3 3 3 3 3 3 3 3 3 3 3 3 3 3 3 3 3 3 3 3 3 3 3 3 3 3 3 3 3 3 3 3 3 3 3 3 3 3 3 3 3 3 3 3 3 3 3 3 3 3 3 3 3 3 3 3 3 3 3 3 3 3 3 3 3 3 3 3 3 3 3 3 3 3 3 3 3 3 3 3 3 3 3 3 3 3 3 3 3 3 3 3 3 3 3 3 3 3 3 3 3 3 3 3 3 3 3 3 3 3 3 3 3 3 3 3 3 3 3 3 3 3 3 3 3 3 3 3 3 3 3 3 3 3 3 3 3 3 3 3 3 3 3 3 3 3 3 3 3 3 3 3 3 3 3 3 3 3 3 3 3 3 3 3 3 3 3 3 3 3 3 3 3 3 3 3 3 3 3 3 3 3 3 3 3 3 3 3 3 3 3 3 3 3 3 3 3 3 3 3 3 3 3 3 3 3 3 3 3 3 3 3 3 3 3 3 3 3 3 3 3 3 3 3 3 3 3 3 3 3 3 3 3 3 3 3 3 3 3 3 3 3 3 3 3 3 3 3 3 3 3 3 3 3 3 3 3 3 3 3 3 3 3 3 3 3 3 3 3 3 3 3 3 3 3 3 3 3 3 3 3 3 3 3 3 3 3 3 3 3 3 3 3 3 3 3 3 3 3 3 3 3 3 3 3 3 3 3 3 3 3 3 3 3 3 3 3 3 3 3 3 3 3 3 3 3 3 3 3 3 3 3 3 3 3 3 3 3 3 3 3 3 3 3 3 3 3 3 3 3 3 3 3 3 3 3 3 3 3 3 3 3 3 3 3 3 3 3 3 3 3 3 3 3 3 3 3 3 3 3 3 3 3 3 3 3 3 3 3 3 3 3 3 3 3 3 3 3 3 3 3 3 3 3 3 3 3 3 3 3 3 3 3 3 3 3 3 3 3 3 3 3 3 3 3 3 3 3 3 3 3 3 3 3 3 3 3 3 3 3 </vcount>
          <p>8 10 18 9 11 19 6 12 20 8 10 21 10 13 22 9 11 23 10 13 24 11 14 25 12 15 26 13 16 27 11 14 28 8 10 29 13 16 30 14 17 31 11 14 32 14 17 33 13 16 34 15 18 35 16 19 36 15 18 37 13 16 38 16 19 39 17 20 40 15 18 41 17 20 42 16 19 43 18 21 44 19 22 45 18 21 46 16 19 47 19 22 48 20 23 49 18 21 50 20 23 51 19 22 52 21 24 53 22 25 54 21 24 55 19 22 56 21 24 57 22 25 58 23 26 59 24 27 60 23 26 61 22 25 62 24 27 63 25 28 64 23 26 65 25 28 66 24 27 67 26 29 68 27 30 69 26 29 70 24 27 71 27 30 72 28 31 73 26 29 74 28 31 75 27 30 76 29 32 77 30 33 78 29 32 79 27 30 80 30 33 81 31 34 82 29 32 83 31 34 84 30 33 85 32 35 86 33 36 87 32 35 88 30 33 89 33 36 90 34 37 91 32 35 92 34 37 93 33 36 94 35 38 95 36 39 96 35 38 97 33 36 98 36 39 99 37 40 100 35 38 101 37 40 102 36 39 103 38 41 104 39 42 105 38 41 106 36 39 107 39 42 108 40 43 109 38 41 110 39 42 111 41 44 112 40 43 113 41 44 114 39 42 115 42 45 116 43 46 117 42 45 118 39 42 119 43 46 120 44 47 121 42 45 122 44 47 123 43 46 124 45 48 125 46 49 126 45 48 127 43 46 128 46 49 129 47 50 130 45 48 131 47 50 132 46 49 133 48 51 134 49 52 135 48 51 136 46 49 137 49 52 138 50 53 139 48 51 140 50 53 141 49 52 142 51 54 143 52 55 144 51 54 145 49 52 146 52 55 147 53 56 148 51 54 149 53 56 150 52 55 151 54 57 152 55 58 153 54 57 154 52 55 155 55 58 156 56 59 157 54 57 158 56 59 159 55 58 160 57 60 161 58 61 162 57 60 163 55 58 164 57 60 165 59 62 166 60 63 167 61 64 168 59 62 169 58 61 170 61 64 171 62 65 172 59 62 173 61 64 174 63 66 175 62 65 176 65 71 189 4 72 190 66 73 191 67 74 192 66 73 193 4 72 194 67 63 195 75 75 196 68 76 197 38 63 198 68 76 199 35 77 200 80 78 201 32 79 202 34 80 203 82 81 204 34 80 205 35 82 206 83 83 207 35 82 208 37 84 209 84 85 210 37 84 211 38 86 212 85 87 213 38 86 214 40 88 215 41 89 216 85 87 217 40 88 218 42 90 219 86 91 220 41 89 221 44 92 222 87 93 223 42 90 224 45 94 225 88 95 226 44 92 227 47 96 228 89 97 229 45 94 230 48 98 231 90 99 232 47 96 233 50 100 234 91 101 235 48 98 236 51 102 237 92 103 238 50 100 239 53 104 240 93 105 241 51 102 242 54 106 243 94 107 244 53 104 245 56 108 246 95 109 247 54 106 248 57 110 249 96 111 250 56 108 251 97 112 252 57 110 253 60 113 254 99 114 255 59 115 256 62 116 257 69 117 258 99 114 259 62 116 260 70 118 261 100 119 262 69 117 263 71 120 264 101 121 265 70 118 266 72 122 267 102 123 268 71 120 269 73 124 270 103 125 271 72 122 272 66 126 273 104 127 274 73 124 275 67 128 276 105 129 277 66 126 278 74 130 279 106 131 280 67 128 281 75 132 282 107 133 283 74 130 284 76 134 285 108 135 286 75 132 287 77 136 288 109 137 289 76 134 290 78 138 291 110 139 292 77 136 293 79 140 294 111 141 295 78 138 296 112 142 297 9 143 298 113 144 299 79 145 300 6 12 301 9 11 302 6 12 303 79 145 304 78 146 305 6 12 306 78 146 307 5 147 308 77 148 309 5 147 310 78 146 311 5 147 312 77 148 313 76 149 314 5 147 315 76 149 316 75 150 317 5 147 318 75 150 319 4 72 320 74 151 321 4 72 322 75 150 323 4 72 324 74 151 325 67 74 326 113 144 327 10 152 328 114 153 329 113 154 330 114 155 331 115 156 332 116 157 333 114 158 334 113 159 335 117 160 336 114 158 337 116 157 338 118 159 339 114 158 340 117 160 341 118 159 342 119 159 343 114 158 344 120 161 345 119 159 346 118 159 347 120 161 348 121 162 349 119 159 350 122 163 351 121 162 352 120 161 353 123 164 354 121 162 355 122 163 356 124 165 357 121 162 358 123 164 359 89 159 360 121 162 361 124 165 362 89 159 363 125 159 364 121 162 365 89 159 366 126 159 367 125 159 368 88 159 369 126 159 370 89 159 371 88 159 372 127 159 373 126 159 374 87 166 375 127 159 376 88 159 377 87 166 378 128 167 379 127 159 380 87 166 381 129 168 382 128 167 383 87 166 384 130 169 385 129 168 386 86 170 387 130 169 388 87 166 389 85 159 390 130 169 391 86 170 392 85 159 393 131 159 394 130 169 395 84 171 396 131 159 397 85 159 398 84 171 399 132 172 400 131 159 401 84 171 402 133 173 403 132 172 404 83 159 405 133 173 406 84 171 407 82 159 408 133 173 409 83 159 410 82 159 411 134 159 412 133 173 413 80 159 414 134 159 415 82 159 416 80 159 417 135 159 418 134 159 419 81 174 420 135 159 421 80 159 422 81 174 423 136 175 424 135 159 425 136 175 426 81 174 427 137 176 428 138 177 429 137 178 430 81 179 431 137 178 432 138 177 433 136 180 434 139 181 435 136 180 436 138 177 437 139 181 438 135 182 439 136 180 440 135 182 441 139 181 442 134 183 443 140 184 444 134 183 445 139 181 446 140 184 447 133 185 448 134 183 449 133 185 450 140 184 451 132 186 452 141 187 453 132 186 454 140 184 455 141 187 456 131 188 457 132 186 458 141 187 459 142 189 460 131 188 461 141 187 462 128 190 463 142 189 464 128 190 465 141 187 466 127 191 467 143 192 468 127 191 469 141 187 470 143 192 471 126 193 472 127 191 473 126 193 474 143 192 475 125 194 476 144 195 477 125 194 478 143 192 479 144 195 480 121 196 481 125 194 482 121 196 483 144 195 484 119 197 485 145 198 486 119 197 487 144 195 488 145 198 489 114 155 490 119 197 491 114 155 492 145 198 493 115 156 494 146 199 495 115 156 496 145 198 497 146 199 498 112 200 499 115 156 500 112 200 501 146 199 502 111 201 503 147 202 504 111 201 505 146 199 506 147 202 507 110 203 508 111 201 509 110 203 510 147 202 511 109 204 512 148 205 513 109 204 514 147 202 515 148 205 516 149 206 517 109 204 518 108 207 519 109 204 520 149 206 521 97 208 522 109 159 523 108 159 524 97 208 525 110 209 526 109 159 527 97 208 528 150 210 529 110 209 530 97 208 531 151 211 532 150 210 533 96 159 534 151 211 535 97 208 536 96 159 537 152 159 538 151 211 539 95 212 540 152 159 541 96 159 542 95 212 543 153 213 544 152 159 545 95 212 546 154 214 547 153 213 548 94 215 549 154 214 550 95 212 551 94 215 552 155 216 553 154 214 554 93 217 555 155 216 556 94 215 557 93 217 558 156 159 559 155 216 560 93 217 561 157 218 562 156 159 563 92 219 564 157 218 565 93 217 566 92 219 567 158 220 568 157 218 569 91 221 570 158 220 571 92 219 572 91 221 573 159 159 574 158 220 575 91 221 576 160 222 577 159 159 578 91 221 579 161 223 580 160 222 581 90 224 582 161 223 583 91 221 584 161 223 585 90 224 586 124 165 587 89 159 588 124 165 589 90 224 590 90 225 591 162 226 592 89 227 593 162 226 594 90 225 595 91 228 596 162 226 597 91 228 598 163 229 599 92 230 600 163 229 601 91 228 602 163 229 603 92 230 604 93 231 605 163 229 606 93 231 607 164 232 608 94 233 609 164 232 610 93 231 611 164 232 612 94 233 613 95 234 614 164 232 615 95 234 616 165 235 617 96 236 618 165 235 619 95 234 620 165 235 621 96 236 622 97 237 623 165 235 624 97 237 625 98 238 626 97 208 627 108 159 628 98 159 629 98 159 630 108 159 631 107 239 632 149 206 633 107 240 634 108 207 635 149 206 636 166 241 637 107 240 638 106 242 639 107 240 640 166 241 641 100 243 642 107 239 643 106 244 644 99 159 645 107 239 646 100 243 647 98 159 648 107 239 649 99 159 650 99 245 651 167 246 652 98 238 653 167 246 654 99 245 655 100 247 656 167 246 657 100 247 658 168 248 659 101 249 660 168 248 661 100 247 662 168 248 663 101 249 664 102 250 665 101 251 666 104 252 667 102 253 668 101 251 669 105 159 670 104 252 671 100 243 672 105 159 673 101 251 674 100 243 675 106 244 676 105 159 677 166 241 678 105 254 679 106 242 680 166 241 681 169 255 682 105 254 683 104 256 684 105 254 685 169 255 686 169 255 687 103 257 688 104 256 689 169 255 690 168 248 691 103 257 692 102 250 693 103 257 694 168 248 695 102 253 696 104 252 697 103 159 698 165 235 699 98 238 700 167 246 701 170 258 702 89 227 703 162 226 704 170 258 705 88 259 706 89 227 707 88 259 708 170 258 709 87 260 710 172 261 711 170 258 712 171 262 713 86 263 714 172 261 715 171 262 716 86 263 717 171 262 718 85 264 719 174 265 720 171 262 721 173 266 722 174 265 723 84 267 724 85 264 725 175 268 726 84 267 727 173 266 728 175 268 729 83 269 730 84 267 731 83 269 732 175 268 733 82 270 734 176 271 735 82 270 736 175 268 737 176 271 738 80 272 739 82 270 740 80 272 741 176 271 742 81 179 743 138 177 744 81 179 745 176 271 746 124 273 747 178 274 748 161 275 749 123 276 750 177 277 751 124 273 752 122 278 753 179 279 754 123 276 755 120 280 756 180 278 757 122 278 758 118 281 759 181 282 760 120 280 761 117 283 762 182 284 763 118 281 764 116 285 765 183 286 766 117 283 767 185 287 768 184 288 769 116 285 770 116 157 771 113 159 772 185 289 773 185 289 774 113 159 775 112 290 776 113 154 777 115 156 778 112 200 779 185 289 780 112 290 781 187 291 782 187 291 783 112 290 784 188 159 785 188 159 786 112 290 787 111 159 788 188 159 789 111 159 790 189 292 791 189 292 792 111 159 793 110 209 794 189 292 795 110 209 796 190 293 797 190 293 798 110 209 799 150 210 800 150 294 801 192 295 802 190 296 803 151 297 804 191 298 805 150 294 806 152 299 807 193 300 808 151 297 809 153 301 810 194 302 811 152 299 812 154 303 813 195 304 814 153 301 815 155 305 816 196 303 817 154 303 818 156 306 819 197 307 820 155 305 821 157 308 822 198 309 823 156 306 824 158 310 825 199 311 826 157 308 827 159 312 828 200 313 829 158 310 830 160 314 831 201 315 832 159 312 833 161 275 834 202 316 835 160 314 836 199 159 837 181 317 838 195 318 839 187 319 840 186 320 841 185 287 842 188 321 843 203 322 844 187 319 845 189 323 846 204 324 847 188 321 848 190 296 849 205 325 850 189 323 851 114 153 852 10 152 853 12 326 854 14 327 855 119 328 856 11 329 857 15 330 858 121 331 859 14 327 860 126 332 861 15 330 862 17 333 863 127 334 864 17 333 865 18 335 866 18 335 867 128 336 868 127 334 869 18 335 870 129 337 871 128 336 872 130 338 873 18 335 874 20 339 875 131 340 876 20 339 877 21 341 878 130 342 879 131 188 880 142 189 881 142 189 882 129 343 883 130 342 884 129 343 885 142 189 886 128 190 887 132 344 888 21 341 889 23 345 890 133 346 891 23 345 892 25 347 893 134 348 894 25 347 895 26 349 896 135 350 897 26 349 898 28 351 899 136 352 900 28 351 901 29 353 902 137 354 903 29 353 904 31 355 905 81 356 906 31 355 907 32 79 908 65 71 909 66 73 910 73 357 911 73 357 912 72 358 913 65 71 914 64 359 915 65 71 916 72 358 917 64 359 918 72 358 919 71 360 920 71 360 921 70 361 922 64 359 923 63 66 924 64 359 925 70 361 926 63 66 927 70 361 928 69 362 929 69 362 930 62 65 931 63 66 932 10 13 1005 8 10 1006 11 14 1007 57 60 1008 58 61 1009 59 62 1010 12 391 1011 68 76 1012 10 392 1013 60 393 1014 59 63 1015 62 394 1016 62 394 1017 69 395 1018 68 76 1019 70 396 1020 71 397 1021 68 76 1022 73 398 1023 66 63 1024 67 63 1025 71 397 1026 73 398 1027 68 76 1028 60 393 1029 62 394 1030 68 76 1031 10 392 1032 68 76 1033 9 399 1034 79 400 1035 9 399 1036 68 76 1037 77 401 1038 78 402 1039 75 75 1040 75 75 1041 76 403 1042 77 401 1043 67 63 1044 74 63 1045 75 75 1046 72 63 1047 73 398 1048 71 397 1049 68 76 1050 69 395 1051 70 396 1052 78 402 1053 68 76 1054 75 75 1055 73 398 1056 67 63 1057 68 76 1058 78 402 1059 79 400 1060 68 76 1061 32 404 1062 34 63 1063 35 77 1064 35 77 1065 37 63 1066 38 63 1067 38 63 1068 40 63 1069 41 63 1070 41 63 1071 42 63 1072 68 76 1073 44 63 1074 45 63 1075 68 76 1076 47 405 1077 48 406 1078 68 76 1079 50 407 1080 51 408 1081 68 76 1082 53 63 1083 54 63 1084 68 76 1085 56 63 1086 57 63 1087 68 76 1088 68 76 1089 12 391 1090 14 409 1091 57 63 1092 60 393 1093 68 76 1094 51 408 1095 53 63 1096 68 76 1097 45 63 1098 47 405 1099 68 76 1100 38 63 1101 41 63 1102 68 76 1103 32 404 1104 35 77 1105 68 76 1106 29 410 1107 31 63 1108 32 404 1109 26 411 1110 28 412 1111 29 410 1112 23 413 1113 25 63 1114 68 76 1115 20 414 1116 21 415 1117 68 76 1118 17 416 1119 18 417 1120 20 414 1121 14 409 1122 15 418 1123 17 416 1124 12 391 1125 11 419 1126 14 409 1127 54 63 1128 56 63 1129 68 76 1130 42 63 1131 44 63 1132 68 76 1133 29 410 1134 32 404 1135 68 76 1136 25 63 1137 26 411 1138 68 76 1139 17 416 1140 20 414 1141 68 76 1142 68 76 1143 14 409 1144 17 416 1145 48 406 1146 50 407 1147 68 76 1148 26 411 1149 29 410 1150 68 76 1151 68 76 1152 21 415 1153 23 413 1154 80 78 1155 81 356 1156 32 79 1157 82 81 1158 80 78 1159 34 80 1160 83 83 1161 82 81 1162 35 82 1163 84 85 1164 83 83 1165 37 84 1166 85 87 1167 84 85 1168 38 86 1169 41 89 1170 86 91 1171 85 87 1172 42 90 1173 87 93 1174 86 91 1175 44 92 1176 88 95 1177 87 93 1178 45 94 1179 89 97 1180 88 95 1181 47 96 1182 90 99 1183 89 97 1184 48 98 1185 91 101 1186 90 99 1187 50 100 1188 92 103 1189 91 101 1190 51 102 1191 93 105 1192 92 103 1193 53 104 1194 94 107 1195 93 105 1196 54 106 1197 95 109 1198 94 107 1199 56 108 1200 96 111 1201 95 109 1202 57 110 1203 97 112 1204 96 111 1205 60 113 1206 59 115 1207 98 420 1208 98 420 1209 97 112 1210 60 113 1211 99 114 1212 98 420 1213 59 115 1214 69 117 1215 100 119 1216 99 114 1217 70 118 1218 101 121 1219 100 119 1220 71 120 1221 102 123 1222 101 121 1223 72 122 1224 103 125 1225 102 123 1226 73 124 1227 104 127 1228 103 125 1229 66 126 1230 105 129 1231 104 127 1232 67 128 1233 106 131 1234 105 129 1235 74 130 1236 107 133 1237 106 131 1238 75 132 1239 108 135 1240 107 133 1241 76 134 1242 109 137 1243 108 135 1244 77 136 1245 110 139 1246 109 137 1247 78 138 1248 111 141 1249 110 139 1250 79 140 1251 112 142 1252 111 141 1253 112 142 1254 79 140 1255 9 143 1256 113 144 1257 9 143 1258 10 152 1259 172 261 1260 87 260 1261 170 258 1262 86 263 1263 87 260 1264 172 261 1265 174 265 1266 85 264 1267 171 262 1268 174 265 1269 173 266 1270 84 267 1271 124 273 1272 177 277 1273 178 274 1274 123 276 1275 179 279 1276 177 277 1277 122 278 1278 180 278 1279 179 279 1280 120 280 1281 181 282 1282 180 278 1283 118 281 1284 182 284 1285 181 282 1286 117 283 1287 183 286 1288 182 284 1289 116 285 1290 184 288 1291 183 286 1292 185 287 1293 186 320 1294 184 288 1295 150 294 1296 191 298 1297 192 295 1298 151 297 1299 193 300 1300 191 298 1301 152 299 1302 194 302 1303 193 300 1304 153 301 1305 195 304 1306 194 302 1307 154 303 1308 196 303 1309 195 304 1310 155 305 1311 197 307 1312 196 303 1313 156 306 1314 198 309 1315 197 307 1316 157 308 1317 199 311 1318 198 309 1319 158 310 1320 200 313 1321 199 311 1322 159 312 1323 201 315 1324 200 313 1325 160 314 1326 202 316 1327 201 315 1328 161 275 1329 178 274 1330 202 316 1331 192 421 1332 191 159 1333 193 159 1334 193 159 1335 194 159 1336 195 318 1337 195 318 1338 196 159 1339 197 159 1340 197 159 1341 198 159 1342 199 159 1343 199 159 1344 200 422 1345 178 423 1346 201 424 1347 202 425 1348 178 423 1349 178 423 1350 177 159 1351 179 159 1352 179 159 1353 180 159 1354 181 317 1355 181 317 1356 182 426 1357 186 427 1358 183 428 1359 184 429 1360 186 427 1361 186 427 1362 203 430 1363 204 431 1364 204 431 1365 205 432 1366 192 421 1367 192 421 1368 193 159 1369 195 318 1370 195 318 1371 197 159 1372 199 159 1373 200 422 1374 201 424 1375 178 423 1376 178 423 1377 179 159 1378 199 159 1379 182 426 1380 183 428 1381 186 427 1382 186 427 1383 204 431 1384 181 317 1385 192 421 1386 195 318 1387 181 317 1388 199 159 1389 179 159 1390 181 317 1391 181 317 1392 204 431 1393 192 421 1394 187 319 1395 203 322 1396 186 320 1397 188 321 1398 204 324 1399 203 322 1400 189 323 1401 205 325 1402 204 324 1403 190 296 1404 192 295 1405 205 325 1406 12 326 1407 11 329 1408 119 328 1409 119 328 1410 114 153 1411 12 326 1412 14 327 1413 121 331 1414 119 328 1415 15 330 1416 125 433 1417 121 331 1418 126 332 1419 125 433 1420 15 330 1421 127 334 1422 126 332 1423 17 333 1424 130 338 1425 129 337 1426 18 335 1427 131 340 1428 130 338 1429 20 339 1430 132 344 1431 131 340 1432 21 341 1433 133 346 1434 132 344 1435 23 345 1436 134 348 1437 133 346 1438 25 347 1439 135 350 1440 134 348 1441 26 349 1442 136 352 1443 135 350 1444 28 351 1445 137 354 1446 136 352 1447 29 353 1448 81 356 1449 137 354 1450 31 355 1451</p>
        </polylist>
      </mesh>
    </geometry>
    <geometry id="Mesh4_Group1_Model-mesh" name="Mesh4 Group1 Model">
      <mesh>
        <source id="Mesh4_Group1_Model-mesh-positions">
          <float_array id="Mesh4_Group1_Model-mesh-positions-array" count="153">-0.004517912 -0.006769478 -0.634182 -0.01113158 -0.006721973 -0.638376 -0.02616435 0.944204 0.04990625 -0.0217759 -0.006644308 -0.658721 -0.02006494 -0.006657183 -0.651078 -0.01643437 -0.006683707 -0.644139 0.002955794 -0.006822884 -0.631843 0.01078039 -0.006878554 -0.631517 0.0184226 -0.006932795 -0.633228 0.02536159 -0.006981849 -0.636859 0.03112447 -0.007022321 -0.642162 0.03531849 -0.007051527 -0.648776 0.03765785 -0.007067441 -0.65625 0.03798317 -0.007068991 -0.664074 0.03627228 -0.007056117 -0.671717 0.03264164 -0.007029592 -0.678656 0.02733886 -0.006991326 -0.684419 0.02072525 -0.00694406 -0.688613 0.01325148 -0.006890654 -0.690953 0.005426824 -0.006834685 -0.691278 -0.002215266 -0.006780505 -0.689567 -0.00915426 -0.00673145 -0.685936 -0.01491719 -0.006690979 -0.680633 -0.01911115 -0.006661772 -0.67402 -0.02145057 -0.006645858 -0.666546 -0.04350709 0.958139 0.0297811 -0.04320967 0.962682 0.02340847 -0.04089725 0.967055 0.0173372 -0.03942698 0.901173 -0.0294404 -0.03672736 0.970961 0.01198107 -0.03098428 0.974134 0.007704973 -0.02405929 0.976357 0.004800438 -0.01642429 0.977478 0.003465354 -0.008599638 0.977422 0.003790676 -0.001118659 0.976193 0.005754232 0.005508899 0.973873 0.009222269 0.007319092 0.908161 -0.03686028 0.01083147 0.970621 0.01395839 0.01448619 0.966659 0.01963984 0.01622408 0.962257 0.02587956 0.01592665 0.957715 0.03225207 0.01361417 0.953341 0.0383234 0.009444355 0.949435 0.04367947 0.00370121 0.946263 0.04795557 -0.003218173 0.943883 0.05074685 -0.01085877 0.942918 0.05219525 -0.01868337 0.942974 0.05186986 -0.003223776 0.94404 0.05086004 -0.04176926 0.953737 0.03602069 -0.03811448 0.949775 0.04170215 -0.03279197 0.946523 0.04643827</float_array>
          <technique_common>
            <accessor source="#Mesh4_Group1_Model-mesh-positions-array" count="51" stride="3">
              <param name="X" type="float"/>
              <param name="Y" type="float"/>
              <param name="Z" type="float"/>
            </accessor>
          </technique_common>
        </source>
        <source id="Mesh4_Group1_Model-mesh-normals">
          <float_array id="Mesh4_Group1_Model-mesh-normals-array" count="225">0.3357882 0.555166 -0.7609448 0.6012942 0.4751356 -0.6424107 0.4311255 0.5331455 -0.7279332 0.007115602 0.9999748 9.63931e-5 0.007117271 0.9999747 8.72474e-5 0.007115244 0.9999748 9.67357e-5 0.992406 0.08547878 -0.08845275 0.98775 0.1048816 -0.1155415 0.9354664 0.2192783 -0.2771635 0.9856068 -0.08278918 0.1473946 0.9660848 -0.1348487 0.2202182 0.9198788 -0.2132782 0.3291436 0.9122974 -0.2233336 0.343272 0.8657108 -0.2765886 0.4171853 0.7778317 -0.3518231 0.5207672 0.6961617 -0.4044077 0.5931385 0.5398871 -0.4780821 0.6927911 0.5006403 -0.4923626 0.7119961 0.3477843 -0.5358659 0.7693464 0.2909669 -0.5475845 0.7845313 0.1212429 -0.5707126 0.8121498 0.09261757 -0.572795 0.8144494 -0.1680769 -0.5709313 0.8036092 -0.1959466 -0.568449 0.7990436 -0.3628327 -0.5428714 0.7573924 -0.4180317 -0.5303983 0.7375142 -0.6044942 -0.468863 0.6440144 -0.6009036 -0.4703888 0.646258 -0.6884141 -0.4291027 0.584771 -0.7485964 -0.3941439 0.5331549 -0.8233639 -0.3403521 0.4541283 -0.9012398 -0.2639288 0.3436692 -0.9460401 -0.2015082 0.253777 -0.9877839 -0.1043809 0.115706 -0.9955207 -0.06863105 0.06502521 -0.9803172 0.09957921 -0.1704766 -0.973153 0.1188341 -0.1971089 -0.9060071 0.2324399 -0.3537273 -0.8746059 0.2689556 -0.4033949 -0.7555221 0.3701908 -0.5405045 -0.7172781 0.3952901 -0.5738101 -0.5390872 0.4832741 -0.6898052 -0.5418429 0.4812812 -0.689039 -0.3559046 0.5394159 -0.7631268 -0.2634941 0.5594522 -0.7858653 -0.1461941 0.5753515 -0.8047348 -0.06900912 0.5817967 -0.8104013 0.195605 0.5757436 -0.7938879 0.1444078 0.5802665 -0.8015218 -0.3473036 0.540215 -0.7665168 0.908815 0.2562829 -0.3292028 0.8029931 0.3590474 -0.4756964 0.7680112 0.3847749 -0.511964 0.6380985 0.4587414 -0.6183742 0.007113993 0.9999747 9.74465e-5 0.007115364 0.9999747 9.67667e-5 0.007117211 0.9999747 9.58009e-5 0.007121503 0.9999747 9.21335e-5 0.007116734 0.9999747 9.39492e-5 0.007115781 0.9999747 9.64946e-5 0.007115304 0.9999747 9.48469e-5 0.007112741 0.9999748 9.35104e-5 0.007115185 0.9999747 9.6373e-5 0.007110953 0.9999748 9.44237e-5 0.007115483 0.9999747 9.64909e-5 0.00711584 0.9999747 9.66539e-5 0.00711292 0.9999748 9.82936e-5 0.00711739 0.9999747 9.44249e-5 0.007127046 0.9999746 3.17801e-5 0.007117807 0.9999747 9.60494e-5 0.007126688 0.9999747 7.08705e-5 0.007137775 0.9999746 2.00335e-4 0.007116854 0.9999747 9.58082e-5 0.007115602 0.9999747 9.64242e-5 0.007110893 0.9999748 9.41812e-5</float_array>
          <technique_common>
            <accessor source="#Mesh4_Group1_Model-mesh-normals-array" count="75" stride="3">
              <param name="X" type="float"/>
              <param name="Y" type="float"/>
              <param name="Z" type="float"/>
            </accessor>
          </technique_common>
        </source>
        <source id="Mesh4_Group1_Model-mesh-map-0">
          <float_array id="Mesh4_Group1_Model-mesh-map-0-array" count="456">0.98353 -24.1959 1.29185 -24.1937 -12.8075 19.8228 39.6004 -24.34 41.6203 -24.6639 40.8909 -22.7526 34.2225 -5.49656 7.95579 33.082 33.9141 -5.49707 41.2062 0.170901 14.3389 38.3343 14.0877 38.1555 18.6764 40.5793 45.1675 1.9375 18.9307 40.7537 19.65 40.9179 45.6214 1.9237 21.428 38.2795 46.0012 1.90993 21.5465 38.2976 45.6929 1.91057 24.2136 37.9495 22.8184 40.8258 22.5554 40.6649 47.3532 -0.733351 23.8836 40.1931 47.0448 -0.732129 25.4554 38.2469 46.3839 -4.03548 25.7316 38.3841 45.4605 -6.51304 26.3877 36.7765 45.1522 -6.51126 40.1425 -13.526 40.4508 -13.5282 26.8127 31.8621 27.1661 33.7663 26.8749 33.665 42.6517 -11.0269 32.3732 -19.9906 32.6815 -19.9932 25.6871 26.9299 26.4416 28.0044 26.1379 27.9512 34.5882 -18.7317 23.1196 22.8466 22.3966 -24.5897 22.7049 -24.5924 17.2153 20.1738 8.30618 -26.423 17.5181 20.1156 11.2207 -26.4561 18.6884 20.3463 10.9124 -26.4536 10.3799 20.7451 -5.70731 -23.8355 10.6697 20.64 -0.988504 -25.1201 12.9971 20.0701 -1.29683 -25.1179 5.86532 22.6341 -13.8878 -20.3493 4.56247 19.7544 -13.1073 -20.5862 4.85453 19.6016 -13.4156 -20.5845 3.64398 23.9248 1.95783 21.2366 -17.6961 -18.1513 -24.6399 -13.6318 -24.3315 -13.6329 -0.861035 27.1157 -2.94205 28.8193 -3.20399 28.9819 -27.707 -11.1543 -34.2231 -5.89204 -33.9148 -5.89256 -7.84724 33.0374 -8.85263 33.9437 -9.1064 34.1188 -35.4626 -4.61634 -14.3389 38.3343 -41.2062 0.170962 -14.0877 38.1555 -46.0021 2.34472 -45.6938 2.34536 -19.8806 41.0216 -18.669 40.5878 -18.9233 40.7622 -45.053 2.29903 -47.3563 0.04945516 -47.0479 0.05067908 -24.0723 40.2987 -22.5333 40.6813 -22.7962 40.8423 -46.8644 1.238 -45.4662 -5.5258 -45.1578 -5.52401 -26.6057 36.8069 -25.4345 38.2401 -25.7105 38.3776 -46.1693 -3.06551 -27.1612 33.6877 -42.4988 -9.910941 -26.8727 33.5788 -40.1499 -12.4555 -27.0034 31.752 -40.4583 -12.4577 -26.4543 27.7959 -34.5252 -17.6133 -26.1492 27.7498 -32.3813 -18.9136 -25.7952 26.6956 -32.6896 -18.9162 -22.7131 -23.548 -22.8099 22.5352 -23.1183 22.5325 -11.2276 -25.4643 -10.9193 -25.4617 -18.5781 20.0279 -17.1744 19.8277 -17.4771 19.7691 -8.35621 -25.4501 -26.4516 27.8331 -26.453 27.8256 -26.1479 27.7796 -26.8738 33.6204 -27.1649 33.7219 -26.8764 33.6133 8.861391 33.9289 35.363 -4.27864 9.115151 34.104 24.6375 -12.9641 1.04912 27.1076 24.3292 -12.9652 2.97592 28.7489 27.5567 -10.5394 3.2378 28.9116 13.4114 -19.7566 -5.92681 22.36 13.1031 -19.7583 -3.57326 23.7625 17.5687 -17.3362 -3.29865 23.9027 -10.3116 20.4655 -10.6013 20.3599 5.61054 -22.9231 40.8909 -22.7526 40.5827 -22.744 39.7874 -23.1738 40.2827 -22.8154 40.0115 -22.962 39.7874 -23.1738 39.7874 -23.1738 39.6258 -23.4364 39.5377 -23.7318 39.5377 -23.7318 39.529 -24.04 39.6004 -24.34 39.6004 -24.34 39.747 -24.6112 39.9588 -24.8353 39.9588 -24.8353 40.2214 -24.9969 40.5168 -25.085 40.5168 -25.085 40.825 -25.0937 41.6203 -24.6639 41.125 -25.0223 41.3962 -24.8757 41.6203 -24.6639 41.6203 -24.6639 41.7819 -24.4013 41.8073 -23.4977 41.8701 -24.1059 41.8787 -23.7977 41.8073 -23.4977 41.8073 -23.4977 41.6607 -23.2265 41.4489 -23.0024 41.4489 -23.0024 41.1864 -22.8408 40.8909 -22.7526 40.5827 -22.744 40.2827 -22.8154 39.7874 -23.1738 39.7874 -23.1738 39.5377 -23.7318 40.8909 -22.7526 39.6004 -24.34 39.9588 -24.8353 41.6203 -24.6639 40.825 -25.0937 41.125 -25.0223 41.6203 -24.6639 41.7819 -24.4013 41.8701 -24.1059 41.8073 -23.4977 41.8073 -23.4977 41.4489 -23.0024 41.6203 -24.6639 40.8909 -22.7526 39.5377 -23.7318 39.6004 -24.34 39.9588 -24.8353 40.5168 -25.085 41.6203 -24.6639 41.6203 -24.6639 41.4489 -23.0024 40.8909 -22.7526 41.2062 0.170901 41.5145 0.17084 14.3389 38.3343 24.2136 37.9495 47.0636 0.533311 22.8184 40.8258 23.1196 22.8466 22.8112 22.8493 22.3966 -24.5897 3.64398 23.9248 3.36922 24.0647 1.95783 21.2366 -14.3389 38.3343 -41.5145 0.170901 -41.2062 0.170962 -22.7131 -23.548 -22.4047 -23.5453 -22.8099 22.5352</float_array>
          <technique_common>
            <accessor source="#Mesh4_Group1_Model-mesh-map-0-array" count="228" stride="2">
              <param name="S" type="float"/>
              <param name="T" type="float"/>
            </accessor>
          </technique_common>
        </source>
        <vertices id="Mesh4_Group1_Model-mesh-vertices">
          <input semantic="POSITION" source="#Mesh4_Group1_Model-mesh-positions"/>
        </vertices>
        <polylist material="FrontColor-material" count="76">
          <input semantic="VERTEX" source="#Mesh4_Group1_Model-mesh-vertices" offset="0"/>
          <input semantic="NORMAL" source="#Mesh4_Group1_Model-mesh-normals" offset="1"/>
          <input semantic="TEXCOORD" source="#Mesh4_Group1_Model-mesh-map-0" offset="2" set="0"/>
          <vcount>3 3 3 3 3 3 3 3 3 3 3 3 3 3 3 3 3 3 3 3 3 3 3 3 3 3 3 3 3 3 3 3 3 3 3 3 3 3 3 3 3 3 3 3 3 3 3 3 3 3 3 3 3 3 3 3 3 3 3 3 3 3 3 3 3 3 3 3 3 3 3 3 3 3 3 3 </vcount>
          <p>0 0 0 1 1 1 2 2 2 8 3 3 16 4 4 24 5 5 3 6 6 25 7 7 4 8 8 3 6 9 26 9 10 25 7 11 26 9 12 24 10 13 27 11 14 27 11 15 24 10 16 28 12 17 23 13 18 28 12 19 24 10 20 28 12 21 29 14 22 27 11 23 22 15 24 29 14 25 23 13 26 29 14 27 22 15 28 30 16 29 21 17 30 30 16 31 22 15 32 21 17 33 20 18 34 30 16 35 31 19 36 30 16 37 20 18 38 20 18 39 19 20 40 31 19 41 32 21 42 31 19 43 19 20 44 33 22 45 19 20 46 18 23 47 33 22 48 18 23 49 34 24 50 17 25 51 34 24 52 18 23 53 34 24 54 17 25 55 35 26 56 16 27 57 35 26 58 17 25 59 35 26 60 16 27 61 36 28 62 15 29 63 36 28 64 16 27 65 37 30 66 36 28 67 15 29 68 15 29 69 14 31 70 37 30 71 38 32 72 37 30 73 14 31 74 14 31 75 13 33 76 38 32 77 39 34 78 38 32 79 13 33 80 39 34 81 12 35 82 40 36 83 12 35 84 11 37 85 40 36 86 41 38 87 40 36 88 11 37 89 11 37 90 10 39 91 41 38 92 42 40 93 41 38 94 10 39 95 10 39 96 9 41 97 42 40 98 43 42 99 42 40 100 9 41 101 43 42 102 9 41 103 44 43 104 8 44 105 44 43 106 9 41 107 44 43 108 8 44 109 45 45 110 7 46 111 45 45 112 8 44 113 7 46 114 46 47 115 45 45 116 6 48 117 0 0 118 46 47 119 2 2 120 46 47 121 0 0 122 47 49 123 44 43 124 45 45 125 47 49 126 43 42 127 44 43 128 48 50 129 4 8 130 25 7 131 4 8 132 48 50 133 5 51 134 49 52 135 5 51 136 48 50 137 5 51 138 49 52 139 1 1 140 50 53 141 1 1 142 49 52 143 50 53 144 2 2 145 1 1 146 24 5 147 3 54 148 1 55 149 4 56 150 5 57 151 1 55 152 1 55 153 0 58 154 6 59 155 6 59 156 7 60 157 8 3 158 8 3 159 9 61 160 10 62 161 10 62 162 11 63 163 12 64 164 12 64 165 13 65 166 16 4 167 14 66 168 15 67 169 16 4 170 16 4 171 17 68 172 20 69 173 18 70 174 19 71 175 20 69 176 20 69 177 21 72 178 22 73 179 22 73 180 23 74 181 24 5 182 3 54 183 4 56 184 1 55 185 1 55 186 6 59 187 24 5 188 8 3 189 10 62 190 16 4 191 13 65 192 14 66 193 16 4 194 17 68 195 18 70 196 20 69 197 20 69 198 22 73 199 16 4 200 24 5 201 6 59 202 8 3 203 10 62 204 12 64 205 16 4 206 16 4 207 22 73 208 24 5 209 3 6 210 24 10 211 26 9 212 28 12 213 23 13 214 29 14 215 33 22 216 32 21 217 19 20 218 37 30 219 35 26 220 36 28 221 39 34 222 13 33 223 12 35 224 7 46 225 6 48 226 46 47 227</p>
        </polylist>
      </mesh>
    </geometry>
    <geometry id="Mesh3_Group1_Model-mesh" name="Mesh3 Group1 Model">
      <mesh>
        <source id="Mesh3_Group1_Model-mesh-positions">
          <float_array id="Mesh3_Group1_Model-mesh-positions-array" count="147">0.54777 0.04592877 0.307903 0.554619 0.04509967 0.311609 0.01836866 0.914719 -0.02175378 0.5071 0.03886818 0.339464 0.509257 0.03722465 0.346811 0.51329 0.03575897 0.353363 0.518923 0.03457117 0.358672 0.525772 0.03374207 0.362378 0.533371 0.03332817 0.364228 0.541201 0.03335779 0.364096 0.54873 0.03382885 0.36199 0.555443 0.03470927 0.358055 0.560884 0.03593897 0.352558 0.564682 0.03743427 0.345874 0.566577 0.03909319 0.338459 0.566442 0.04080259 0.330817 0.564284 0.04244619 0.32347 0.560252 0.04391187 0.316919 0.540171 0.04634255 0.306053 0.53234 0.04631298 0.306185 0.524812 0.04584199 0.308291 0.518098 0.04496157 0.312226 0.512657 0.04373186 0.317723 0.50886 0.04223656 0.324407 0.506964 0.04057765 0.331823 -0.02014344 0.906015 0.01715427 -0.02097505 0.902842 0.01004254 -0.01993268 0.900462 0.002654492 -0.02002799 0.900619 0.00259304 -0.01736664 0.899498 -0.004686534 -0.01317268 0.899554 -0.01130014 -0.007731616 0.900783 -0.01679718 -0.001414418 0.903103 -0.02080279 0.005348384 0.906355 -0.02304416 0.01209604 0.910317 -0.02336859 -0.01758974 0.909921 0.02344357 -0.01348817 0.914294 0.0284819 -0.008118093 0.918837 0.03192567 -0.001845479 0.923239 0.03354048 0.004902184 0.927201 0.03321605 0.01166504 0.930453 0.03097468 0.0179823 0.932773 0.02696907 0.02342325 0.934002 0.02147209 0.02761727 0.934058 0.01485848 0.03027856 0.932936 0.00757879 0.03122568 0.930714 1.29324e-4 0.03039407 0.927541 -0.006982386 0.02784037 0.923635 -0.01327168 0.0237388 0.919262 -0.01830995</float_array>
          <technique_common>
            <accessor source="#Mesh3_Group1_Model-mesh-positions-array" count="49" stride="3">
              <param name="X" type="float"/>
              <param name="Y" type="float"/>
              <param name="Z" type="float"/>
            </accessor>
          </technique_common>
        </source>
        <source id="Mesh3_Group1_Model-mesh-normals">
          <float_array id="Mesh3_Group1_Model-mesh-normals-array" count="219">-0.3463681 0.1412855 0.9273983 -0.5729584 -0.03869575 0.8186706 -0.451802 0.06212747 0.8899524 8.37481e-6 0.9758786 0.2183139 -2.63662e-6 0.9758787 0.218314 -8.02473e-6 0.9758787 0.2183135 0.8488715 0.3760102 -0.3715287 0.8664463 0.4867287 -0.1112037 0.8580168 0.4012864 -0.3205879 0.8624973 0.5016248 -0.06686514 0.8226177 0.55346 0.1303163 0.8230105 0.5527701 0.1307634 0.8374578 0.5402348 0.08252745 0.7384828 0.5826533 0.33935 0.7360364 0.5832993 0.3435291 0.6184436 0.5824509 0.5275211 0.6056394 0.581107 0.5436136 0.4089691 0.5351374 0.73917 0.4507858 0.5478944 0.7047014 0.3052084 0.4989423 0.8111131 0.213796 0.4614049 0.8610441 0.1103874 0.4139295 0.9035912 -0.001807987 0.356172 0.9344187 -0.1096987 0.2953041 0.9490846 -0.2287159 0.2213062 0.9480046 0.7866957 0.2679853 -0.556142 0.7762458 0.2535821 -0.5771815 0.5730583 0.0397917 -0.8185481 0.5921138 0.05663502 -0.8038617 0.4148443 -0.08815526 -0.9056119 0.3697185 -0.1206067 -0.921283 0.1839594 -0.2436571 -0.9522553 0.1501041 -0.2634152 -0.952933 -0.03699153 -0.3667578 -0.9295808 -0.06882363 -0.3821026 -0.9215536 -0.23755 -0.4587488 -0.856224 -0.276405 -0.473994 -0.8360203 -0.4152642 -0.5231003 -0.7442593 -0.4317477 -0.5279953 -0.7313104 -0.6260315 -0.5707448 -0.5313521 -0.5916395 -0.5658037 -0.5743075 -0.7008548 -0.5752903 -0.421715 -0.7533265 -0.5716251 -0.3251829 -0.8014152 -0.5591157 -0.212423 -0.8384106 -0.5373045 -0.09149628 -0.8614804 -0.5069754 0.02876621 -0.8709071 -0.4646099 0.1601824 -0.8632091 -0.4105787 0.2937607 -0.8395078 -0.3520874 0.4138371 -0.7868961 -0.2671793 0.5562461 -0.7571709 -0.2285685 0.6119223 -0.6204789 -0.08248752 0.7798729 -2.74243e-5 0.9758763 0.2183247 8.18787e-6 0.9758788 0.2183129 3.67509e-5 0.9758832 0.2182934 7.33113e-5 0.9758906 0.2182605 3.66668e-6 0.9758786 0.2183139 -1.86512e-7 0.9758782 0.2183158 -9.16442e-6 0.9758866 0.2182782 -3.63409e-6 0.9758782 0.2183157 -4.40039e-5 0.9758893 0.2182667 -3.33439e-7 0.9758771 0.2183206 3.66562e-5 0.9758753 0.2183287 1.0262e-4 0.9758831 0.2182939 2.75403e-5 0.9758814 0.2183017 -9.53304e-5 0.9758607 0.2183946 -1.64997e-5 0.9758731 0.2183387 -1.03267e-6 0.97588 0.2183076 -1.09956e-5 0.9759005 0.218216 -1.65044e-6 0.9758803 0.2183063 -4.39906e-5 0.9758864 0.2182793 -6.77424e-6 0.9758783 0.2183154 -2.51725e-5 0.9758828 0.2182949</float_array>
          <technique_common>
            <accessor source="#Mesh3_Group1_Model-mesh-normals-array" count="73" stride="3">
              <param name="X" type="float"/>
              <param name="Y" type="float"/>
              <param name="Z" type="float"/>
            </accessor>
          </technique_common>
        </source>
        <source id="Mesh3_Group1_Model-mesh-map-0">
          <float_array id="Mesh3_Group1_Model-mesh-map-0-array" count="432">39.266 3.19565 39.5726 3.16297 14.7663 37.4383 46.4511 1.38685 45.9803 2.47005 44.1041 1.65457 -6.81407 -19.1012 -6.51461 -19.0278 9.5091 19.7105 5.86339 21.4754 5.5874 21.6129 -13.0097 -15.9579 6.65671 -22.3927 6.95436 -22.3122 16.8359 18.2746 13.048 18.4738 12.7595 18.5828 -0.93357 -20.8816 13.0963 18.6625 12.8052 18.764 13.0937 18.6554 19.5968 18.7033 19.5954 18.6958 19.9004 18.6498 19.8883 18.5176 19.5832 18.5638 12.4738 -22.4849 18.5774 -21.7309 18.8751 -21.6507 22.2986 19.8682 28.2337 -18.3097 28.5334 -18.2372 25.8324 23.2885 25.2006 21.9157 24.8922 21.913 25.4743 -19.6963 35.5855 -13.3325 27.966 27.5781 27.6633 27.5194 40.8159 -7.68777 41.1215 -7.64703 28.0229 31.9099 28.0067 33.4867 27.7171 33.3809 42.3896 -5.61969 44.034 -2.104 44.3416 -2.0831 27.0147 35.9292 25.9237 37.8814 25.6491 37.741 45.0723 0.755913 45.1331 2.53692 45.4414 2.53817 24.5877 38.908 22.4597 39.8488 22.1979 39.686 44.7423 4.3392 43.7384 4.88253 44.0463 4.8658 20.5674 39.8188 18.1131 39.2147 17.8593 39.0396 42.1504 4.64596 -0.980108 26.2947 -1.24303 26.4558 -23.1082 -9.52623 -20.204 -11.8818 -19.9019 -11.8204 1.00097 24.729 -7.48384 31.7406 -31.2215 -3.28183 -7.22954 31.5663 -39.2028 2.6027 -14.5883 37.2734 -39.5093 2.57003 -13.121 36.2725 -37.8394 1.42524 -12.8699 36.0936 -43.6805 3.82505 -20.2746 39.5671 -43.9884 3.80834 -18.1597 39.159 -42.4153 3.76567 -17.9059 38.9839 -45.1384 1.23788 -24.2707 38.7287 -45.4467 1.23913 -22.5307 39.7833 -45.0994 3.11532 -22.2687 39.6208 -44.1247 -3.48104 -26.7544 35.9164 -44.4323 -3.46028 -25.9872 37.8665 -45.4357 -0.666288 -25.7123 37.7267 -40.9807 -9.05017 -27.8734 32.0742 -41.2864 -9.0098 -28.0294 33.6018 -42.6824 -7.05586 -27.7395 33.4967 -35.7947 -14.6247 -27.9514 27.8763 -36.0975 -14.5666 -28.4565 -19.4919 -25.9499 23.6529 -28.7563 -19.42 -25.1986 22.3548 -25.6414 -20.8056 -24.8903 22.3521 -18.7944 -22.7766 -22.5239 20.2246 -19.0923 -22.6971 -19.9334 18.9535 -12.6029 -23.4747 -19.6297 19.0068 -6.85836 -23.2924 -17.1214 18.5233 -7.15614 -23.2125 -13.1248 18.7819 0.871386 -21.7782 -12.8336 18.8832 6.64673 -19.8381 -9.78416 19.7983 6.34722 -19.7649 -5.91347 21.6139 13.0411 -16.6751 -5.63737 21.7512 20.1091 -12.3546 -1.17431 24.6907 19.8069 -12.2932 0.965131 26.3261 23.1685 -9.93592 1.22808 26.4871 7.48384 31.7406 31.2215 -3.28183 31.5262 -3.32919 13.1065 36.2931 12.8553 36.1142 37.7134 1.87648 44.1041 1.65457 44.1095 1.34629 44.575 0.571364 44.1944 1.04989 44.3532 0.785578 44.575 0.571364 44.575 0.571364 44.8446 0.421847 45.1438 0.347215 45.1438 0.347215 45.4521 0.352555 45.7484 0.437503 45.7484 0.437503 46.0128 0.596269 46.227 0.818034 46.227 0.818034 46.3765 1.08768 46.4511 1.38685 46.4511 1.38685 46.4458 1.69513 46.3608 1.99153 46.3608 1.99153 46.2021 2.25584 45.9803 2.47005 45.9803 2.47005 45.7107 2.61957 45.4115 2.6942 45.4115 2.6942 45.1032 2.68886 44.8068 2.60391 44.8068 2.60391 44.5425 2.44515 44.3283 2.22338 44.3283 2.22338 44.1788 1.95373 44.8068 2.60391 44.1095 1.34629 44.1944 1.04989 44.575 0.571364 44.575 0.571364 45.1438 0.347215 44.1041 1.65457 45.7484 0.437503 46.227 0.818034 46.4511 1.38685 46.4511 1.38685 46.3608 1.99153 45.9803 2.47005 45.9803 2.47005 45.4115 2.6942 44.1041 1.65457 44.8068 2.60391 44.1788 1.95373 44.1041 1.65457 44.1041 1.65457 45.1438 0.347215 45.7484 0.437503 45.7484 0.437503 46.4511 1.38685 44.1041 1.65457 45.4115 2.6942 44.8068 2.60391 44.1041 1.65457 35.5855 -13.3325 35.8882 -13.2738 27.966 27.5781 -7.48384 31.7406 -31.5262 -3.32919 -31.2215 -3.28183 -35.7947 -14.6247 -27.6486 27.8181 -27.9514 27.8763 7.48384 31.7406 7.22954 31.5663 31.2215 -3.28183</float_array>
          <technique_common>
            <accessor source="#Mesh3_Group1_Model-mesh-map-0-array" count="216" stride="2">
              <param name="S" type="float"/>
              <param name="T" type="float"/>
            </accessor>
          </technique_common>
        </source>
        <vertices id="Mesh3_Group1_Model-mesh-vertices">
          <input semantic="POSITION" source="#Mesh3_Group1_Model-mesh-positions"/>
        </vertices>
        <polylist material="FrontColor-material" count="72">
          <input semantic="VERTEX" source="#Mesh3_Group1_Model-mesh-vertices" offset="0"/>
          <input semantic="NORMAL" source="#Mesh3_Group1_Model-mesh-normals" offset="1"/>
          <input semantic="TEXCOORD" source="#Mesh3_Group1_Model-mesh-map-0" offset="2" set="0"/>
          <vcount>3 3 3 3 3 3 3 3 3 3 3 3 3 3 3 3 3 3 3 3 3 3 3 3 3 3 3 3 3 3 3 3 3 3 3 3 3 3 3 3 3 3 3 3 3 3 3 3 3 3 3 3 3 3 3 3 3 3 3 3 3 3 3 3 3 3 3 3 3 3 3 3 </vcount>
          <p>0 0 0 1 1 1 2 2 2 14 3 3 1 4 4 24 5 5 4 6 6 3 7 7 25 8 8 26 9 9 25 8 10 3 7 11 3 7 12 24 10 13 26 9 14 27 11 15 26 9 16 24 10 17 28 12 18 26 9 19 27 11 20 28 12 21 27 11 22 29 13 23 29 13 24 27 11 25 23 14 26 24 10 27 23 14 28 27 11 29 23 14 30 22 15 31 29 13 32 30 16 33 29 13 34 22 15 35 22 15 36 31 17 37 30 16 38 21 18 39 20 19 40 31 17 41 32 20 42 31 17 43 20 19 44 20 19 45 19 21 46 32 20 47 33 22 48 32 20 49 19 21 50 19 21 51 18 23 52 33 22 53 34 24 54 33 22 55 18 23 56 18 23 57 0 0 58 34 24 59 2 2 60 34 24 61 0 0 62 25 8 63 35 25 64 4 6 65 5 26 66 4 6 67 35 25 68 36 27 69 5 26 70 35 25 71 6 28 72 36 27 73 7 29 74 37 30 75 7 29 76 36 27 77 7 29 78 37 30 79 8 31 80 38 32 81 8 31 82 37 30 83 8 31 84 38 32 85 9 33 86 39 34 87 9 33 88 38 32 89 9 33 90 39 34 91 10 35 92 40 36 93 10 35 94 39 34 95 10 35 96 40 36 97 11 37 98 41 38 99 11 37 100 40 36 101 11 37 102 42 39 103 12 40 104 12 40 105 42 39 106 13 41 107 43 42 108 13 41 109 42 39 110 13 41 111 43 42 112 14 43 113 44 44 114 14 43 115 43 42 116 14 43 117 44 44 118 15 45 119 45 46 120 15 45 121 44 44 122 15 45 123 45 46 124 16 47 125 46 48 126 16 47 127 45 46 128 16 47 129 46 48 130 17 49 131 47 50 132 17 49 133 46 48 134 47 50 135 1 1 136 17 49 137 48 51 138 2 2 139 1 1 140 24 5 141 3 52 142 6 53 143 4 54 144 5 55 145 6 53 146 6 53 147 7 56 148 8 57 149 8 57 150 9 58 151 10 59 152 10 59 153 11 60 154 12 61 155 12 61 156 13 62 157 14 3 158 14 3 159 15 63 160 16 64 161 16 64 162 17 65 163 1 4 164 1 4 165 0 66 166 18 67 167 18 67 168 19 68 169 20 69 170 20 69 171 21 70 172 22 71 173 22 71 174 23 72 175 20 69 176 3 52 177 4 54 178 6 53 179 6 53 180 8 57 181 24 5 182 10 59 183 12 61 184 14 3 185 14 3 186 16 64 187 1 4 188 1 4 189 18 67 190 24 5 191 20 69 192 23 72 193 24 5 194 24 5 195 8 57 196 10 59 197 10 59 198 14 3 199 24 5 200 18 67 201 20 69 202 24 5 203 22 15 204 21 18 205 31 17 206 36 27 207 6 28 208 5 26 209 11 37 210 41 38 211 42 39 212 47 50 213 48 51 214 1 1 215</p>
        </polylist>
      </mesh>
    </geometry>
    <geometry id="Mesh5_Group1_Model-mesh" name="Mesh5 Group1 Model">
      <mesh>
        <source id="Mesh5_Group1_Model-mesh-positions">
          <float_array id="Mesh5_Group1_Model-mesh-positions-array" count="153">-0.554303 0.02443999 0.256194 -0.005204141 0.912991 0.02874988 -0.553281 0.02443999 0.24843 -0.007346332 0.916055 0.03563129 -0.5573 0.02443999 0.26343 -0.01106697 0.919809 0.0414108 -0.562068 0.02443999 0.269643 -0.568281 0.02443999 0.27441 -0.609262 0.02443999 0.26343 -0.604494 0.02443999 0.269643 -0.598281 0.02443999 0.27441 -0.591046 0.02443999 0.277407 -0.583281 0.02443999 0.27843 -0.575516 0.02443999 0.277407 -0.554303 0.02443999 0.240665 -0.5573 0.02443999 0.23343 -0.562068 0.02443999 0.227216 -0.568281 0.02443999 0.222449 -0.575516 0.02443999 0.219452 -0.583281 0.02443999 0.21843 -0.591046 0.02443999 0.219452 -0.598281 0.02443999 0.222449 -0.604494 0.02443999 0.227216 -0.609262 0.02443999 0.23343 -0.612259 0.02443999 0.240665 -0.613281 0.02443999 0.24843 -0.612259 0.02443999 0.256194 -0.04744297 0.9415 0.03890454 -0.05189758 0.942622 0.03256177 -0.05489456 0.942622 0.02532637 -0.05622977 0.9415 0.01769137 -0.055812 0.939333 0.01017719 -0.05366975 0.936268 0.003295838 -0.04994904 0.932515 -0.002483665 -0.04490357 0.928329 -0.006767511 -0.03887706 0.923995 -0.009263813 -0.03228014 0.919809 -0.009802341 -0.02556258 0.916055 -0.008346498 -0.01918184 0.912991 -0.004995405 -0.01993268 0.900462 0.002654492 -0.009118497 0.909702 0.006365299 -0.006121456 0.909702 0.01360064 -0.004786372 0.910824 0.0212357 -0.01357316 0.910824 2.25002e-5 -0.04183417 0.939333 0.0439226 -0.0470373 0.930773 0.04608625 -0.03545355 0.936268 0.04727357 -0.02873587 0.932515 0.04872947 -0.02213907 0.928329 0.04819095 -0.0161125 0.923995 0.04569464 -0.03537738 0.892617 0.05366265</float_array>
          <technique_common>
            <accessor source="#Mesh5_Group1_Model-mesh-positions-array" count="51" stride="3">
              <param name="X" type="float"/>
              <param name="Y" type="float"/>
              <param name="Z" type="float"/>
            </accessor>
          </technique_common>
        </source>
        <source id="Mesh5_Group1_Model-mesh-normals">
          <float_array id="Mesh5_Group1_Model-mesh-normals-array" count="216">-0.8442322 0.4449515 -0.2988149 -0.8514246 0.4636266 -0.2452076 -0.8559637 0.5130802 -0.06383597 -0.7971321 0.370045 -0.4771239 -0.7767376 0.3440726 -0.5275345 -0.6663052 0.2293879 -0.7095201 -0.6837368 0.2456074 -0.6871544 -0.5215986 0.1050338 -0.8467012 0 1 0 0 1 0 0 1 0 0.5627788 -0.5064379 -0.6532999 0.700814 -0.5421521 -0.4636065 0.6032853 -0.5188412 -0.605682 0.7155985 -0.5444269 -0.437628 0.8095371 -0.5457891 -0.21625 0.8520253 -0.5230275 -0.02225714 0.8233724 -0.5421555 -0.1677063 0.8604886 -0.5036572 0.07673907 0.8574874 -0.4668251 0.216309 0.8426553 -0.4317827 0.321708 0.8074055 -0.3772104 0.4536615 0.7666163 -0.3280582 0.5519758 0.6666309 -0.2274785 0.7098287 0.6486026 -0.2111134 0.7312632 0.5224354 -0.1051951 0.8461651 0.4973423 -0.08555263 0.8633258 0.2287586 0.1057773 0.9677194 0.2789645 0.07223242 0.957581 0.08253043 0.1980535 0.9767106 -0.01620012 0.2565511 0.9663949 -0.1507502 0.3307816 0.931589 -0.2490557 0.3813386 0.890254 -0.3935203 0.4476654 0.8029556 -0.4500287 0.4723407 0.757871 -0.5565562 0.5105515 0.6554254 -0.6158673 0.5305485 0.5824311 -0.6846332 0.546379 0.4824391 -0.7210296 0.553424 0.416939 -0.8188514 0.5494966 0.1659395 -0.810817 0.551999 0.1946099 -0.8506523 0.5257198 -0.003062129 -0.5645831 0.5111183 0.6480772 0.4315684 -0.4584694 -0.7768877 0.4231181 -0.4548628 -0.7836269 0.3871975 -0.439886 -0.8102952 0.227708 -0.3665196 -0.9021156 0.1769816 -0.3410806 -0.9232235 0.002648472 -0.2466428 -0.9691029 -0.0589556 -0.2109465 -0.9757182 -0.228855 -0.1050677 -0.9677739 -0.2594792 -0.0850982 -0.9619922 -0.4797053 0.07247161 -0.8744316 -0.4798504 0.07224625 -0.8743708 0 1 0 0 1 -9.16369e-7 0 1 0 0 1 5.88594e-7 0 1 0 0 1 5.88606e-7 0 1 0 0 1 0 0 1 0 0 1 9.16772e-7 0 1 0 0 1 -5.88606e-7 0 1 0 0 1 0 0 1 -1.19377e-6 0 1 9.16799e-7 0 1 0 0 1 0</float_array>
          <technique_common>
            <accessor source="#Mesh5_Group1_Model-mesh-normals-array" count="72" stride="3">
              <param name="X" type="float"/>
              <param name="Y" type="float"/>
              <param name="Z" type="float"/>
            </accessor>
          </technique_common>
        </source>
        <source id="Mesh5_Group1_Model-mesh-map-0">
          <float_array id="Mesh5_Group1_Model-mesh-map-0-array" count="456">-4.52 1.94906 -16.2196 42.3768 -4.82833 1.94906 -22.8399 39.2151 -4.84529 1.16936 -22.5609 39.3463 -4.5098 1.34273 -21.0813 40.1607 -4.81813 1.34273 -25.5529 37.4518 -4.42651 0.912444 -25.2857 37.6056 -4.18175 0.966093 -24.5163 38.1204 -4.49008 0.966093 -3.86654 0.929094 -3.55821 0.929094 -26.5467 36.6998 2.01627 3.72384 1.48679 5.69986 0.875411 3.41815 2.74373 2.40962 3.05206 2.40962 -3.40015 45.18 -4.32595 45.1179 -4.62984 45.0658 2.92538 2.47644 3.91415 1.95096 3.60582 45.2045 3.60582 1.95096 4.21167 1.36625 4.52 1.36625 10.359 44.1808 11.7921 43.8476 11.4882 43.8997 4.54354 1.25053 4.52 0.783566 4.82833 0.783566 16.3891 42.3308 18.2471 41.5838 17.9545 41.6809 4.76415 0.621873 4.5098 0.354675 4.81813 0.354675 21.277 40.0855 22.8103 39.2405 22.5312 39.3715 4.63511 0.267025 4.18175 0.235678 4.49008 0.235678 24.6857 38.0359 25.5433 37.4652 25.2761 37.6189 4.25282 0.272599 26.4469 36.7471 3.38472 0.626352 26.7064 36.5806 3.86654 0.534851 26.6446 36.6406 3.55821 0.534851 26.2632 36.8267 2.99002 1.24051 26.5201 36.6561 24.8092 37.7948 1.84415 2.0103 25.0687 37.6283 1.92023 2.16314 24.6004 37.9339 1.6119 2.16314 22.0262 39.4869 0.862396 2.79862 22.2934 39.3331 0.730093 3.02748 21.026 40.0346 0.421763 3.02748 17.7481 41.6191 -0.270303 3.45124 18.0271 41.4879 -0.499295 3.61622 16.0465 42.3141 -0.807625 3.61622 11.9443 43.6888 -1.49856 3.80681 12.0809 43.1265 -1.68415 3.83633 9.867031 43.7085 -1.99248 3.83633 4.09739 44.6712 -2.83863 3.7431 4.48286 45.1029 -2.74373 3.69525 3.30232 45.2147 -3.05206 3.69525 -3.60582 3.26131 -3.91415 45.2186 -3.91415 3.26131 -11.8331 43.8413 -4.66177 2.50133 -11.5293 43.8936 -4.21167 2.63694 -10.2612 44.2004 -4.52 2.63694 -18.2953 41.5588 -4.95746 1.7314 -18.0027 41.6562 4.35019 45.1225 4.26714 44.6398 4.65406 45.0702 12.0895 43.6198 11.7969 43.717 11.9351 43.155 -11.7643 43.7169 -12.057 43.6199 1.72977 2.66869 1.99249 2.6452 -10.0613 43.7193 1.68416 2.6452 -17.9925 41.4855 -17.5433 41.2506 -17.7134 41.6165 0.499295 2.60057 0.807625 2.60057 -16.2421 42.2111 -22.0092 39.4871 -22.2765 39.3334 -0.681262 2.14563 -0.730093 2.27716 -0.421763 2.27716 -21.1954 39.9301 -24.8064 37.7945 -25.0659 37.628 -1.74426 1.67374 -1.92023 1.76272 -1.6119 1.76272 -24.6983 37.8685 -26.5211 36.6554 -25.7003 35.4201 -26.2642 36.826 -26.7085 36.5756 -25.648 35.494 -26.4491 36.7422 0.04024505 4.25332 0.1582379 3.96846 0.345937 3.72384 0.345937 3.72384 0.590551 3.53614 0.04024505 4.25332 0.875411 3.41815 1.1811 3.3779 1.48679 3.41815 1.48679 3.41815 1.77165 3.53614 0.875411 3.41815 2.01627 3.72384 2.20397 3.96846 2.32196 4.25332 2.32196 4.25332 2.3622 4.55901 2.01627 3.72384 2.32196 4.8647 2.20397 5.14956 2.01627 5.39417 2.01627 5.39417 1.77165 5.58187 2.32196 4.8647 1.48679 5.69986 1.1811 5.74011 0.345937 5.39417 0.875411 5.69986 0.590551 5.58187 0.345937 5.39417 0.345937 5.39417 0.1582379 5.14956 0.04024505 4.8647 0.04024505 4.8647 0 4.55901 0.345937 5.39417 0.04024505 4.25332 0.590551 3.53614 0.875411 3.41815 0.875411 3.41815 1.77165 3.53614 2.01627 3.72384 2.01627 3.72384 2.3622 4.55901 2.32196 4.8647 2.32196 4.8647 1.77165 5.58187 1.48679 5.69986 1.1811 5.74011 0.875411 5.69986 0.345937 5.39417 0.345937 5.39417 0 4.55901 0.04024505 4.25332 0.04024505 4.25332 0.875411 3.41815 1.48679 5.69986 2.01627 3.72384 2.32196 4.8647 1.48679 5.69986 1.48679 5.69986 0.345937 5.39417 0.04024505 4.25332 3.91415 1.95096 3.91415 45.2045 3.60582 45.2045 26.2632 36.8267 2.68169 1.24051 2.99002 1.24051 -3.60582 3.26131 -3.60582 45.2186 -3.91415 45.2186 1.99249 2.6452 -10.172 44.1073 -10.0613 43.7193 -17.9925 41.4855 0.490889 2.5233 -17.5433 41.2506 -2.68269 1.23986 -26.2642 36.826 -25.7003 35.4201 -25.7003 35.4201 -2.99102 1.23986 -2.68269 1.23986 -26.7085 36.5756 -3.48109 0.959558 -25.648 35.494</float_array>
          <technique_common>
            <accessor source="#Mesh5_Group1_Model-mesh-map-0-array" count="228" stride="2">
              <param name="S" type="float"/>
              <param name="T" type="float"/>
            </accessor>
          </technique_common>
        </source>
        <vertices id="Mesh5_Group1_Model-mesh-vertices">
          <input semantic="POSITION" source="#Mesh5_Group1_Model-mesh-positions"/>
        </vertices>
        <polylist material="FrontColor-material" count="76">
          <input semantic="VERTEX" source="#Mesh5_Group1_Model-mesh-vertices" offset="0"/>
          <input semantic="NORMAL" source="#Mesh5_Group1_Model-mesh-normals" offset="1"/>
          <input semantic="TEXCOORD" source="#Mesh5_Group1_Model-mesh-map-0" offset="2" set="0"/>
          <vcount>3 3 3 3 3 3 3 3 3 3 3 3 3 3 3 3 3 3 3 3 3 3 3 3 3 3 3 3 3 3 3 3 3 3 3 3 3 3 3 3 3 3 3 3 3 3 3 3 3 3 3 3 3 3 3 3 3 3 3 3 3 3 3 3 3 3 3 3 3 3 3 3 3 3 3 3 </vcount>
          <p>0 0 0 1 1 1 2 2 2 1 1 3 0 0 4 3 3 5 4 4 6 3 3 7 0 0 8 3 3 9 4 4 10 5 5 11 6 6 12 5 5 13 4 4 14 6 6 15 7 7 16 5 5 17 6 8 18 18 9 19 11 10 20 9 11 21 8 12 22 27 13 23 28 14 24 27 13 25 8 12 26 26 15 27 28 14 28 8 12 29 26 15 30 25 16 31 29 17 32 30 18 33 29 17 34 25 16 35 25 16 36 24 19 37 30 18 38 31 20 39 30 18 40 24 19 41 24 19 42 23 21 43 31 20 44 32 22 45 31 20 46 23 21 47 23 21 48 22 23 49 32 22 50 33 24 51 32 22 52 22 23 53 33 24 54 22 23 55 34 25 56 21 26 57 34 25 58 22 23 59 34 25 60 20 27 61 35 28 62 35 28 63 20 27 64 36 29 65 19 30 66 36 29 67 20 27 68 36 29 69 19 30 70 37 31 71 18 32 72 37 31 73 19 30 74 37 31 75 18 32 76 38 33 77 17 34 78 38 33 79 18 32 80 38 33 81 17 34 82 39 35 83 16 36 84 39 35 85 17 34 86 39 35 87 16 36 88 40 37 89 15 38 90 40 37 91 16 36 92 14 39 93 40 37 94 15 38 95 41 40 96 14 39 97 42 41 98 2 2 99 42 41 100 14 39 101 42 41 102 2 2 103 1 1 104 43 42 105 39 35 106 40 37 107 43 42 108 38 33 109 39 35 110 27 13 111 44 43 112 9 11 113 9 11 114 45 44 115 10 45 116 46 46 117 45 44 118 44 43 119 11 47 120 10 45 121 46 46 122 46 46 123 47 48 124 11 47 125 12 49 126 11 47 127 47 48 128 47 48 129 48 50 130 12 49 131 13 51 132 12 49 133 48 50 134 49 52 135 50 53 136 48 50 137 5 5 138 50 53 139 49 52 140 26 54 141 8 55 142 9 56 143 9 56 144 10 57 145 26 54 146 11 10 147 12 58 148 13 58 149 13 58 150 7 59 151 11 10 152 6 8 153 4 55 154 0 60 155 0 60 156 2 61 157 6 8 158 14 62 159 15 63 160 16 64 161 16 64 162 17 65 163 14 62 164 18 9 165 19 66 166 22 67 167 20 68 168 21 58 169 22 67 170 22 67 171 23 69 172 24 70 173 24 70 174 25 71 175 22 67 176 26 54 177 10 57 178 11 10 179 11 10 180 7 59 181 6 8 182 6 8 183 2 61 184 14 62 185 14 62 186 17 65 187 18 9 188 19 66 189 20 68 190 22 67 191 22 67 192 25 71 193 26 54 194 26 54 195 11 10 196 18 9 197 6 8 198 14 62 199 18 9 200 18 9 201 22 67 202 26 54 203 26 15 204 29 17 205 28 14 206 34 25 207 21 26 208 20 27 209 14 39 210 41 40 211 40 37 212 9 11 213 44 43 214 45 44 215 46 46 216 10 45 217 45 44 218 13 51 219 48 50 220 50 53 221 50 53 222 7 7 223 13 51 224 5 5 225 7 7 226 50 53 227</p>
        </polylist>
      </mesh>
    </geometry>
    <geometry id="Mesh1_Group2_Group1_Model-mesh" name="Mesh1 Group2 Group1 Model">
      <mesh>
        <source id="Mesh1_Group2_Group1_Model-mesh-positions">
          <float_array id="Mesh1_Group2_Group1_Model-mesh-positions-array" count="132">-0.194105 1.09497 0.0337432 -0.003101587 1.15866 0.02990019 -0.006976485 1.17103 0.02990019 -0.19798 1.10734 0.0337432 -0.194105 1.08197 0.0337432 -0.003101587 1.14566 0.02990019 -0.194105 1.08197 -0.007158458 -0.003101587 1.14566 -0.01100146 -0.194113 1.08197 -0.007411837 -0.003094136 1.14566 -0.01124387 -0.206705 1.08197 -0.007158458 -0.194105 1.09497 -0.007158458 -0.206705 1.09497 -0.007158458 -0.206701 1.09497 -0.006905078 -0.206701 1.08197 -0.006905078 -0.206705 1.09497 -0.007031738 -0.206705 1.09497 0.0337432 -0.19798 1.10734 -0.007158458 -0.006976485 1.17103 -0.01100146 -0.003101587 1.15866 -0.01100146 0.1964949 1.08197 0.0337432 0.1964949 1.08197 -0.007158458 0.1964949 1.09497 0.0337432 0.200218 1.10739 0.0337432 6.21373e-4 1.17108 0.02990019 0.1964949 1.09497 -0.007158458 0.200218 1.10739 -0.007158458 0.209095 1.09497 0.0337432 0.209091 1.09497 -0.006915986 0.209095 1.08197 0.0337432 0.209091 1.08197 -0.006915986 0.209095 1.08197 -0.007158458 0.209095 1.08197 -0.007037222 0.209095 1.09497 -0.007158458 0.196502 1.09497 -0.007400929 -0.003094136 1.15866 -0.01124387 6.21373e-4 1.17108 -0.01100146 0.196502 1.08197 -0.007400929 -0.003420889 1.15866 -0.02099829 -0.003420889 1.14566 -0.02099829 -0.194113 1.09497 -0.007411837 -0.206705 1.08197 -0.007031738 -0.206705 1.08197 0.0337432 0.209095 1.09497 -0.007037222</float_array>
          <technique_common>
            <accessor source="#Mesh1_Group2_Group1_Model-mesh-positions-array" count="44" stride="3">
              <param name="X" type="float"/>
              <param name="Y" type="float"/>
              <param name="Z" type="float"/>
            </accessor>
          </technique_common>
        </source>
        <source id="Mesh1_Group2_Group1_Model-mesh-normals">
          <float_array id="Mesh1_Group2_Group1_Model-mesh-normals-array" count="381">0.01821416 0.005705595 0.9998179 0.01821398 0.005705654 0.9998179 0.01821398 0.005705654 0.9998179 0.02011597 0 0.9997977 0.02011603 0 0.9997977 0.02011603 0 0.9997977 0.3162341 -0.9486684 -0.00494498 0.3163273 -0.9486501 0 0.3163273 -0.9486502 0 0.3164002 -0.9486128 0.004982769 0.3161317 -0.9486601 -0.0102353 0.3164637 -0.9485577 0.009438812 0 -1 0 0 0 -1 0.02011489 0 0.9997978 0.02011489 0 0.9997977 0 1 9.34651e-5 -0.7074142 0.7067991 -4.08507e-4 -0.4508337 0.8926079 4.15049e-4 0 1 2.20867e-6 0 1 5.16e-7 0 1 2.73114e-6 -0.9542743 -0.2989324 0 -0.9542731 -0.2989364 0 -0.9542726 -0.2989376 0 -0.3163271 0.9486502 0 -0.3163271 0.9486502 0 -0.3163272 0.9486502 0 0.9542756 0.2989284 0 0.9542756 0.2989284 0 0.9542756 0.2989284 0 1 0 0 -0.3039926 -0.9526745 0 -0.304043 -0.9526155 -0.009038448 -0.3039926 -0.9526744 0 -0.01764196 0.005033373 0.9998318 -0.01925015 0 0.9998148 -0.01925033 0 0.9998147 -0.01914292 3.28808e-4 0.9998168 -0.01757007 0.005266726 0.9998318 -0.01756995 0.005266726 0.9998318 0.9578903 -0.2871346 0 0.9578897 -0.2871365 0 0.9578896 -0.2871372 0 0 1 6.8712e-7 0 1 2.94045e-6 0 1 3.63581e-6 1 0 -9.85858e-5 0 -1 5.91536e-7 0 -1 1.38229e-7 0 -1 7.31422e-7 -0.01925009 0 0.9998148 -0.01925015 0 0.9998148 0 1 0 0.3038279 0.9526832 0.009131491 0.3038181 0.9526795 0.009824335 0.3038182 0.9526794 0.009824872 0.01756995 -0.005266666 -0.9998319 0.01757001 -0.005266726 -0.9998318 0.01757001 -0.005266726 -0.9998318 -0.9578903 0.2871343 0 -0.9578903 0.2871343 0 0.303992 0.9526746 0 0.303992 0.9526746 0 0.01924979 0 -0.9998148 0.01925003 0 -0.9998148 0.01924997 0 -0.9998148 -0.303819 -0.952682 -0.009552001 -0.3038279 -0.9526832 -0.009130954 0.9995331 0 0.03055512 0.9995331 0 0.03055542 0.9995331 0 0.03055512 0.9994396 0 -0.03347694 0.9994396 0 -0.03347688 0.9994395 0 -0.03347712 -0.02008366 0 -0.9997984 -0.02008968 0 -0.9997982 -0.02011585 0 -0.9997977 -0.3164626 0.9485548 -0.009758174 -0.3161311 0.9486576 0.01049423 -0.3161308 0.9486575 0.01051038 -0.01821416 -0.005705595 -0.9998179 -0.01821392 -0.005705654 -0.9998179 -0.01821416 -0.005705595 -0.9998179 -0.9994999 0 0.03162348 -0.9994999 0 0.03162372 -0.7071071 -0.7071066 0 -0.4508397 -0.8926051 0 0 0 1 0.9999992 0 -0.001246392 0.9998834 -4.7976e-7 0.01527249 0.9998835 0 0.01526916 0 1 -1.23633e-4 0 1 -1.23939e-4 0 0.9999999 4.79384e-4 0.01821422 0.005705595 0.9998179 0.02011597 0 0.9997977 0 1 8.78035e-5 -0.9542747 -0.2989312 0 0.9542756 0.2989283 0 -0.3039087 -0.95269 -0.004619598 0.9578905 -0.287134 0 -0.01925003 0 0.9998148 0.3038279 0.9526833 0.009130954 0.01756995 -0.005266666 -0.9998318 -0.9578904 0.2871343 0 0.01924997 0 -0.9998148 0.01924979 0 -0.9998148 0.01925003 0 -0.9998147 0.9995331 0 0.03055542 0.9994396 0 -0.03347671 -0.02005702 0 -0.9997988 -0.02005702 0 -0.9997989 -0.02011597 0 -0.9997977 -0.3164629 0.9485546 -0.009774386 -0.01821386 -0.005705654 -0.9998179 -1 0 -9.86123e-5 -1 0 -9.86122e-5 -0.9994999 0 0.03162348 -0.9994893 1.33518e-6 0.03195887 -0.9994892 2.26814e-6 0.03195887 -0.9994893 0 0.03195911 -0.9994893 1.22255e-6 0.03195911 0.9994943 0 0.03179812 0.9999992 -4.18219e-7 -0.001246392 0.9994944 0 0.03179782 0 1 -1.30167e-4</float_array>
          <technique_common>
            <accessor source="#Mesh1_Group2_Group1_Model-mesh-normals-array" count="127" stride="3">
              <param name="X" type="float"/>
              <param name="Y" type="float"/>
              <param name="Z" type="float"/>
            </accessor>
          </technique_common>
        </source>
        <source id="Mesh1_Group2_Group1_Model-mesh-map-0">
          <float_array id="Mesh1_Group2_Group1_Model-mesh-map-0-array" count="576">8.01732 3.01933 0.34345 0.998766 0.495981 0.511751 8.01732 2.50754 0.495963 0.511811 0.495963 0 1.6103 0.470589 0.151297 8.39748 0 0.470589 1.74492 8.40094 1.61924 0.473487 1.75447 8.401241 -0.495744 1.62028 -0.496063 1.6103 0 1.6103 -0.496063 0 0 0.511811 -0.496063 0.511811 0.528355 0.511811 0.03235095 0 0.528355 0 1.59326e-4 1.60033 0 1.6103 0 1.60531 0.496063 0 1.59326e-4 1.60033 0 0 0 0.340121 -1.6103 0.850464 -1.6103 0.340121 -0.151297 8.56872 -1.6103 0.641826 0 0.641826 1.7616 0.48511 0.151297 0.995453 0.151297 0.48511 1.7616 2.50754 0.151297 3.01935 0.151297 2.50754 -0.151297 -6.87423 -1.6103 -15.1227 0 -15.1227 15.8711 0.511811 8.011501 2.50754 15.8711 0 8.012001 3.02084 16.0181 1.00224 8.158551 3.50981 1.6103 5.04836 0 5.55882 0 5.04836 16.3699 1.60075 15.874 0 16.3701 0 1.59926 0 -0.001492083 0.511811 -0.001492083 0 -15.874 0 -16.3699 1.60075 -16.3701 0 -16.3699 1.60075 -16.3701 1.6103 -16.3701 1.60553 15.8401 0 16.3361 0.511811 15.8401 0.511811 -15.874 0.511811 -16.3701 0 -15.874 0 15.8743 1.61985 15.874 1.6103 16.3701 1.6103 2.09455 -14.9134 2.01524 -6.66399 2.00569 -6.66399 -7.98371 3.02932 -15.9898 1.01072 -15.8433 0.521753 -0.151297 5.1939 -1.7616 5.70435 -1.7616 5.1939 1.6103 -14.9581 0.151297 -6.70964 0 -14.9581 -7.98061 2.50754 -15.8402 0.511811 -15.8402 0 -2.09455 -15.069 -2.01524 -6.81956 -2.1041 -15.069 2.01524 2.50754 2.00569 3.01935 2.00569 2.50754 1.50179 3.01935 1.88604 2.50754 1.88604 3.01935 -0.528152 0.511794 -0.528152 -1.7277e-5 -0.03230679 -1.72767e-5 -1.74492 8.56283 -1.61924 0.635378 -1.60927 0.63566 -8.04665 3.02851 -0.37278 1.00795 -7.89412 3.51553 0.495744 1.62028 0 1.6103 0.496063 1.6103 -1.60033 0 -1.60033 0.511811 -1.60531 0.511811 0 1.6103 -1.59326e-4 1.60033 0 1.60531 -1.59326e-4 1.60033 -0.496063 0 0 0 0.496063 0.511811 0 0 0.496063 0 -15.8743 1.61985 -16.3701 1.6103 -15.874 1.6103 1.86023 0 1.85546 0.511811 1.85546 0 16.3701 1.6103 16.3699 1.60075 16.3701 1.60553 15.874 0 16.3701 0.511811 15.874 0.511811 8.01732 3.01933 7.86479 3.50634 0.34345 0.998766 8.01732 2.50754 8.01732 3.01935 0.495963 0.511811 1.6103 0.470589 1.7616 8.39748 0.151297 8.39748 1.74492 8.40094 1.60927 0.473769 1.61924 0.473487 -0.496063 0 0 0 0 0.511811 0.528355 0.511811 0.03235095 0.511811 0.03235095 0 1.59326e-4 1.60033 0.496063 1.6103 0 1.6103 0.496063 0 0.496063 1.6103 1.59326e-4 1.60033 0 0.340121 0 0.850464 -1.6103 0.850464 -0.151297 8.56872 -1.7616 8.56872 -1.6103 0.641826 1.7616 0.48511 1.7616 0.995453 0.151297 0.995453 1.7616 2.50754 1.7616 3.01935 0.151297 3.01935 -0.151297 -6.87423 -1.7616 -6.87423 -1.6103 -15.1227 15.8711 0.511811 8.011501 3.01935 8.011501 2.50754 8.012001 3.02084 15.8716 0.513273 16.0181 1.00224 1.6103 5.04836 1.6103 5.55882 0 5.55882 16.3699 1.60075 15.874 1.6103 15.874 0 1.59926 0 1.59926 0.511811 -0.001492083 0.511811 -15.874 0 -15.874 1.6103 -16.3699 1.60075 -16.3699 1.60075 -15.874 1.6103 -16.3701 1.6103 15.8401 0 16.3361 0 16.3361 0.511811 -15.874 0.511811 -16.3701 0.511811 -16.3701 0 2.09455 -14.9134 2.1041 -14.9134 2.01524 -6.66399 -7.98371 3.02932 -8.130261 3.51829 -15.9898 1.01072 -0.151297 5.1939 -0.151297 5.70435 -1.7616 5.70435 1.6103 -14.9581 1.7616 -6.70964 0.151297 -6.70964 -16.336 0 -15.8402 0 -15.8402 0.511811 -7.98061 2.50754 -7.98061 3.01935 -15.8402 0.511811 -15.8402 0.511811 -16.336 0.511811 -16.336 0 -2.09455 -15.069 -2.00569 -6.81956 -2.01524 -6.81956 2.01524 2.50754 2.01524 3.01935 2.00569 3.01935 1.50179 3.01935 1.50179 2.50754 1.88604 2.50754 -0.528152 0.511794 -8.05011 3.01933 -8.05011 2.50752 -8.05011 2.50752 -0.528152 -1.7277e-5 -0.528152 0.511794 -0.03230679 -1.72767e-5 -0.03230679 0.511794 -0.528152 0.511794 -1.74492 8.56283 -1.75447 8.563131 -1.61924 0.635378 -8.04665 3.02851 -0.525311 0.520937 -0.37278 1.00795 -1.6103 0.511811 -1.6103 0 -1.60531 0 -1.60033 0 0 0 0 0.511811 -1.6103 0.511811 -1.60531 0 -1.60531 0.511811 0 0.511811 -1.60033 0.511811 -1.60033 0 -1.60531 0.511811 -1.60531 0 -1.60033 0 0 1.6103 -0.496063 1.6103 -1.59326e-4 1.60033 -1.60012 0.511811 -1.60511 0.511811 -1.60511 0 -1.60511 0 -1.60012 0 -1.60012 0.511811 -1.59326e-4 1.60033 -0.496063 1.6103 -0.496063 0 0.496063 0.511811 0 0.511811 0 0 1.85068 0 1.85546 0 1.85546 0.511811 1.86023 0 1.86023 0.511811 1.85546 0.511811 1.85546 0.511811 1.85068 0.511811 1.85068 0 16.3701 1.6103 15.874 1.6103 16.3699 1.60075 15.874 0 16.3701 0 16.3701 0.511811</float_array>
          <technique_common>
            <accessor source="#Mesh1_Group2_Group1_Model-mesh-map-0-array" count="288" stride="2">
              <param name="S" type="float"/>
              <param name="T" type="float"/>
            </accessor>
          </technique_common>
        </source>
        <vertices id="Mesh1_Group2_Group1_Model-mesh-vertices">
          <input semantic="POSITION" source="#Mesh1_Group2_Group1_Model-mesh-positions"/>
        </vertices>
        <polylist material="Color_C06-material" count="96">
          <input semantic="VERTEX" source="#Mesh1_Group2_Group1_Model-mesh-vertices" offset="0"/>
          <input semantic="NORMAL" source="#Mesh1_Group2_Group1_Model-mesh-normals" offset="1"/>
          <input semantic="TEXCOORD" source="#Mesh1_Group2_Group1_Model-mesh-map-0" offset="2" set="0"/>
          <vcount>3 3 3 3 3 3 3 3 3 3 3 3 3 3 3 3 3 3 3 3 3 3 3 3 3 3 3 3 3 3 3 3 3 3 3 3 3 3 3 3 3 3 3 3 3 3 3 3 3 3 3 3 3 3 3 3 3 3 3 3 3 3 3 3 3 3 3 3 3 3 3 3 3 3 3 3 3 3 3 3 3 3 3 3 3 3 3 3 3 3 3 3 3 3 3 3 </vcount>
          <p>1 0 0 3 1 1 0 2 2 5 3 3 0 4 4 4 5 5 6 6 6 5 7 7 4 8 8 7 9 9 8 10 10 9 11 11 8 12 12 6 12 13 10 12 14 6 13 15 12 13 16 11 13 17 11 14 18 14 14 19 6 15 20 13 16 21 12 17 22 15 18 23 0 19 24 13 20 25 16 21 26 0 22 27 17 23 28 11 24 29 2 25 30 17 26 31 3 27 32 19 28 33 2 29 34 1 30 35 7 31 36 1 31 37 5 31 38 5 32 39 21 33 40 20 34 41 22 35 42 5 36 43 20 37 44 1 38 45 23 39 46 24 40 47 25 41 48 23 42 49 22 43 50 28 44 51 22 45 52 27 46 53 30 47 54 27 47 55 29 47 56 20 48 57 30 49 58 29 50 59 30 12 60 31 12 61 32 12 62 21 51 63 28 51 64 25 52 65 25 13 66 31 13 67 21 13 68 34 53 69 25 53 70 33 53 71 25 54 72 35 55 73 19 56 74 19 57 75 26 58 76 25 59 77 1 60 78 36 61 79 19 60 80 26 62 81 24 62 82 23 63 83 9 64 84 34 65 85 37 66 86 21 33 87 9 67 88 37 68 89 9 69 90 19 70 91 7 71 92 35 72 93 39 73 94 38 74 95 40 75 96 8 76 97 10 77 98 19 78 99 40 79 100 11 80 101 19 81 102 17 82 103 18 83 104 40 53 105 12 53 106 11 53 107 14 84 108 13 85 109 15 85 110 10 86 111 14 12 112 41 87 113 14 12 114 4 12 115 42 12 116 0 88 117 42 88 118 4 88 119 37 12 120 31 12 121 21 12 122 31 89 123 43 90 124 32 91 125 33 92 126 28 93 127 43 94 128 20 88 129 27 88 130 22 88 131 1 0 132 2 95 133 3 1 134 5 3 135 1 96 136 0 4 137 6 6 138 7 9 139 5 7 140 7 9 141 6 6 142 8 10 143 6 13 144 10 13 145 12 13 146 11 14 147 13 15 148 14 14 149 13 16 150 11 97 151 12 17 152 0 19 153 11 53 154 13 20 155 0 22 156 3 98 157 17 23 158 2 25 159 18 26 160 17 26 161 19 28 162 18 99 163 2 29 164 7 31 165 19 31 166 1 31 167 5 32 168 7 100 169 21 33 170 22 35 171 1 38 172 5 36 173 1 38 174 22 35 175 23 39 176 25 41 177 26 101 178 23 42 179 28 44 180 25 53 181 22 45 182 30 47 183 28 47 184 27 47 185 20 48 186 21 12 187 30 49 188 30 12 189 21 12 190 31 12 191 21 51 192 30 102 193 28 51 194 25 13 195 33 13 196 31 13 197 25 54 198 34 103 199 35 55 200 19 57 201 36 104 202 26 58 203 1 60 204 24 105 205 36 61 206 26 62 207 36 62 208 24 62 209 31 106 210 37 66 211 34 65 212 9 64 213 35 107 214 34 65 215 34 65 216 33 108 217 31 106 218 21 33 219 7 100 220 9 67 221 9 69 222 35 109 223 19 70 224 35 72 225 9 110 226 39 73 227 40 75 228 35 111 229 9 112 230 9 112 231 8 76 232 40 75 233 10 77 234 12 113 235 40 75 236 19 78 237 35 114 238 40 79 239 19 81 240 11 115 241 17 82 242 12 17 243 10 86 244 41 87 245 14 116 246 42 117 247 16 116 248 12 17 249 41 87 250 15 18 251 16 116 252 13 117 253 14 116 254 15 85 255 41 118 256 14 84 257 10 86 258 6 12 259 14 12 260 13 119 261 15 120 262 41 121 263 41 121 264 14 122 265 13 119 266 14 12 267 6 12 268 4 12 269 0 88 270 16 88 271 42 88 272 30 123 273 32 91 274 43 90 275 31 89 276 33 124 277 43 90 278 43 90 279 28 125 280 30 123 281 33 92 282 25 126 283 28 93 284 20 88 285 29 88 286 27 88 287</p>
        </polylist>
      </mesh>
    </geometry>
    <geometry id="Mesh6_Group1_Model-mesh" name="Mesh6 Group1 Model">
      <mesh>
        <source id="Mesh6_Group1_Model-mesh-positions">
          <float_array id="Mesh6_Group1_Model-mesh-positions-array" count="18">0.560884 0.03593897 0.352558 -0.549443 0.02370107 0.210701 -0.612259 0.02443999 0.240665 0.497989 0.03396785 0.310604 0.005426824 -0.006834685 -0.691278 0.002053201 -0.004222273 -0.621378</float_array>
          <technique_common>
            <accessor source="#Mesh6_Group1_Model-mesh-positions-array" count="6" stride="3">
              <param name="X" type="float"/>
              <param name="Y" type="float"/>
              <param name="Z" type="float"/>
            </accessor>
          </technique_common>
        </source>
        <source id="Mesh6_Group1_Model-mesh-normals">
          <float_array id="Mesh6_Group1_Model-mesh-normals-array" count="18">-0.006204605 0.9992719 -0.03764665 -0.006203472 0.9992719 -0.03764641 -0.006203472 0.9992719 -0.03764635 -0.006204545 0.9992719 -0.03764665 -0.006204068 0.9992719 -0.03764629 -0.006204068 0.9992719 -0.03764635</float_array>
          <technique_common>
            <accessor source="#Mesh6_Group1_Model-mesh-normals-array" count="6" stride="3">
              <param name="X" type="float"/>
              <param name="Y" type="float"/>
              <param name="Z" type="float"/>
            </accessor>
          </technique_common>
        </source>
        <source id="Mesh6_Group1_Model-mesh-map-0">
          <float_array id="Mesh6_Group1_Model-mesh-map-0-array" count="36">-45.6864 7.12294 -3.46272 -5.505 -0.830744 -4.74259 -3.46272 -5.505 -45.6864 7.12294 -43.5118 5.08906 -30.7916 -37.0141 -43.5118 5.08906 -45.6864 7.12294 -30.7916 -37.0141 -30.213 -34.3184 -43.5118 5.08906 -30.7916 -37.0141 -3.46272 -5.505 -30.213 -34.3184 -3.46272 -5.505 -30.7916 -37.0141 -0.830744 -4.74259</float_array>
          <technique_common>
            <accessor source="#Mesh6_Group1_Model-mesh-map-0-array" count="18" stride="2">
              <param name="S" type="float"/>
              <param name="T" type="float"/>
            </accessor>
          </technique_common>
        </source>
        <vertices id="Mesh6_Group1_Model-mesh-vertices">
          <input semantic="POSITION" source="#Mesh6_Group1_Model-mesh-positions"/>
        </vertices>
        <polylist material="Color_I12-material" count="6">
          <input semantic="VERTEX" source="#Mesh6_Group1_Model-mesh-vertices" offset="0"/>
          <input semantic="NORMAL" source="#Mesh6_Group1_Model-mesh-normals" offset="1"/>
          <input semantic="TEXCOORD" source="#Mesh6_Group1_Model-mesh-map-0" offset="2" set="0"/>
          <vcount>3 3 3 3 3 3 </vcount>
          <p>0 0 0 1 1 1 2 2 2 1 1 3 0 0 4 3 3 5 4 4 6 3 3 7 0 0 8 4 4 9 5 5 10 3 3 11 4 4 12 1 1 13 5 5 14 1 1 15 4 4 16 2 2 17</p>
        </polylist>
      </mesh>
    </geometry>
  </library_geometries>
  <library_controllers/>
  <library_visual_scenes>
    <visual_scene id="Scene" name="Scene">
      <node id="Camera" name="Camera" type="NODE">
        <matrix sid="transform">0.6859207 -0.3240135 0.6515582 7.481132 0.7276763 0.3054208 -0.6141704 -6.50764 0 0.8953956 0.4452714 5.343665 0 0 0 1</matrix>
        <instance_camera url="#Camera-camera"/>
      </node>
      <node id="Lamp" name="Lamp" type="NODE">
        <matrix sid="transform">-0.2908646 -0.7711008 0.5663932 4.076245 0.9551712 -0.1998834 0.2183912 1.005454 -0.05518906 0.6045247 0.7946723 5.903862 0 0 0 1</matrix>
        <instance_light url="#Lamp-light"/>
      </node>
      <node id="Mesh2_Group1_Model" name="Mesh2_Group1_Model" type="NODE">
        <matrix sid="transform">1 0 0 0 0 -4.37114e-8 -1 0 0 1 -4.37114e-8 0 0 0 0 1</matrix>
        <instance_geometry url="#Mesh2_Group1_Model-mesh" name="Mesh2_Group1_Model">
          <bind_material>
            <technique_common>
              <instance_material symbol="Color_C06-material" target="#Color_C06-material">
                <bind_vertex_input semantic="UVMap" input_semantic="TEXCOORD" input_set="0"/>
              </instance_material>
              <instance_material symbol="FrontColor-material" target="#FrontColor-material">
                <bind_vertex_input semantic="UVMap" input_semantic="TEXCOORD" input_set="0"/>
              </instance_material>
            </technique_common>
          </bind_material>
        </instance_geometry>
      </node>
      <node id="Mesh4_Group1_Model" name="Mesh4_Group1_Model" type="NODE">
        <matrix sid="transform">1 0 0 0 0 -4.37114e-8 -1 0 0 1 -4.37114e-8 0 0 0 0 1</matrix>
        <instance_geometry url="#Mesh4_Group1_Model-mesh" name="Mesh4_Group1_Model">
          <bind_material>
            <technique_common>
              <instance_material symbol="FrontColor-material" target="#FrontColor-material">
                <bind_vertex_input semantic="UVMap" input_semantic="TEXCOORD" input_set="0"/>
              </instance_material>
            </technique_common>
          </bind_material>
        </instance_geometry>
      </node>
      <node id="Mesh3_Group1_Model" name="Mesh3_Group1_Model" type="NODE">
        <matrix sid="transform">1 0 0 0 0 -4.37114e-8 -1 0 0 1 -4.37114e-8 0 0 0 0 1</matrix>
        <instance_geometry url="#Mesh3_Group1_Model-mesh" name="Mesh3_Group1_Model">
          <bind_material>
            <technique_common>
              <instance_material symbol="FrontColor-material" target="#FrontColor-material">
                <bind_vertex_input semantic="UVMap" input_semantic="TEXCOORD" input_set="0"/>
              </instance_material>
            </technique_common>
          </bind_material>
        </instance_geometry>
      </node>
      <node id="Mesh5_Group1_Model" name="Mesh5_Group1_Model" type="NODE">
        <matrix sid="transform">1 0 0 0 0 -4.37114e-8 -1 0 0 1 -4.37114e-8 0 0 0 0 1</matrix>
        <instance_geometry url="#Mesh5_Group1_Model-mesh" name="Mesh5_Group1_Model">
          <bind_material>
            <technique_common>
              <instance_material symbol="FrontColor-material" target="#FrontColor-material">
                <bind_vertex_input semantic="UVMap" input_semantic="TEXCOORD" input_set="0"/>
              </instance_material>
            </technique_common>
          </bind_material>
        </instance_geometry>
      </node>
      <node id="Mesh1_Group2_Group1_Model" name="Mesh1_Group2_Group1_Model" type="NODE">
        <matrix sid="transform">1 0 0 0 0 -4.37114e-8 -1 0 0 1 -4.37114e-8 0 0 0 0 1</matrix>
        <instance_geometry url="#Mesh1_Group2_Group1_Model-mesh" name="Mesh1_Group2_Group1_Model">
          <bind_material>
            <technique_common>
              <instance_material symbol="Color_C06-material" target="#Color_C06-material">
                <bind_vertex_input semantic="UVMap" input_semantic="TEXCOORD" input_set="0"/>
              </instance_material>
            </technique_common>
          </bind_material>
        </instance_geometry>
      </node>
      <node id="Mesh6_Group1_Model" name="Mesh6_Group1_Model" type="NODE">
        <matrix sid="transform">1 0 0 0 0 -4.37114e-8 -1 0 0 1 -4.37114e-8 0 0 0 0 1</matrix>
        <instance_geometry url="#Mesh6_Group1_Model-mesh" name="Mesh6_Group1_Model">
          <bind_material>
            <technique_common>
              <instance_material symbol="Color_I12-material" target="#Color_I12-material">
                <bind_vertex_input semantic="UVMap" input_semantic="TEXCOORD" input_set="0"/>
              </instance_material>
            </technique_common>
          </bind_material>
        </instance_geometry>
      </node>
    </visual_scene>
  </library_visual_scenes>
  <scene>
    <instance_visual_scene url="#Scene"/>
  </scene>
</COLLADA>